:020000040000FA
:10000000684A0020B1290000B1DD00009D290000F0
:100010009D2900009D2900009D2900009D290000C8
:100020000000000000000000000000001D2B000088
:100030009D29000000000000B52A00009D29000055
:10004000B12C0000B12C0000B12C0000B12C00003C
:10005000B12C0000B12C0000B12C0000B12C00002C
:10006000B12C0000B12C0000B12C0000B12C00001C
:10007000B12C0000B12C0000B12C0000B12C00000C
:10008000B12C0000B12C0000B12C0000B12C0000FC
:10009000B12C0000B12C0000B12C0000B12C0000EC
:1000A000B12C0000B12C0000B12C0000B12C0000DC
:1000B000B12C0000B12C0000B12C0000B12C0000CC
:1000C000B12C0000B12C0000B12C0000B12C0000BC
:1000D000B12C0000B12C0000B12C0000B12C0000AC
:1000E000B12C0000B12C0000B12C0000B12C00009C
:1000F000B12C0000B12C0000B12C0000B12C00008C
:10010000B12C0000B12C0000B12C0000B12C00007B
:10011000B12C0000B12C0000B12C0000B12C00006B
:10012000B12C0000B12C0000B12C0000B12C00005B
:10013000B12C0000B12C0000B12C0000B12C00004B
:10014000B12C0000B12C0000B12C0000B12C00003B
:10015000B12C000053B94AB9002908BF00281CBFC0
:100160004FF0FF314FF0FF3000F00CB8ADF1080C4C
:100170006DE904CE00F022F8DDF804E0DDE90223A9
:1001800004B07047704700BF10F8012B11F8013B15
:10019000012A28BF9A42F7D0D01A7047034611F8B7
:1001A000012B03F8012B002AF9D17047034613F8FD
:1001B000012B002AFBD1181A013870472DE9F047AE
:1001C00086468C460846089E154674461946002BFE
:1001D00040F0C1808542B2FA82F245D94AB1C2F1FB
:1001E000200300FA02FC954094402EFA03F343EA00
:1001F0000C0C4FEA154EA8B2230CBCFBFEF80EFB0C
:1002000018CC08FB00F943EA0C43994528D9EB18B0
:1002100008F1FF3704D2994502D9A8F102072B440F
:10022000A3EB0903A4B2B3FBFEFC0EFB1C330CFBD7
:1002300000F044EA0344A04214D92C190CF1FF3316
:1002400004D2A04202D9ACF102032C44241A43EA9E
:1002500007401EB1D440002334607360BDE8F087CE
:100260004746DDE76346F1E792BB431B01214FEAB6
:10027000154EAFB2200CB3FBFEFC0EFB1C330CFB87
:1002800007F840EA0343984561D9EB180CF1FF30B9
:1002900004D2984502D9ACF102002B44A3EB080329
:1002A000A4B2B3FBFEFC0EFB1C330CFB07F744EAC5
:1002B0000344A7424DD92C190CF1FF3304D2A742B5
:1002C00002D9ACF102032C44E41B43EA0040C0E72E
:1002D000C2F120039540944020FA03F12EFA03F373
:1002E0004FEA154E9040AFB20343B1FBFEFC0EFB4C
:1002F0001C10190C0CFB07F841EA0041884522D973
:1003000069180CF1FF3004D2884502D9ACF1020023
:100310002944A1EB08019BB2B1FBFEFC0EFB1C11B2
:100320000CFB07F743EA01439F420ED9EB180CF18F
:10033000FF3104D29F4202D9ACF102012B44DB1BF6
:1003400041EA004193E76046E3E76146F7E760462C
:10035000A4E76346B8E7834206D916B900210846E8
:100360007CE7C6E900E0F9E7B3FA83F78FB9834287
:1003700001D3724508D8BEEB020460EB03030120F1
:100380009C461EB9002169E73846FAE7C6E9004CE9
:10039000F8E7C7F1200CBB400EFA07F522FA0CF47F
:1003A0002EFA0CF1BA401C4320FA0CF3B8404FEA85
:1003B000144901431FFA84FEB3FBF9F809FB183016
:1003C0000B0C08FB0EFA43EA00439A4540D9E318A8
:1003D00008F1FF3004D29A4502D9A8F10200234463
:1003E000A3EB0A0389B2B3FBF9F809FB183308FB46
:1003F0000EFE41EA03418E452CD9611808F1FF3306
:1004000004D28E4502D9A8F10203214443EA0040F8
:10041000A1EB0E01A0FB02984145CE46434602D314
:1004200006D14D4504D20138B9EB020E68EB040346
:10043000002EA7D0B5EB0E0261EB030101FA0CFC14
:1004400022FA07F3F9404CEA0303C6E9003199E7C1
:100450004046C5E74346D9E770B511F1550F04464C
:100460000E4692B034DB6FF00102204B07AD1A70DC
:100470004FF0FF3299705A700268C3F803208288E7
:10048000A3F8072082795A720122194B1A70037857
:10049000032B25D8DFE803F0021E20221549284649
:1004A000FFF77CFE059563781E210493A378124A1A
:1004B0000393E3780AA80293237901936379009365
:1004C000A3790CF049F832460C480AA90CF07BFDE0
:1004D00012B070BD0A49E2E70A49E0E70A49DEE7DF
:1004E0000A212846094A0CF037F8DBE7C12A002028
:1004F000C02A00205C0F01007E0F0100A10F010047
:10050000630F01006A0F0100740F0100C818010099
:100510002DE9F043602300248DB0CDE90444ADF80B
:10052000123030233048ADF8143006940CF04BFDF7
:10053000204604F01DF8054600284CD107468046A9
:100540002A4EDFF8AC90494604A886F8008005F0F2
:1005500005F830B900214FF480400FF0F0FC05F0B1
:100560004DF83378E3B140F6FF23DFF888C0ADF8EB
:100570000830214B07AC0393BCE80F000FC4DCF834
:1005800000300122236002A90023009507A804F08F
:1005900051FC002146F267600FF0D1FC04F058FDD9
:1005A000042107A803F01AF84FF49173079C4FF445
:1005B000004CB4FBF3F2394640F2E73003FB12443F
:1005C0000A344FF47A720023E4FB0C01FFF7C2FDFA
:1005D0000FF0B5FCB7E7014608480CF0F4FC2046E4
:1005E0000DB0BDE8F08300BFBE0F0100C02A00209F
:1005F00059040000000A0100C12A0020DF0F010099
:100600002DE9F04F91B0009302F004030293C2F37E
:10061000C2030133840705460E46DDF86880039265
:10062000059340F0BB81041D30B1072909D86FF054
:100630001B0011B0BDE8F08F01F007063444C6F18D
:100640000806009B4FF000094FF0040A591E4FF0B6
:10065000FF334F460193CB465346CDF810900DB172
:10066000009A22600598002800F3E8809848009AD4
:10067000824203D397488242C0F0E080039AA4EB01
:10068000050E92074FEA9E0000F103810F2F00F242
:10069000B180002D00F0058107F140020DEB020C46
:1006A000019A0CF8200C0CF8102C049801300490DE
:1006B000E7E07A285DD84B280ED8472859D8292852
:1006C0002DD8252852D054D820287AD02338D0F1DC
:1006D000000B4BEB000B74E04C382E2849D8DFE8B8
:1006E00000F07048484848484848484848484B48FF
:1006F0004848484848484859484B4B595959704B05
:100700006D487048184B184848827F4B48484B4802
:100710007F0000204FF0000B4FF0040A38E0012268
:100720002A38C0B202FA00F010EA0E0F49D110F0D8
:10073000625C2FD110EA020B43D06046013C544466
:10074000B4FBFAF40AFB04F4002D61D0A3EB050C12
:10075000A444B4453FF66BAF002868D1042B47D1C1
:1007600058F8043B2360042304342AE0019A013A38
:1007700001924FF0000B24E011F8010C6C2834D1E9
:10078000002011F8023C83466C2BC5D14FF0080ABB
:100790005346D3E708F1070828F00708073424F088
:1007A0000704F8E802AB35B106982044B0423FF6A2
:1007B0003EAFC4E900AB4FF0000B08344FF0080A1D
:1007C000534611F8010F002878D0BBF1000F7FF4D9
:1007D00070AF2528F5D14FF0010B019B0133019338
:1007E0004FF0040AECE7584694E700208346A5E75B
:1007F000082B02D06FF015001BE708F1070828F05E
:100800000708F8E80223C4E9002308230834D8E7DE
:1008100068B9042B02D108F10408A4E7082BE9D138
:1008200008F1070828F0070808F10808EDE7059A1D
:10083000013A059258F8042B009210E7039A9007AA
:1008400020D54FF0010CA4EB050E4FEA9E00BEF53B
:10085000007FCFD20F2FCDD8F5B107F140020DEBBD
:10086000020E019AC0B20EF8200C0EF8102CBCF14A
:10087000000F3FF41AAF60F07F000EF8200C09F172
:1008800001090137C5F108024FF6DA7E04340692F9
:1008900097E74FF0000CDAE7BCF1000F01D001360A
:1008A000EFE7029802360028EBD10098CDE9063137
:1008B000FFF77CFCDDE906310644E2E7631BB3F594
:1008C000806F97D245B9A6F10804E018B1E600BFE1
:1008D0008004010030270100029A9B0828602B70D9
:1008E0009DF81030C2B1EB7085F80290B9F1000F9D
:1008F00005D0002208A8C5F1010C97420ED14FF097
:10090000000AC5F101030DF1200801930DF1300B30
:10091000574512D1601B8CE66B70E5E710F8013B80
:10092000190608D50CEB040EB64503F07F033FF61D
:100930007EAE04F8013B0132DFE7B9F1000F03D0CE
:1009400098F90020002A17DB029BD3B11AF80B207C
:1009500004F8012B0022019B18191044B0423FF605
:1009600066AE98F80000009904F8010B2046039247
:100970000FF0B0FC039A14440AF1010A08F10108CF
:10098000C6E798F8002055F822300093029B0098A3
:1009900045F82230FFF70AFC421CDCE76FF00D003F
:1009A00047E600BF2DE9F04F97B000AFD7F880B011
:1009B0003B62CBF3C0030446894690F802A0FA627A
:1009C000BB6141B9457800780AEB800020444D4571
:1009D00017D8A0EB0409E378FB61BAF1000F02D04D
:1009E0001BF0010F16D1FB6953BBFB6A1BB14946D3
:1009F00020463A6A98474D4628465C37BD46BDE8D2
:100A0000F08F461C3046FFF7D1FB0130304409F12E
:100A10000109DCE7626823787A62FA6A99007961F1
:100A200004EB8301002A40F001810E464FF00008DC
:100A30004D4601EB0A094E454CD101EB0A0610E088
:100A40001BF0020FD1D023789A007A61626804EB20
:100A500083017A62FA6A002A77D14D46904601EB0B
:100A60000A061BF0050F0CBF02230123FB62FB6982
:100A700006EB430A0BF00203BB625645BCD016F8E6
:100A8000021B16F8013C54F82390994B994502D368
:100A9000984B994536D3BB69002B40D0786A0CF04F
:100AA00069FA00283BD0E9468AB06A46924B536106
:100AB0007B6AC2E906314FF4007313848F4B42F80E
:100AC000103F00234FF412518D4801F0B9F8023D58
:100AD000CD46D2E716F8013BF96254F82300FFF740
:100AE00065FBD7F88430F96A01304BB1D7F888300C
:100AF00098453EBFD7F8843023F8180008F1010864
:100B0000054498E7BB6923B1786A0CF033FA0028F2
:100B1000C9D11BF0010F05D1FB6AED1AADE7BB6A25
:100B2000002BAAD04846FFF741FBD7F8843053B1D9
:100B3000D7F8883098453FBFD7F88420431C22F867
:100B4000183008F10108054497E7BAF1000F73D097
:100B50001BF0040673D0D046002607F14800524629
:100B60003B61B9620FF0B6FBB96A3B6901EB0A025F
:100B7000BA62FA69F9695200FA60BA6A02EB410294
:100B80003A610BF00202BA603A69B96A8A4258D1F6
:100B900062781BF0020F18BF00217A6208BF4FEA8B
:100BA0005801B2181BF0010FD2B240F09F801BF029
:100BB000040F14BF40460020BB616270A070E1705A
:100BC00020463A6A7969FB6A9847051EFFF614AF1A
:100BD000BB69414623707B6A3A6A6370FB6984F89B
:100BE00002A0E37007F14800FB6A9847B0F10008E3
:100BF000C0F2BA807B69A9EB0A01C91AFB683A6A9C
:100C0000C91AD7E90A0398470028C0F2AF804FF00D
:100C1000000BA84408EB000507F1380AB34571D36F
:100C200000213A6A0846FB6A9847E5E656464FF0C7
:100C3000000807F1380092E75646D04696E7B046DE
:100C400094E7BA6A12F8021B12F8015CBA6254F80F
:100C50002500274A904202D3264A90421ED3BA6901
:100C600032B1786A7B600CF085F97B6800288BD103
:100C7000BA6802BB08F1280207F1300C08F1010044
:100C8000944407F1580208F1020852FA80F00CF877
:100C9000101C5FFA88F800F8105C75E7BA693AB181
:100CA000786A7B600CF066F97B6800287FF46CAF93
:100CB0001BF0010F09D006F1280207F13000711C6A
:100CC000161806F8205CCEB25EE71BF0040F3FF466
:100CD0005BAF08F1280207F1300008F1010102EBD7
:100CE000000808F8105C5FFA81F84DE7002063E720
:100CF0008004010030270100FF0F01000400000103
:100D00003C0901001BF80A3054F8239087F837306B
:100D1000D7F884302BB3D7F888309B4521D2D7F849
:100D2000843033F81B8001213A6AFB6A07F13700EF
:100D3000984700281ADB0544B8F1000F06D1484651
:100D4000FFF734FA00F101081FFA88F841464846D7
:100D50003A6AFB6A9847002808DB05440BF1010B4F
:100D60005CE74FF00008DEE7454645E6054643E60A
:100D7000014B1860704700BF3801002080B5054660
:100D80000E461746984607F0C9FF03460FF06EFB64
:100D90000446DFF81890424649F80030394630469C
:100DA000A84754F8090001F06FFE00BF08000000DA
:100DB0002DE9F047058B04462807904611D40229F7
:100DC00005F0070540F0CC8020460CF082FB78B19E
:100DD0000138218B042811D8DFE800F0C2106D859E
:100DE000950001290CBF45F0100545F0200525832D
:100DF00088F31188BFF36F8FBDE8F08701F0070A11
:100E0000AA4500F0A5800027B9463E46A368002BFE
:100E100000F0BC8041F00801218388F31188BFF302
:100E20006F8FA168002900F0BA800D68002900F0DA
:100E3000B680334652462046D1F80480C047002D84
:100E400076D02B6829461D46F0E701F007035A1FAC
:100E5000012A1BD8002221F00701062B276889B23E
:100E6000C4E9002209D13B4603E0628B0132628370
:100E70001B68002BF9D141F00201204621830CF0C0
:100E800028FB00287AD041F0200176E0042B0AD11B
:100E900021F0070189B2204621830CF01AFB10B122
:100EA00041F020012183218B01F0070AAA454FD090
:100EB0000027B946AAE7236921F0070141F006019E
:100EC000062DD3F8009021832DD1B9F1000F3FD02A
:100ED00041F00801218388F31188BFF36F8F20460A
:100EE0003949C84729E021F00701236941F004018D
:100EF00089B2042DD3F804902183E6D000274FF067
:100F0000040A3E4682E721F00701236941F005010A
:100F100089B2052DD3F808902183D6D000274FF051
:100F2000050A3E4672E700274FF0060A3E466DE787
:100F30002B4687E7B9F1000FD1D1EFF311882023B9
:100F400083F31288BFF36F8F238B23F0080323836F
:100F5000258BEA062ED525F01003238305F007051F
:100F60006669218B002EBFF670AF00232768C4E9A5
:100F7000003321F0070141F001012183218B4FF063
:100F8000000901F0070AAA457FF440AF002F9CD06A
:100F900041F00801218388F31188BFF36F8F002F80
:100FA000C8D03D6839463346524620460CF0BDFA5B
:100FB0002F46F4E7AB067FF51BAF25F02003238314
:100FC00005F0070500E700BF57D5000010B530B9A0
:100FD0000B480C490CF088FB6FF0150010BD8368BE
:100FE00033B9074808490CF07FFB6FF00400F5E7C0
:100FF0001B6813B1BDE8104018471846EEE700BF64
:101000004C090100B3100100C410010010B530B943
:101010000B480C490CF068FB6FF0150010BD83689D
:1010200033B9074808490CF05FFB6FF00400F5E79F
:101030005B6813B1BDE8104018471846EEE700BFE3
:101040004C090100B3100100C410010070B508B1D3
:1010500001B132B90B480C490CF046FB6FF015009A
:1010600070BD84680CB1E56835B9064807490CF0D5
:101070003BFB6FF00400F3E741F8040BE368BDE8C5
:10108000704018474C090100E2100100C410010033
:1010900010B5044630B9104810490CF025FB6FF02C
:1010A000150010BD006830B90B480D490CF01CFB51
:1010B0006FF00100F5E783680BB11B6933B906488F
:1010C00008490CF011FB6FF00400EAE761689847EB
:1010D0000028E6D12060E4E74C0901000E11010070
:1010E0001F110100C410010070B51346044630B949
:1010F000104811490CF0F8FA6FF0150070BD006847
:1011000030B90C480D490CF0EFFA6FF00100F5E72B
:1011100082680AB1956835B9064809490CF0E4FAC5
:101120006FF00400EAE70A46AC466168BDE870402B
:10113000604700BF4C0901000E1101001F110100A2
:10114000C4100100034A13680BB9526813600020F1
:10115000704700BF3C01002030B50C460E4985B0F9
:101160000291D0F8D4110546CDE9003100F1F0012B
:101170004FF0FF33204606F0B3FA50B9012384F84C
:101180006C30D5F8D03123B1204605B0BDE83040F1
:10119000184705B030BD00BFE1D7000038B50C4698
:1011A000114605460CF01EFB034638B92846044993
:1011B0000CF018FB03460020236038BD0120FBE73C
:1011C0000F2601002DE9F04F01238146056946688D
:1011D00091B005F56B77D7E8EF2F002A03D1C7E868
:1011E000E13F0029F7D10CBF1A46002240F0BD8034
:1011F000B368B16A05F5F8781C1F10460CF079FB4E
:1012000084427BD8013A00F0AA80B2FA82F24FF011
:101210000044D44072682046073222F00302C5F829
:101220003C22B16A0CF065FBC5F84002B36A404647
:101230006343033323F0030302EB4302230103EB75
:101240004403093323F0030303EBC403C5F834223A
:101250001A440832C5F830227368C5F83842C5F818
:101260002C32434BC5E9AD63316800F0F3F9044615
:10127000002841D1D9F810B0D9F804A0D9F800302D
:101280000BF53479CDE9060005934846DAE90734D1
:10129000012B08BF103C0EF079FDDAF82400354927
:1012A00005AB009301EB8021234648464FF4806252
:1012B00007F048F92021DAF824302F4A0DEB01001D
:1012C0000BF04AF908A9484607F0ECF92B490BF551
:1012D00030700EF014FDDAE9050183685C684CB1EA
:1012E0005B46274AA047044630B9DAE9050183681E
:1012F0001B692BB96FF05704002129E001327CE70C
:101300000122984704460028F6D11E4B2846C5F80E
:10131000D0311D4BC5F8D4311C4B0393D5F8403266
:101320000293D5F83C32CDE9008305F51173B26A1A
:10133000D5F8A81300F056F904460028DCD105F1D1
:10134000F00006F073FA0028C5F8B0030ADB0221AA
:1013500038460CF07BFA204611B0BDE8F08F6FF0F4
:101360000B04C9E76FF01504C6E76FF07704F2E7E6
:1013700037D80000782D0020441101001DD800004E
:1013800011D8000091130000C9D900007DD80000D9
:1013900013B5044640B100230122CDE90032074BCA
:1013A000D0E9091206F070F9236F1B6823B1606F52
:1013B00002B0BDE81040184702B010BD0F26010072
:1013C00013B504460846216901F56B71D1E8AF1FDA
:1013D000022910D193B1A0B10121CDE9003113460A
:1013E000D0E9091206F050F9074B984208BF6FF098
:1013F0000B0002B010BD6FF00F00FAE76FF04C0069
:10140000F7E76FF00100F4E72EF8FFFF2DE9F3474F
:1014100089461546066906F56B73D3E8AF3F022B84
:1014200064D1136823B96FF0150002B0BDE8F087EE
:101430001B78002BF7D0D6F8A8A3BAF1000F36D14D
:1014400006F5EC774FF0FF324FF0FF33384606F0E9
:10145000C5FD30462A6801A9FFF7A0FE019C804621
:101460001CB938460CF0F0F9DDE705F108032367F5
:10147000AB6984F86CA06367646460B138460CF0B3
:10148000E3F921463046A36E2A68FFF765FE002087
:10149000C9F80040C9E71F22296804F148000EF08E
:1014A0006AFF384684F867800CF0CEF9EFE73046E3
:1014B00010490CF097F904460028B4D0002705F134
:1014C00008030367AB6980F86C70436740641F22B0
:1014D000296848300EF04FFF22460121304684F83B
:1014E000677000F061F80028D1D09CE76FF00F0022
:1014F0009BE700BF0F26010010B50C46006900F500
:101500006B73D3E8AF3F022B0FD189B10A4900F5C5
:1015100030700EF020FC20460DF020FF78220021D4
:1015200020460EF0FEFE002010BD6FF00F00FBE71E
:101530006FF00100F8E700BFE81100202DE9F04F3F
:1015400005460E4690460027D0F8C4A085B0AAF5FF
:10155000BE7421463046FEF717FEE0B9114BA4F1E8
:10156000480B0293DAF810303246CDE90083294661
:101570004FF0FF335846AAF5E27906F0B1F860B9AA
:101580007823012203FB079383F86C20DAF80C30F0
:101590000BB158469847783417B105B0BDE8F08FC5
:1015A0000127D6E7F7D900001FB5144690B18AB1DC
:1015B000012912D10A4B00F1F0010293D0F8D43185
:1015C000483201934FF0FF332046009306F088F82D
:1015D00004B010BD6FF01500FAE70020F8E700BF77
:1015E000F7D900002DE9F04387B00E46DDE90E8102
:1015F0001446DDE910251F4630B329B3DFF850C08B
:1016000000F1F009002D08BF65469EB9CDE90344FD
:1016100000F5E274204605960EF038F903ABCDE9EB
:1016200000432A463B464146484606F079F907B052
:10163000BDE8F083002241460E9248462A4607B094
:10164000BDE8F04306F0C2BA6FF01500EFE700BF47
:101650003D150000F0B504462B4A87B004AB0E469A
:1016600092E8030083E80300002C49D0184605F0F7
:1016700011FF0546B0B94FF0FF33E16C04F1540798
:10168000A163CDE9010000933846236D04F13802CF
:101690000DF016FBA06C0CF0DDF9C4F8BC0020B90D
:1016A0006FF00B05284607B0F0BDA06C0CF0D2F926
:1016B000C4F8C0000028F3D0236CD4F8BC10C4F8E0
:1016C00090300423C4F89430C4F8AC300223E362B1
:1016D0000E4BB4F84820C4F88C10616C236204F1FE
:1016E0008C03C4F8A070A4F89820C4F8B870C4F8AB
:1016F000A810A4F8B020C4F8A400A6612363D1E721
:101700006FF01505CEE700BF140A0100B40A01000E
:101710002DE9F047044607464FF00109DFF85080F5
:1017200014B93846BDE8F08794FAA4F5B5FA85F502
:1017300009FA05F32E0108EB05156FEA030A24EAFE
:1017400003042B7B002BEBD058F806301B694BB9F8
:101750004644736804222846196807EA0A070CF011
:10176000E1F9DDE7284698470028D9D1F0E700BF26
:10177000A409010030B5002289B00F490F480EF0CE
:10178000B3FC002200230024CDE906230E230C4DD8
:10179000CDE903344FF440722846CDE90144094BAA
:1017A0000949009406F0F4FF0849284606F07AFF3C
:1017B000204609B030BD00BFD1170000980D0020B1
:1017C000D8080020E51A00007831002050110100EF
:1017D000014806F0FDBC00BF540400202DE9F0478D
:1017E000804621480F460CF081F90646002833D088
:1017F00000252846BDE8F087237B83B12368DB689A
:101800000BB120469847636883F8069023681B69EC
:10181000D3B963680422204619680CF083F90136B5
:1018200010345445E8D3B8F1000FE2D0002DDFD0DA
:101830002846FFF76DFF0546002FF7D000214FF433
:10184000A4700EF07CFBF1E7204698470028E0D01A
:1018500009FA06F31D43E2E705464FF00109034C80
:10186000DFF80CA0DDE700BF20120020A409010072
:10187000B4090100014B53F820007047F40A01003D
:1018800008B5034608462BB1044A136000F06EFC0D
:10189000002008BD6FF01500FBE700BF68010020C5
:1018A00010B5044C237813B9034806F091FC0123CA
:1018B000237010BDCB2A00205404002010B504462C
:1018C00009480CF013F93CB1084BD3E8EF1F01397C
:1018D000C3E8E21F002AF8D105480EF011FCBDE86C
:1018E0001040044806F074BC181200201C1200209E
:1018F000980D00205404002000200146034BD3E83B
:10190000EF0FC3E8E21F002AF9D170471812002038
:1019100070B5FFF7F1FF0546074C084EB44200D3FF
:1019200070BD63685B792BB123685B6813B129468E
:10193000204698471034F1E7A4090100B4090100DA
:1019400010B5044C044920460BF05CFC034B1C60B2
:1019500010BD00BF84030020E00A01001012002027
:1019600000230D4A10B513700C4A4FF40041136068
:101970000B4A0C481360FFF783FFFFF7E1FF0A4BA8
:101980000A4918468B4200D310BD1A1A5C6812111E
:10199000013222711033F5E7CC2A00201812002002
:1019A0001C120020E9DA0000A4090100B4090100BA
:1019B00001460022002301480BF045BC84030020AF
:1019C00001480BF0DEBC00BF84030020024B01463F
:1019D00018680BF02ABD00BF1012002001480BF060
:1019E0005FBD00BF8403002070B5274B1878002826
:1019F00049D0FFF7E5FF0546002841D1234B244C91
:101A00001B68002B19DD0EF027FB4FF47A72A0FB48
:101A1000020302FB0131C30B43EA4143D4E9002036
:101A20009B1A40F2E9324FEAD13161EB0001934257
:101A300071F1000101D3FFF76BFFD4E9003213F518
:101A40007A7342F10002C4E90032BDE87040FFF74A
:101A5000C5BF63685B7923B12368294620461B68AC
:101A600098471034B442F4D32846FFF7AFFF094B30
:101A7000D3E8EF1F0139C3E8E21F002ABED0F7E721
:101A8000054C064EEEE770BDCB2A00201812002050
:101A9000900D00201C120020A4090100B4090100CF
:101AA00070B50D4D297861B90120FFF797FE0B4CF9
:101AB0000B4EB44206D3FFF797FF0028FBD101235A
:101AC0002B7070BD63685B791BB1236820469B68EF
:101AD00098471034EDE700BFCC2A0020A40901008C
:101AE000B409010000212DE9F0470846FFF776FE12
:101AF000044658B340F267684FF000090EF0B6FC98
:101B00001B4B1C4A1B58136033B11B4B1B68092B22
:101B100002DD1A4806F05CFB0025194FDFF85CA0D7
:101B200044B12046FFF7F4FD044618B94FF0FF38E2
:101B30004FF0FF39FFF758FF064628B9B5B94246BE
:101B40004B46504606F07EFB3546E9E74FF0FF383E
:101B50004FF0FF39D2E72B689B691BB10022284662
:101B6000114698471035BD42F5D3E8E7054DFAE731
:101B700008000000141200201C1200205404002051
:101B8000B4090100A409010013B518480BF0AEFF19
:101B9000174B1B7873B1EFF31184202383F3128862
:101BA000BFF36F8FFFF720FF84F31188BFF36F8FB0
:101BB00002B010BD0F4B1B68002BF9D050B90022AA
:101BC00000230D48CDE900234FF40042002307F025
:101BD000BFFBEDE70928EBD107480EF091FA074863
:101BE00002B0BDE8104006F0F3BA00BF1C1200209E
:101BF000CC2A002014120020980D0020540400204C
:101C000010B5064B04461B6898472146A06004485F
:101C10000BF098FBBDE81040FFF7B6BF680100204D
:101C200084030020044A054B9B1AB1EBD30F34BF49
:101C300052F8310000207047F4080100A4090100A7
:101C40002DE9F04F8FB0C1F34A2804AF0D469146FD
:101C5000B8607B600C0DB8F1000F63D000264FF028
:101C6000040B4FF00A0A07F11403C7F80C80C7E908
:101C700007667E620193CDF808B0CDF800A007F1A9
:101C80001C0332464846F968FEF78CFEB0F5006F3B
:101C900003461CD36C468AB0D9F8041004AB26481E
:101CA0001A46C3E9050140F2FF71D9614FF4007192
:101CB0001984224B42F8103F4FF41251334620480A
:101CC000FFF7BEFFA5462C37BD46BDE8F08FC0F339
:101CD0000A0804F11700184420F0070080083B6050
:101CE000FFF766FE68F35325044690B13B6800F1A8
:101CF0001001C7E9083607F11403F961CDE900A323
:101D0000CDF808B048460F4AF96807F11C03FEF702
:101D100049FE68F353252A4620467B68B9680BF0D4
:101D200021FFD0E704F1170020F007008008FFF73B
:101D30003FFE0446EDE700BF65110100040000010D
:101D40005409010037DB00002DE9F04F87B004464D
:101D5000DDE9105ADDE91279934698460391BFB147
:101D60003B46524610210020CDF80090CDF814904B
:101D7000FEF746FCB0F5006F06460AD340F2FF734B
:101D80000221174A174807B0BDE8F04F0BF043BFD8
:101D90003E4605F11700304420F007008008FFF7A9
:101DA00007FE04F007040BF0070BE40044EA8B1471
:101DB00044EA462444EA0554054640B13FB13B4657
:101DC00052463146CDF800901030FEF719FC4346DC
:101DD00022462846039907B0BDE8F04F0BF0C2BE7B
:101DE000A411010054090100406820B1034BC01A3E
:101DF00040F3CF0070474FF0FF307047F408010008
:101E00000EB403B503AB53F8042B01460448019309
:101E100001F06EF902B05DF804EB03B0704700BF4B
:101E200079DC0000CA0605D48B064CBF0249034981
:101E3000FFF7E6BF704700BF0E2601000D26010028
:101E40002DE9F04F89B09B46149B9DF84CA006935A
:101E5000159B04460593169B0D469046179E0493CA
:101E6000BAF1000F00F09D8006F4807307930BF029
:101E700057FE06F00209024600283ED0204691494E
:101E8000FFF7BEFF0746B9F1000F08D016F0440F68
:101E900035D12A4620468C49FFF7B2FF074406F0A9
:101EA000010353B1894B204653F82A20884B8949B6
:101EB000002A08BF1A46FFF7A3FF06F48073002B21
:101EC00049D006F00803002B63D1B8F1000F66D0AB
:101ED000424620468049FFF793FF0546069B3D4456
:101EE000002B6DD1049B002B73D1F30700F1E4802C
:101EF00031462046FFF796FFD8E00746C3E7774B09
:101F000018680028CAD0764B4FF47A791B684FF0D6
:101F10003C0CB5FBF3F5B5FBF0F14FF4616300FB4E
:101F2000115509FB05F5B1FBF3F2B5FBF0FE03FB20
:101F3000121100FB1E55B1FBFCF309FB05F5B5FBC7
:101F4000F0F50CFB131120460091CDE901E5654940
:101F5000FFF756FFA2E706F00803EBB1624B2046FD
:101F600053F82A206149FFF74BFF0546B8F1000FEF
:101F700005D0424620465849FFF742FF0544BBF1D1
:101F8000000FABD05A4620465949FFF739FF0544A8
:101F9000A4E74FF0000BE1E706F00805E6E7454649
:101FA0009CE7BBF1010F069B06D1002B64D1049B7B
:101FB000002B7BD000250CE0002BF8D04D485CE0D6
:101FC0004D48069B22464D490AF0A3FF049B002B77
:101FD00068D0DFF82C81DFF82C91049F3146102F58
:101FE000204628BF10274FF0000BFFF71BFF5D4571
:101FF00045DC059B494620461A78FFF701FF4FF064
:10200000010B1BF0070F03D141462046FFF7F8FEF6
:102010005F453BD9059B4946204613F80B20FFF747
:10202000EFFE0BF1010BBBF1100FEAD14FF0000BEB
:1020300020463549FFF7E4FE5A46059B20469A5C48
:10204000A2F120015F2928BF2E223049FFF7D8FED8
:102050000BF1010BBBF1100F1DD01BF0070F03D1CB
:1020600041462046FFF7CCFE5F455A46E5D841463B
:102070002046FFF7C5FEEBE71F485546A1E741465E
:102080002046FFF7BDFE0BF1010BB0E720462049CB
:10209000FFF7B6FEC5E7059B3B440593049BDB1B9E
:1020A00004939AD1BAF1000F7FF41FAF204609B014
:1020B000BDE8F04F0BF0D3BD2046054A0549FFF7B8
:1020C0009FFE15E7E1110100E5110100040B01007D
:1020D000DC110100971A01000A12010028120020E9
:1020E00024120020EE110100180B01000E12010055
:1020F00014120100A7DC000079DC0000F1300000C0
:10210000D9250100191201001F120100211201003E
:10211000D725010042F20F7373B58B4228BF0B46DF
:1021200005680446052168460D4A0AF015FA064678
:10213000636828460B225B680A490BF082FD6368DE
:102140003246694628465B680BF07BFD63681B22BC
:1021500028465B6804490BF074FD02B070BD00BFF7
:102160006B1801004012010024120100002101231C
:10217000064A904206D8064A01B901231360054B6E
:1021800018607047012140085B00F2E740420F00F1
:102190002412002028120020F8B50D460446064FF0
:1021A0004618B44201D12846F8BD14F8011BBB689B
:1021B00001485B689847F4E7D8050100014B0360CC
:1021C00000207047600B010008B504480AF0FBFED0
:1021D000BDE8084002480AF0F6BE00BF86120100C2
:1021E000BB120100014807F091BC00BF600B010069
:1021F00038B5044618B90F4B0F485B6898476168BB
:10220000B1F5683F10D0B1F5680F0DD00B4DA94264
:102210000AD011F46861206807D0014608480DF023
:10222000EAFB00232360656038BD14220EF079F8C4
:10223000F9E700BF0C030020E91201002C5F5CA944
:102240005817002008B560B34368B3F5683F0ED057
:10225000B3F5680F18D0144A934220D000684FF0AD
:10226000FF324FF0FF3305F0B9FE58B115E00122FF
:102270000368D3E8EF1F002903D1C3E8E02F00284B
:10228000F7D10AD1002008BD0368084A1B7803F57E
:10229000807352F82330002BF4D00548F3E705484B
:1022A000F1E76FF4E040EEE72C5F5CA9000003501B
:1022B000E98FFFFFEA8FFFFF08B520B34368B3F54E
:1022C000683F09D0B3F5680F13D0114A93421DD06F
:1022D000006805F0FBFE14E000220368D3E8EF1F5E
:1022E000012903D1C3E8E02F0028F7D109D009481C
:1022F00008BD00210368084A1B7803F5807342F883
:1023000023100020F4E76FF4E040F1E70348EFE723
:102310002C5F5CA9E98FFFFF00000350EA8FFFFFED
:1023200010B5044618B91D4B1D485B689847636893
:10233000B3F5683F2FD0B3F5680F2CD0194A9342FC
:1023400019D1236803BB4FF0FF324FF0FF33214612
:10235000154805F015FE08B923681BB90F4B134843
:102360005B6898471422002120680DF0DAFF4FF4D3
:102370006863636008E0B3F5683F0DD83A2B03D07B
:1023800040F6BA629342DED120680DF07FFB6368AD
:1023900043F03A03636010BD054AF3E70C030020E5
:1023A000E91201002C5F5CA9581700200F130100EF
:1023B0003A00003A08B506494023142205480DF0BA
:1023C0000CFBBDE808400449044807F063BC00BFAB
:1023D0005812002058170020680B01007C0B0100E8
:1023E00008B50348034A0021121A0BF0D9FC08BDB6
:1023F00020050020782D0020074808B5074A084925
:10240000121A0BF0CFFCBDE808400648064A0749FF
:10241000121A0BF0C7BC00BF000000201C050020F2
:1024200030270100000000200000002030270100BC
:102430002DE9F04706460C4600AF002936D0D1E919
:102440000012E9468AB06D46A3684FF0050AA84617
:102450001F48C5E90723C5E9050148F810AF002367
:1024600042464FF421511B48FFF7EAFBD4E903121F
:10247000CD466369AD461848C5E90723C5E905019E
:10248000C5F810A0002342464FF421511148FFF730
:10249000D7FBCD46E3690121104A0E480BF0BBFB88
:1024A000A36901210E4A0B480BF0B5FB012E07D1A1
:1024B000EFF305830B4A31460648103B0BF0ABFBAC
:1024C0002146304605F0A8FBBD46BDE8F08700BFB9
:1024D0003C1301008C0901006B1301009A130100E9
:1024E000A9130100D713010030BFFFF7FDBF00BFE4
:1024F0002DE9F04105460B4EDFF82C80324606EB05
:102500000807CC1B204609490DF0E4FEA0194246FD
:102510000021083C0DF005FFC5F8A84007F10800B0
:10252000BDE8F0810000000004000000F80901008F
:10253000054B5A699B689A421FBF044A536843F08F
:1025400080535360704700BF181A002000ED00E070
:1025500070B52A4C06460D4629482A490BF02FFC37
:10256000A36ADB0647D5264827490BF028FC112033
:10257000A36A1C0704D5224824490BF020FC122032
:102580001E4CA36A990712D521491D480BF017FC70
:10259000636BA26A120609D501211E4A18480BF086
:1025A0003AFB1EB1A36A23F08003A3621320134CED
:1025B000A36ADE0704D5124817490BF000FC14206B
:1025C000A36A9C0604D50E4814490BF0F8FB1520AD
:1025D0000A4B9A6AD10658BF9A6A9A6A920642BF13
:1025E0005A6A22F400525A629A6A42F0FF029A62D0
:1025F00000232B7070BD1020BAE700BF00ED00E093
:102600008C090100EA1301000014010033140100D9
:10261000461401005E1401007414010093140100BB
:1026200010B5244C244925480BF0C9FBA36A990135
:102630003ED5224822490BF0C2FB1E20A36ADA01D4
:1026400004D51E481F490BF0BAFB1F20194CA36A82
:10265000DB0204D519481C490BF0B1FB0220A36A28
:102660001C0304D5154819490BF0A9FB2120114C76
:10267000A36A590304D5114815490BF0A0FB222089
:10268000A36A9A0304D50D4812490BF098FB232046
:10269000084CA36ADB0304D508480F490BF08FFBF5
:1026A0002420A36A6FEA03436FEA1343A36210BDB9
:1026B0001D20C3E700ED00E0C21401008C090100F9
:1026C000DA140100ED1401000715010031150100B5
:1026D0004F150100741501008E15010070B5294CCD
:1026E00006460D46284829490BF069FBA36AD90420
:1026F0003CD5254826490BF062FB1720A36A1A0532
:1027000004D5214823490BF05AFB18201D4CA36A1D
:102710009B0512D51C4820490BF051FBA36BA26A04
:10272000100409D501211D4A17480BF074FA1EB197
:10273000A36A23F40043A3621920124CA36A59052B
:1027400004D5114816490BF03AFB1A20A36ADA05A2
:102750000ED50D4813490BF032FB1B20094A936A32
:1027600043F47F43936200232B7070BD1620C5E7AE
:10277000A36A9B04F2D504480B490BF020FB1C20F4
:10278000ECE700BF00ED00E08C090100B915010085
:10279000CF15010033140100E0150100F915010007
:1027A0000E16010029160100931401002DE9F041D5
:1027B0008AB0654B0446D3F80480002600AFC8F306
:1027C000080586F31188BFF36F8F02F07F43B3F1E2
:1027D0007F4F07D102F00C03082B12D15B495C48F4
:1027E0000BF0EDFA002634460023FB71EB1E092B9B
:1027F00000F28980DFE803F00A7F827B8787878782
:10280000878510074CBF0C460126EDE7514950481B
:102810000BF0D5FA00234C4DFB71EB6A9A0705D5F6
:102820004D494B480BF0CBFA002331E0EB6A002B0B
:1028300001DA4A49F5E7EB6A5B00F5D548494448B7
:102840000BF0BDFA6B69A26943F480736B61BFF34F
:102850004F8FBFF36F8F6B6932F8022C23F48073B4
:102860006B61BFF34F8FBFF36F8F4DF602739A42C8
:1028700007D0AB6ADBB26BB30120F91DFFF768FE2E
:1028800037E023680121374A31480BF0C4F9236847
:10289000FA79DAB907F1080504F1200C2A46206814
:1028A0006168083403C264451546F7D17A6A002E80
:1028B00045D0C2F3080121B96FEA52226FEA4222E1
:1028C0007A62184607F10801FFF7B2FD2837BD46C6
:1028D000BDE8F081AB6A13F47F4F04D00120F91DED
:1028E000FFF7FCFE05E0AB6AB3F5803F9CD3FFF732
:1028F00097FE0346CCE70020F91DBFE70020F91D35
:10290000EEE719498DE7194A18F4F87FE8468AB0CE
:10291000174B18BF13466A461649103DC2E9051306
:102920004FF400731384144BD56142F8103F002319
:102930004FF411510648FFF783F9C54674E722F4B6
:10294000FF7222F00102BBE700ED00E06F1601000C
:102950008C0901009A160100B1160100D21601007F
:10296000E0160100FF1601001B17010056160100BA
:10297000411601003F17010004000001064B5A698F
:1029800042F010025A615A6942F480625A615A69EF
:1029900022F008025A61704700ED00E0EFF3088072
:1029A000EFF3098101B57246FFF700FF01BD00BFDB
:1029B000002080F31488BFF36F8F002080F30A8813
:1029C00080F30B88104880F3088800200F490870B6
:1029D00004F00CF800200E490860BFF34F8F00F0A0
:1029E0002DF8202080F311880A484FF40061401828
:1029F00080F30988EFF314800221084380F31488E0
:102A0000BFF36F8F00F0F0F8684A0020732D0020AC
:102A100094ED00E028390020002318460649D1F83B
:102A20009020C2F30722934200DB7047C1F8983030
:102A3000C1F8A0000133F6E700ED00E010B572B672
:102A4000002484F31388FFF7E7FF23464FF0FF309D
:102A50000C4A03F120010133102B42F82100F8D178
:102A600000234FF0FF30074A03F160010133102BC0
:102A700042F82100F8D162B6BFF34F8FBFF36F8FDA
:102A800010BD00BF00E100E0084B9B6883420BD102
:102A9000EFF3058343B1064B5A6842F080525A6007
:102AA0005A6A22F400425A6206F03EB9181A00200F
:102AB00000ED00E016498A684FF030001044EFF353
:102AC000098C80E8F01F202080F31288BFF36F8FFD
:102AD000104F4FF000664A698A603E60D2F8A80045
:102AE0000D4C2060D2F8AC000023C2F8AC3080F36B
:102AF000118802F1300090E8F01F8CF3098802F190
:102B0000000004B50BF063F9BDE804407047000015
:102B1000181A002004ED00E0741700201EF0040FC6
:102B20000CBFEFF30880EFF30980816911F8021CF4
:102B30000229FFD001B572460BF036F901BD00BF86
:102B400040B2002807DB01234109034A00F01F00BF
:102B5000834042F82130704700E100E040B2002895
:102B60000CDB01220649430900F01F00824020339C
:102B700041F82320BFF34F8FBFF36F8F704700BF23
:102B800000E100E0054B420953F82220012300F048
:102B90001F0003FA00F01040704700BF00E100E0A2
:102BA00040B2002801F10101ACBF00F16040064BCA
:102BB0004FEA4111C9B2ABBF00F5614000F00F0010
:102BC00080F800131954704714ED00E0044B054AD7
:102BD00023F07F039360BFF34F8FBFF36F8F704776
:102BE0000000000000ED00E008B5FFF7EFFF074A26
:102BF000D2F8883023F47003C2F88830FFF7F0FB76
:102C0000FFF7FAFB00F048F805F02CF900ED00E0C2
:102C100042F8203C009B0B4942F81C3C019B21F0F0
:102C2000010142F8183C029B42F8081C42F8143C8F
:102C30004FF0807342F8043C0023203A0265C0F84C
:102C4000AC3070477D0D000000B50E4B1546986006
:102C5000D0F8A8200C4B0E461A60D0F8983083F3B9
:102C60000B882C4686F309880020044B98472046A1
:102C7000002100220023024C20470000DFDD00007D
:102C80007D0D0000181A0020741700201022014B3F
:102C90001A61704700ED00E0002320210348C218AC
:102CA0000133452B82F80013F9D1704700E100E0B1
:102CB00008B5EFF30583064A103B02EBC30152F857
:102CC000330049688847BDE80840FFF731BC00BFC2
:102CD000580601001FB5094C094A2346012109483D
:102CE00000F012F900230393074B0121E41A01A815
:102CF0000193029400F012F904B010BD0000072007
:102D0000000000208C0B01002005002010B50C7A7B
:102D10000B6804F01F0223F01F031A43CB686409F9
:102D200023F01F03054943EA440343F00103C1F8BC
:102D30009800C1F89C20C1F8A03010BD00ED00E063
:102D400010B50A4BD3F89030C3F30723013B9842E8
:102D500008D901210346064A06480AF05CFF6FF0D5
:102D6000150010BDFFF7D2FFFBE700BF00ED00E04C
:102D700056170100740901002DE9F04F89461446E9
:102D800006464FF00008514D85B0C84527DAD6F801
:102D900004A0BAF1000F44D0BAF11F0F17D91AF0EE
:102DA0001F0F14D1D6F800B01BF01F0F0FD15846DB
:102DB0000BF051F807460AEB0B0001380BF04BF80B
:102DC000874210D06FF01507414A3B4601E0434669
:102DD000404A012140480AF01EFF6FF015042046CA
:102DE00005B0BDE8F08F17F1160FEDD0BC42EBDD5A
:102DF000C5F89870D5F89C10C5F89870D5F8A03033
:102E000021F01F0143F01F0BD6E900321A4499420A
:102E100002F1FF3A1DD1D34507D13146F8B20BF08C
:102E200023F808F101080C36AFE73146C5F8987071
:102E3000D5F89C3022F01F0203F01F031343C5F89E
:102E40009C30E0B20BF010F810F1160FC5D0441C06
:102E5000E7E7C5F89870D5F8A020013B23F01F03E1
:102E600002F01F021343D3453146E0B2C5F8A0304B
:102E7000E8D00AF0F9FF10F1160FAED0C5F898703F
:102E8000D5F89C209DF808300BF1FF3B62F304035A
:102E90008DF80830D5F8A0309DF808205B0863F362
:102EA00047128DF80820D6E900321344009323F02E
:102EB0001F035B44A3EB0A03013023F01F036946A1
:102EC000C0B20393FFF73CFFBEE700BF00ED00E098
:102ED0009F1701007C170100740901000522044BB3
:102EE000C3F89420BFF34F8FBFF36F8F704700BFBD
:102EF00000ED00E0BFF35F8F0022024BC3F8942087
:102F0000704700BF00ED00E010B5034C2278FFF7DA
:102F100033FF207010BD00BFCE2A00202DE9F74FEF
:102F2000294D8A4606464FF00008AB46274FD0454C
:102F30001BDAD6F80490B9F1000F3FD0316808468B
:102F400001910AF088FF0199044609EB010001385C
:102F50000AF081FF84424FF014021D4B08D002FB9F
:102F600008F36FF015024BF8032003B0BDE8F08FB3
:102F700014F1160F2C60F8D01978A142F5DD02FB90
:102F800008B0C7F89840C7F89840D7F89C4000F1BF
:102F90000801007B64F304000871D7F8A0000C79E5
:102FA000400860F347140C71D7F89C1021F01F0102
:102FB0006960D7F8A01021F01F01296108F101080C
:102FC00014350C36B3E700BF7817002000ED00E0A1
:102FD000CE2A0020F0B54149414CD1F89030256807
:102FE000C3F307239D4287B075D80020FFF782FF07
:102FF0003C4BC1F8C030854216D13B4C01A825702E
:10300000FFF7DCF800250646384FAE4213D100200A
:1030100023783249D1F89020C2F30722934254DB3F
:10302000FFF75CFF00202FE0616801EB0011FFF764
:103030006DFE0130DFE70199280101EB0513DA6825
:103040003A40B2F5001F21D0B2F5800F2BD0B2F577
:10305000801F38D15A689B680958013B22F01F0035
:1030600003440120844623F01F0340EA4C10CDE9BD
:1030700002218DF8100002A920780593FFF760FE69
:1030800000281DDA6FF0150007B0F0BD5A689B6884
:103090000958013B22F01F0003444FF0020C0120AD
:1030A00023F01F03E1E75A689B680958013B22F0AF
:1030B0001F0003444FF0000C062023F01F03D4E749
:1030C00023780133237001359FE7C1F89830C1F8A8
:1030D000A00001339EE74FF0FF30D5E700ED00E0A0
:1030E000980B0100AAFF4400CE2A00200000F0FF48
:1030F000F0B587B007460E461446002110226846F8
:103100001D460DF00EF902238DF80230054B2A46BC
:1031100021466846CDE90476019309F049FA07B0E3
:10312000F0BD00BF9BDE000008B5024809F0F4F9CD
:10313000FEE700BFD117010008B5024B1B68984796
:10314000002008BD8C170020034B044A18609378B8
:1031500043F00203937070478C170020A4010020F5
:1031600008B50649064821F00701C1F1005202F5F1
:10317000E02209F076FE002008BD00BF9F64002019
:103180009017002070B541690446867A0A4D59B1FE
:10319000437ADB0706D42C2303FB06535B6A1B68C8
:1031A0009B689847002363612C20214606FB005052
:1031B000BDE870400CF012BD6C0400202C22024BC4
:1031C00002FB0030704700BF6C0400202C21827A83
:1031D000054B01FB02339A6A1B7F801A1B3323F0D5
:1031E0000303B0FBF3F070476C04002038B52C24C7
:1031F000827A064B04FB02335B6AD3E901240C603C
:103200001568FFF7E3FF04FB005038BD6C04002095
:103210002DE9F04385B00546684690461C4603916B
:103220000CF01CFFDDE90067EFF31189202383F325
:103230001288BFF36F8F6B8B002B41D02A8B9A4281
:1032400025D900220023284604F090FF0446F0B15F
:1032500089F31188BFF36F8F039B002B41D0324657
:103260003B4668460CF01FFF2C21A27A254B2046D6
:1032700001FB02335B6A03A91B681D68DDE90023BB
:10328000A847606170BB2046FFF77CFF24E0698B94
:103290004B1E6B8389F31188BFF36F8F2B7F2A8BB3
:1032A000AC6A1B3323F00303521A02FB0344154B91
:1032B000154AEB1A9B105343A3722B7FE372CBE7A3
:1032C00089F31188BFF36F8F23464246284604F0E6
:1032D0004DFF04460028BFD10024204605B0BDE8BC
:1032E000F0836361012300252381039B29466382C8
:1032F000E27A656004F118000DF013F86369258225
:10330000E360EAE76C040020A38B2EBA70B52C258D
:103310000C4C00B970BD037A4668002BFAD0013B13
:10332000DBB20372002BF5D1C3604360837A05FBE7
:1033300003431B6A13B198473046EAE7FFF722FFC1
:10334000FAE700BF6C040020054B03EB8000D0F8C7
:10335000003223F0E04343F04053C0F8003270479E
:1033600000258450052370B5144D154E2C7801347A
:10337000B4FBF3F303EB8303E41A0BF0EAF8114A0E
:10338000137823B156F82430C01A072814D94FF007
:103390005023D3F8141141B10021C3F81411D3F80C
:1033A00014312C700CB9012313702C780BF0D1F868
:1033B00046F82400012070BD0020FCE7D02A002040
:1033C0009C170020CF2A0020012208B50B4B0C4986
:1033D000C3F8002502230020C1F8D036FFF7B4FF60
:1033E0001046FFF7B1FFC1F80427C1F80429C1F85E
:1033F000002BBDE8084000F099B800BF0010005055
:103400000040005007B54FF480620B4B0B49C3F8E6
:10341000B8254FF400620A48C3F83C250DF10702B5
:103420000BF0F2F8002803DB9DF8070003F0D4FB53
:1034300003B05DF804FB00BF00A002502CA00250B6
:1034400028A1025048B1054B054A1B68B3FBF2F3B3
:103450005843044B43F0010318477047B002002063
:1034600040420F00800A0100002170B5104C114D40
:10347000114E000714F8013B03F01F025B090FD047
:10348000012B0FD1334603EB8203D3F80022013125
:1034900022F0E04202430429C3F80022EAD170BDC1
:1034A0002B46F0E70023803253F82230FFDE00BFC6
:1034B000F517010000258450002884502DE9F041C3
:1034C000064601200D46FFF7CFFF4FF47F03D3F8E8
:1034D0003021D3F83431072A20D1023B032B02D804
:1034E000114AD35CD3B14FF050244FF001080027AC
:1034F0000520C4F81886C4F814760BF050F840463E
:10350000C4F814860BF04BF8C4F81476C4F8187697
:1035100030462B46BDE8F041002118474FF05023BC
:103520000022C3F81426F3E7F1170100014902480D
:103530000AF01EB8D00B0100B01700201FB578B1FB
:1035400000230193039301236946084802930AF07C
:1035500022F8029B9B0700D1039B05B05DF804FB9A
:10356000024805B05DF804EB0AF06CB8B017002013
:1035700008B54FF0FF323F230348C0E9002303F0B2
:1035800017FB002008BD00BFCC17002070B50C4B06
:103590001968D868D3E901524A4080EA050485EAEF
:1035A00002065E6082EA452281EA04064FEA74540C
:1035B00008441E609A60DC6001EB706070BD00BF63
:1035C000D417002008B504480CF0B6F900280CBF49
:1035D0006FF01200002008BDB80501002DE9F3418D
:1035E000DFF87480044698F800308F0801F0030576
:1035F00053B91A481A4E8368102231461B689847FF
:1036000090B9012388F8003004EB8707A7421ED148
:103610003DB1FFF7BBFF2A46019001A938460CF0E7
:1036200059FE02B0BDE8F0810AF093FF30600AF065
:1036300090FF0C4B434073600AF08BFF0A4B4340F2
:10364000B3600AF086FF094B4340F360DCE7FFF705
:103650009DFF44F8040BD9E7D12A0020B8050100EA
:10366000D4170020B0C2649BD4D2D38678E20AA0DB
:103670000E4B402928BF402170B51D460C4C461802
:10368000B04203F1020304D1002305F811300748CA
:1036900070BD02781209A25C03F8022C10F8012B0D
:1036A00002F00F02A25C03F8012CE9E7F02A0020E7
:1036B0000C18010030B503788BB0044607AD032B1E
:1036C00021D8DFE803F0021A1C1E12492846FCF735
:1036D00065FD059563781E210493A3780E4A039334
:1036E000E3780E4802932379019363790093A379D9
:1036F00008F032FF09480BB030BD0949E6E7094937
:10370000E4E70949E2E70A212846084A08F024FFCD
:10371000DFE700BF5C0F01007E0F0100D22A00200E
:10372000630F01006A0F0100740F0100C818010047
:1037300010B50AF074FC0CF04EFB0B4C18B1D4E839
:10374000AF3F63B910BD05F0F5F9D4E8AF3F1BB941
:10375000BDE8104005F002BA0A209847F8E70A20B1
:10376000BDE81040184700BFE417002038B50446F4
:1037700008480AF0A3FB054648B1631EDBB21F2BC5
:1037800096BF054A0021D15C0C300AF0DDFB2846CB
:1037900038BD00BFC40400201D1801000E380128E8
:1037A00010B50AD809480AF089FB044618B104216B
:1037B0000C300AF0C9FB204610BD09B10448F2E7FD
:1037C0000220BDE81040FFF7D1BF00BFF004002089
:1037D0006C040020012110B50C300AF0D6FBBDE8C6
:1037E000104003780121024A02480AF032BC00BFAF
:1037F0004C1801000C09010010B5094BD3F8143125
:1038000063B1084908480CF096FA031E06DABDE8D1
:1038100010400121054A06480AF01BBC10BD00BF3C
:103820000000002054020020D00D00206E1801007E
:103830000C0901000B46B0B50D8A00AF04462946BD
:10384000D868FFF715FF8AB06A46094BC2E90750EE
:10385000C2E9053440F202439384064B4FF43251DF
:10386000054842F8103F0AF001FCBD46B0BD00BF5C
:103870008B180100050000010C09010037B5044652
:10388000084602EBC3039A4202D16FF05E0010E0DB
:10389000114611F8085BA54211D1038A517899426B
:1038A00009D908480121084A00940AF0BEF96FF0CE
:1038B000150003B030BD536898470020F9E70A4669
:1038C000E1E700BF0C090100AD18010010B50121AE
:1038D00004460C300AF059FB2146BDE81040002395
:1038E000014A00780AF0C5BB680C010010B501213F
:1038F00004460C300AF049FB2146BDE81040012384
:10390000014A00780AF0B5BB800C0100F8B501212E
:10391000044600AF0C300AF038FB0678002321463D
:103920003046104AFFF7AAFF5F3018D1258AE068B9
:103930002946FFF79DFE6C468AB06A460A4BC2E9EB
:103940000750C2E9053640F202439384074B4FF417
:103950003251074842F8103F0AF088FBA546BD46A1
:10396000F8BD00BF880C0100CF1801000500000160
:103970000C0901002DE9F74F0023804689461746C0
:10398000DFF804A1DAE8EF4FCAE8E23F002AF9D1F4
:10399000264644B9434601213C4A3D4803B0BDE8B0
:1039A000F04F0AF056BB2046FFF710FC4FF00C0B0F
:1039B000384D0BFB0050438843451BD02046FFF792
:1039C00005FC0BFB0050438801210093324A43461B
:1039D0002F480AF02AF9DAE8EF3FCAE8E26F002A36
:1039E000F9D1002B4DD01E46304603B0BDE8F04F54
:1039F000FFF78CBCA74208D020460AF05AFA3A8A50
:103A0000F96804F10C000AF096FA2046FFF7DEFB95
:103A10000C2707FB00504368ABB1B9F1000F12D17E
:103A20002046FFF7D3FB012107FB00504268D2E993
:103A30000003127A03F01F07B9405B09DAB100EB0B
:103A400083000AF008FB2046FFF7C0FB0C2707FBAA
:103A500000508368002BC7D02046FFF7B7FB7843A0
:103A600005F800902046FFF7B1FB07FB0055A8685A
:103A700004F0AEFBB8E7C94300EB83000AF007FB94
:103A8000E1E703B0BDE8F08F10010020011901004B
:103A90000C090100E81700202919010008B501F000
:103AA00031FC064BD3E8AF2F02F00B02D3E8EF1F37
:103AB000C3E8E02F0028F9D108BD00BFD4000020E2
:103AC0002DE9F8430C4605F035F8E168238A0A78B9
:103AD000042A7BD1022B0DD8424A434801210AF027
:103AE000B8FA2046FFF712FC002405F037F820460C
:103AF000BDE8F8834A783E2A0AD1032B01D13B4A1C
:103B0000EBE7CB78012B01D00A2B49D1032705E045
:103B1000052AFBD00E3A012A42D8012704F10C06EF
:103B200030460AF042FA012105463046B4F81090BA
:103B30000AF023FA022130460AF027FA0378804679
:103B40003E2B07D1E3681B78012B01D00A2B06D14D
:103B5000032614E0052BFBD00E3B012B30D941F29C
:103B60004513234A2349244809F03AFA002383F3F2
:103B70001188BFF36F8F0323184602DF02261F4A06
:103B80000323214698F800000AF073FAB20719D50A
:103B90006369A4F8109013FA85F5E560BB07A3D517
:103BA000214617480AF08EF9164917480CF0C3F859
:103BB000031E99DA0121154A0B480AF04AFA93E7E5
:103BC0000126DCE72046FFF7A1FBE7E713460121CA
:103BD0000F4A05480AF03DFA2046FFF797FB6FF0C1
:103BE000150482E75C1901000C0901007819010035
:103BF00098190100CC190100E5190100500C0100D1
:103C00001401002054020020D00D00206E18010085
:103C1000021A010038B51C480AF069F9044690B34D
:103C200000F10C0528460AF0B8F90428034624D10F
:103C3000284602210AF0A9F9037805460E3B012B1C
:103C40000ED840F6A843114A1149124809F0C8F9A4
:103C5000002383F31188BFF36F8F0323184602DF1D
:103C6000032321460C4A28780AF003FA2046FFF77E
:103C70004DFBBDE83840FFF7BFBD0121074A0848AA
:103C80000AF0E7F9F2E738BD1401002098190100A5
:103C9000161A0100E5190100680C0100441A010020
:103CA0000C09010010B5C1E900239DF808300C464D
:103CB0000B72FFF78BFA0C22024B02FB00335C60A5
:103CC00010BD00BFE8170020F8B502460B461048AB
:103CD0000AF0F4F80446C0B104210C300AF021F9CE
:103CE0002046FFF773FA0C2700260A4D07FB005009
:103CF00046802046FFF76AFA07FB005086602046A0
:103D0000FFF764FA07FB00556E602046F8BD00BF60
:103D100098040020E817002010B5044692B0442211
:103D2000064901A80CF0D6FA102C9DBF12AB03EB8C
:103D3000840454F8440C024812B010BD1C0A01005F
:103D4000581A0100034B0146D3F834018268926887
:103D5000104700BF000000202DE9F84F042100AFFC
:103D600046480AF078F96D4601F0CCFA88B06A4608
:103D7000434B4FF4E6515361424B434893614FF438
:103D800000739383414B424C42F8103F0AF06EF9A6
:103D9000AD46E2793F4B404E2046012A88BF1E4681
:103DA000FFF788FC8AB06A463C4BD061C2E9053611
:103DB0003B4B4FF4235113623A4B334842F8103FC8
:103DC0000AF054F9A346AD460125374EDFF8DC80F2
:103DD000DFF8B490E3790BF1070B9D4238DB94F8E0
:103DE00070506E462846FFF797FF8CB06A46B4F8CD
:103DF0007210B4F87630C2E907514FF4007553627F
:103E0000DFF8ACC02B4BC2E905C015854FF4535108
:103E100042F8103F1C480AF029F9B54694F8716041
:103E20003046FFF779FF8AB06A46B4F87430224909
:103E3000C2E90763214BC2E9051095844FF4335161
:103E4000114842F8103F0AF011F9BD46BDE8F88F5D
:103E50005846FFF72FFCEA468AB06A4640F2013323
:103E6000C2E90565D06113844FF41351484642F806
:103E7000108F0AF0FBF80135D546ABE7D4000020DF
:103E8000641A0100761A01000C0901000300000108
:103E900000000020601A01000F2601007A1A0100BC
:103EA0000002010304000002891A0100040000015D
:103EB0009A1A010006000001D81A0100050000014D
:103EC000014804F039BB00BF4402002070B505462C
:103ED0000C4659B94FF0FF304FF0FF31FFF7F4FEB9
:103EE000044618B96FF06805284670BD2046FFF7F4
:103EF0006DF90C22184BA61802FB003330465D808A
:103F00000AF053F803280BD9032130460AF024F8AD
:103F10000580238A0121033B837030460AF024F890
:103F200040F635439D420FD12046FFF70BFF054673
:103F30000028D9D003460121084A09480AF089F827
:103F40002046FFF7E3F9CFE7214606480BF03BFE9A
:103F50000025FFF7B5FFC7E7E8170020FF1A0100AB
:103F60000C0901001C01002038B502460B462B4D00
:103F7000D5F81C1109B9002038BD05F1F80004F08E
:103F800061F90028F7D10022002305F58E7004F0B6
:103F9000EDF8044668B940F6B843214A2149224861
:103FA00009F01EF884F31188BFF36F8F03231846BE
:103FB00002DFD5F810315BB101211C4A1C480AF020
:103FC00046F8D5F81001FFF7A1F90023C5F8103124
:103FD000204609F0A2FFC5F810012046FFF7B2FE07
:103FE0000346C8B10121134A11480AF032F81248B9
:103FF00004F0EEF82046FFF7E9F80C220F4B02FB25
:104000000033588818B122461F21FFF7B3FC204621
:10401000FFF77CF9FFF754FF0120ADE70000002017
:104020009819010040180100E5190100211B010049
:104030000C090100FF1A0100F8000020E817002019
:104040002DE9F04F87B0064690460C4600AF71B997
:104050004FF0FF304FF0FF31FFF736FE044668B9EE
:104060006FF0680528461C37BD46BDE8F08F887A9A
:10407000FFF7A4F8524B834240F09C8001220021BC
:1040800038460BF0B9FD2046FFF7A0F80C23DFF807
:1040900034B103FB00B08760204609F03EFF0146C3
:1040A0003046FFF713FF054618B12046FFF72EF9FB
:1040B000D8E70CF0DBF9444B1A58444B9A421ED116
:1040C00043480BF095FD002182464FF4A020FFF7F6
:1040D0004BFF814688B94FF4F9733E4A3E493F4849
:1040E00008F07EFF31463E4808F07AFF89F31188D8
:1040F000BFF36F8F0323184602DF5445E0D14FF41E
:10410000A0220023384604F09DF8814698B14FF470
:10411000FC73304A3349314808F062FF4A46314661
:10412000314808F05DFF002383F31188BFF36F8FE0
:104130000323184602DF2046FFF748F80C235843B4
:104140001BF80090B9F1000F2DD06D468AB06A4679
:10415000264BC2F81C90C2E90536254B4FF432516C
:10416000136240F202439384224B234842F8103FEB
:1041700009F07CFF2046AD46A9F10909FFF7C6F812
:10418000B9F1090F0CD8DFE809F0180B0B08050B83
:104190000B0B0B156FF00B0564E76FF00C0561E777
:1041A0006FF004055EE7B8F1000F3FF47EAFC8F88A
:1041B000004057E76FF0150554E76FF06E0551E7C3
:1041C00098040020E81700200800000038100020A4
:1041D0001C010020981901003C1B0100E519010099
:1041E000441B0100641B01006D1B0100B21B010098
:1041F0000F260100050000010C09010000222DE935
:10420000F04182B0114640F6034000AFFFF718FFBF
:10421000044600285FD1FFF741FC214641F203002C
:104220003A1DFFF70DFF0446002854D17A68C04DAF
:10423000D16805F17803D1F80100D1F8051003C366
:104240001046FFF763F8214641F201003A1DFFF7DF
:10425000F7FE044600283ED17868C3685A7885F88E
:1042600070205A88A5F872201A7985F87120B3F861
:104270000720A5F87420B3F80530A5F87630FFF7CD
:1042800045F8214641F202003A1DFFF7D9FE0446E7
:1042900008BBD7F804C005F18006DCF80C20531CDD
:1042A0004132344618685968083303C4934226469D
:1042B000F7D16046FFF72AF801F0A8F9044650B993
:1042C00095F87C3058060BD401219A4A9A4809F097
:1042D000BEFE6FF0120420460837BD46BDE8F081EF
:1042E000214642F203003A1DFFF7AAFE04460028C9
:1042F000F1D17A68914BD168D1F80100D1F805105D
:1043000003C31046FFF702F81F23A5F8E83095F81D
:104310007C30990618D44FF0FF304FF0FF31FFF793
:10432000D3FC064600284CD002210C3009F0FDFDDC
:104330000123447022460370314640F66D40FFF77A
:104340007FFE04460028C6D195F89C301A0712D586
:10435000002142F21C003A1DFFF772FE04460028BD
:10436000B9D17868C368D3F80120D3F80530C5E91E
:104370003823FEF7CBFF4FF0FF304FF0FF31FFF750
:10438000A3FC0446E8B108210C3009F0CEFD02265A
:1043900000222146067042708270C2700271427122
:1043A0008271C27142F20100FFF74AFE0446002802
:1043B00091D14FF0FF304FF0FF31FFF785FC804681
:1043C00010B96FF0680486E708210C3009F0ADFDE4
:1043D00080234370202304708470047144718471BD
:1043E0002246C670C371414640F60140FFF728FEE1
:1043F000044600287FF46FAF01463A1D4FF6014096
:10440000FFF71EFE40B14E4A02214B4809F01FFE45
:1044100000F014FC04465EE77B686E46DC688AB0F8
:10442000B4F80130032B96BF464A474952F823108F
:104430006A46D3614FF4007344481384444BC2E985
:10444000050142F8103F4FF413513B4809F00EFEAE
:10445000B4F80120B546022AB4F8033049D1052B3F
:1044600047D83C4A52F823106E468AB06A46D36158
:104470004FF4007338481384354BC2E9050142F804
:10448000103F4FF413512C4809F0F0FDB546637905
:1044900094F806C0032B98BF304AB4F80760D4F8EC
:1044A00009006C468CB094BF52F8231026496A4626
:1044B000C2E9073C4FF40073DFF8A4E09385294B71
:1044C000C2E905E1C2E909604FF4735142F8103FB7
:1044D000194809F0CBFDA5467868FEF717FF0021C3
:1044E0004FF602403A1DFFF7ABFD044618B11E4AD5
:1044F0008AE71549B8E77868C368B3F80130A5F8CA
:10450000C130FEF703FF95F8C1305B0780D5214627
:104510004FF603403A1DFFF793FD08B1134A73E7C6
:104520007868C3685B7885F8C030FEF7EFFE6FE708
:1045300000000020D11B01000C090100D800002060
:10454000F51B0100400C0100581A0100191C010064
:1045500004000001280C0100321C0100180C0100AD
:104560004A1C010007000001771C0100A01C01008B
:1045700073B52C4D0646D5F834010BF0DDF948B97A
:104580000121294A294809F062FD6FF012042046F2
:1045900002B070BD6FF0020105F1D40009F077FDA3
:1045A000012109F058FD10EA010437D1204B1E60AB
:1045B0000A4605F1F8000BF01FFB05F58E700BF0B5
:1045C000F6FA1C480BF0E2FB6FF007034FF496621B
:1045D00019491848009403F0B5FF1849154804F02C
:1045E00061F8D5F83401164983681B68984704467A
:1045F00030B103460121134A0C4809F02AFDC6E7F1
:104600003EB9FFF7FBFD04460028C0D1FFF7A4FB2D
:10461000BDE705F1C40003F08FFFB8E76FF0770442
:10462000B5E700BF00000020C91C01000C09010013
:10463000F4170020D00D002078340020E11C010088
:10464000C13A0000EA1C010010B5FFF7D7FD04468F
:1046500008B9FFF781FB044B1B681BB12046BDE87E
:104660001040184710BD00BFF4170020F7B5144BD9
:10467000054693F99B300C46002B1DDA14B92046F1
:1046800003B0F0BD082C4FF0000142F2180001AA5F
:10469000264628BF0826FFF7D3FC0028F0D1019F4B
:1046A0003246F968284601310BF014FE3846FEF711
:1046B0002DFE3544A41BE1E76FF08500E0E700BF65
:1046C0000000002038B5042104460C3009F05DFCE0
:1046D000034640885D7818B122461978FFF74AF9F9
:1046E00035B1044803F074FDBDE83840FFF7E8BB7E
:1046F00038BD00BFF8000020B0B50446032100AF6C
:104700000C3009F042FCE3680578197840F635432F
:10471000B0F80100984215D16C468AB06A460F4B3A
:104720000F48C2E905310F4B4FF41251D36140F2EB
:10473000013313840C4B42F8103F09F097FCA54657
:10474000BD46B0BD10B12246FFF714F9002DF7D0D9
:10475000064803F03DFDFFF7B3FBF1E7061D01003E
:104760000C0901000F26010004000001F8000020E0
:10477000F8B506460024094DEF79E3B29F4202D80E
:104780006FF0010007E02946304609F093FC073539
:10479000631C08B12046F8BD1C46EEE7000000206F
:1047A00070B51A4E0622314605460BF0C2FD38B3ED
:1047B0004FF0FF304FF0FF31FFF786FA044608B3A1
:1047C000062229460C3009F0B6FB2146002242F2AF
:1047D0000500FFF735FC044648B110F10D0F04D178
:1047E00002210B4A0B4809F06DFC204670BD334690
:1047F0002A6843F86929AA88B280012283F86820D0
:104800000024F2E76FF06804EFE700BF69000020C2
:104810004D1E01002C09010037B504460D4689B133
:104820002846184909F046FC60B9174A2968C4EBC4
:10483000C4041151A318AA889A80AA799A710020F9
:1048400003B030BD684609F0CDFB0028F8D16846BA
:10485000FFF78EFF0028F5DA0B4A0098C4EBC4047A
:1048600010519DF80610BDF80400A31898809971A6
:10487000002DE4D012592A609A88AA809B79AB71E6
:10488000DDE700BFF91701000000002008B528B1DE
:10489000054809F019FC030601D5012008BD0248AE
:1048A00009F012FCF9E700BFD400002070B50446FF
:1048B000B1B9C0B11F4909F0FDFBA0B92046FFF70F
:1048C00057FF00282FDA2378012B04D1A37903F0B6
:1048D000C003C02B07D00121174A184809F0F2FB8A
:1048E0006FF0150070BD164DEB79012B1ED005F150
:1048F000D40009F0E9FBC30707D4002CF0D0204610
:104900000C4909F0D7FB0028EAD1EE792146731C47
:104910003046EB71FFF780FF08B93046E2E7EB79EC
:10492000013BEB71DEE76FF07700DBE76FF00B0028
:10493000D8E700BFF91701005C1E01002C09010037
:10494000000000202DE9F341044640B91A4A022133
:104950001A4809F0B7FB002002B0BDE8F081002141
:1049600041F2090001AAFFF76BFB054608B1144AA2
:10497000EDE7019E0622D6F80C80124908F10107E6
:1049800038460BF0D6FC28B1062238460E490BF00B
:10499000D0FC18B93046FEF7B9FCDCE7D8F8013096
:1049A0003046C4F80130BB882570A4F80530FEF706
:1049B000ADFC0120D0E700BF8A1E01002C090100D8
:1049C000A31E0100061801000018010007B5684683
:1049D000FFF7B8FF044BD87118B169460020FFF704
:1049E0001BFF03B05DF804FB00000020F0B5304D64
:1049F00089B0EC79002C53D195F8C26016F001060D
:104A000010D12C4A02212C4809F05CFBEC711626CF
:104A100000240127EB79E0B298422CD3002B3FD041
:104A200000203BE06A4621464FF60940FFF708FBAD
:104A300008B1224AE6E7DDF800C0DCF80C104B783C
:104A400023B96046FEF762FC1D4ADBE78B1C02AA15
:104A500001F11204174618685968083303C7A342C6
:104A60003A46F7D11868344638609B886046BB8068
:104A7000FEF74CFCCAE708AB06FB003353F8182CD2
:104A800033F8143C6946CDF80120ADF805308DF8B7
:104A90000070FFF7C1FE01340028BBD009B0F0BDA3
:104AA0000021084609B0BDE8F040FFF7FFBE00BF97
:104AB00000000020C11E01002C090100ED1E0100B4
:104AC0000D1F010010B50C4631B300F0AFF998B1DD
:104AD00000F11003184609F0F7FAC1050CD5184685
:104AE00009F0F2FAC20407D50D4B1B78012B11D146
:104AF0000123002023700CE000F098F920B1103061
:104B000009F0E2FAC305F3D4002009F0EDFA002819
:104B1000EED010BD0023ECE76FF01500F9E700BF01
:104B2000000000202DE9F0410E4617461D460446C0
:104B300050B14BB10A03037813D54C0709D50121B5
:104B40003A4A3B4809F0BEFA6FF015042046BDE82A
:104B5000F08109F0DFFA04460028F7D101232B7019
:104B6000F4E7B1072FD033480FB1B20608D4C3EB36
:104B7000C302825C012A13D002B92A700024E5E73F
:104B800090F8D82051064ED5C3EBC302825C012AAF
:104B900006D002B92A702B7843F002032B70EDE7A0
:104BA0004FF00108072111FB03810144204609F061
:104BB00093FA04460028C9D185F80080002FDDD083
:104BC000B206DBD5E7E716F0040213D01949C3EBB0
:104BD000C3028F5C012F0AD1072212FB0373194411
:104BE00009F07AFA04460028B0D12F70E8E7002FC8
:104BF000E6D1FAE7104809F067FA830604D42046A4
:104C000009F088FA0446A9E7104600F093FB06462F
:104C1000204609F07FFA044601202870002E95D125
:104C200000F088FB92E76FF085048FE7361F0100E4
:104C30002C09010000000020D400002038B5104DE0
:104C4000EB7913B10024204638BDFFF7BFFE0446C0
:104C500028B10C4A01210C4809F034FAF3E7EB794A
:104C6000002BEFD1FFF7C2FE04460028F1D1681CEB
:104C7000FFF796FD04460028E5D0044AEAE700BFA6
:104C800000000020551F01002C090100741F0100C5
:104C90002DE9F74F8A4601904FF0FF314FF0FF307A
:104CA000FFF712F8044600284ED020210C3009F0FE
:104CB0003CF94FF0000980464D46202200210BF0C0
:104CC00030FBDAF8007008F1010BDAF804209145A6
:104CD00009D300222146019888F8005003B0BDE8AE
:104CE000F04FFFF7ADB97A78A81C81181F2997F803
:104CF00000C015D9BCF1090FC0F11F0201D1002A73
:104D00000CDC0121124A134808F07CFF2046FEF714
:104D1000FDFA6FF0150003B0BDE8F08F4FF0080CFE
:104D2000D6B2711C0BF80510691CC9B20BF801C092
:104D3000023679685BFA80F02E440BF0CBFAF5B2BC
:104D400009F101090837C0E76FF06800E3E700BF29
:104D5000971F0100F4080100F8B54568064669058B
:104D600035D4046914B115F0030330D0194F3078ED
:104D7000FB7983422BD9C0EBC00007221649384487
:104D80000BF0D7FAA8B115F0030306D197F87020FD
:104D9000082A02D8B2689F2A19D915F0300F09D015
:104DA000ACB1EA060AD405F46035B5F5603018BF39
:104DB0000120F8BDEB0601D4002CF4D1D6E9022382
:104DC0009A4204D81F2A02D9B3F5804FEBD90020AC
:104DD000EFE700BF00000020F9170100F7B5CDE9AB
:104DE0000001694642F2080016461D469DF82070F3
:104DF000FFF74EFF044648B95FB90B4BD3E8EF1FEE
:104E000041F00401C3E8E21F002AF7D1204603B0B5
:104E1000F0BD694642F20900CDE90065FFF738FFB1
:104E20000028EAD00446F1E7280000200048704737
:104E3000180000202DE9F04F7D4ED0F810B0054647
:104E4000BBF10004304687B018BF012409F091F986
:104E50000F46410791469A4640F1CA802846FFF71F
:104E60007BFF60B96FF015043846002340F2011152
:104E7000994540F0C680204607B0BDE8F08F28462F
:104E8000FFF704FD80460028ECD0A6F1AC0009F045
:104E900070F9C205C0F3002300F1AD80CDE9033302
:104EA000CDF81330AB686868ADF80830EB68ADF842
:104EB0000A3009F04FF98DF81500D6E8EF3F23F4DA
:104EC0008073C6E8E23F002AF7D12A780DF10D037E
:104ED00006F8BC2C06F8652C69682246A6F1BC00D1
:104EE000FFF720FE04460028BED1A6F1B303BBF1B4
:104EF000000F11D02A69116846F8B31C9188998077
:104F000092799A716B689C073AD1990502D4BAF1EB
:104F1000000F49D002230BE0464A116846F8B31C43
:104F20009188927999809A716B689807EDD05B4669
:104F30008DF80C304FF0FF304FF0FF31FEF7C4FE1C
:104F4000044600285AD00F2202A90C3008F0F3FFC3
:104F50002146002242F20600FFF772F804460028BC
:104F600082D1BBF1000F23D00121334809F019F998
:104F7000044648B30121314A314808F043FE73E743
:104F800013F0100F0CBF012304238DF80C302B6994
:104F90001A68CDF80E209A88ADF812209B798DF80A
:104FA00014304FF00008C5E703238DF80C30F8E704
:104FB000524649463846109BCDF80080FFF70EFF59
:104FC00004460028D0D04FE76A681E4812F003025A
:104FD00018BF0122092109F0CFF842460A2109F041
:104FE000CBF86A680C21C2F3800209F0C5F83BE7F0
:104FF0006FF00A0438E76FF0770435E76FF0680464
:1050000032E702888A4204D1426812B11278D2078C
:1050100002D4013308302BE70B490C480AF0BCFEE0
:105020004FF470220023094803F036FB23E700BF4A
:10503000D4000020F917010018000020B01F010063
:10504000F4080100280000209D50000030000020DE
:1050500010B50F4809F0CBF80E4809F08AF8C205E0
:1050600013D500210A4809F09CF8044670B90A4893
:1050700009F07FF8830608D5204600F05BF920464A
:1050800009F032F8012000F055F90024204610BD47
:105090001800002028000020D400002010B5FFF7E1
:1050A000D7FF034630B1BDE810400221024A034851
:1050B00008F0B1BD10BD00BFCB1F0100F408010016
:1050C00070B505460E464FF0FF304FF0FF3186B009
:1050D000FEF7FAFD0446A0B102210C3008F025FFCE
:1050E000094A4670057003A9204605230095FEF77E
:1050F000D9FD0022214642F20C00FEF7A1FF06B0C6
:1051000070BD6FF06800FAE7D400002008B50C4BC2
:105110000246400903EB800009F06CF802F01F031F
:1051200040FA03F313F0010006D122B9054809F053
:1051300061F840F3C01008BD6FF07700FBE700BFD7
:10514000F8170020D4000020084A430902EB83022C
:10515000012300F01F008340DB43D2E8EF0F18402B
:10516000C2E8E10F0029F8D1704700BFF81700200E
:1051700030B587B0002200235C4802F02FFF0028E2
:1051800040F092805A4809F035F810F00103584D6C
:1051900045D02B1D93E8070006AB03E907005548EF
:1051A00009F028F8C0F34013514809F023F80146EC
:1051B00000286BD073B10C224F490DEB02000BF0AD
:1051C000B8F800286BD000210846FFF779FF0446A5
:1051D000002865D10023ADF80930BDF80E309DF8E8
:1051E0000C00ADF80530BDF810308DF80400ADF8B6
:1051F0000730431E58420DF109015841FFF762FC88
:10520000044600284CD14FF0FF304FF0FF31FEF73D
:105210005BFD0546002849D16FF0680440E0354841
:1052200008F0E8FF10F0800F344A0ED04FF480747D
:105230009089D1891269ADF80C40ADF80E00ADF837
:105240001010ADF812300592A9E72D4C03AB206881
:10525000616803C3A068186092F8D930180748BF86
:105260000523234848BF8DF80D3008F0C3FF8107A0
:1052700006D53023ADF810306023ADF80E308EE740
:105280001B4808F0B7FF4207F3D488E73BB1FFF7AC
:1052900017FF044620B9184B2861C3E90100002418
:1052A000124802F013FF204607B030BD072201A9C3
:1052B0000C3008F040FE2246294642F20B00FEF771
:1052C000BFFE04460028EBD19DF80D10012001F02F
:1052D0000101FFF7F5FE04460028E1D1064B06AABE
:1052E00012E9070083E80700D9E700BF141800207F
:1052F000F8170020D400002008180020000000202B
:105300006C0A010010B5094C4422002120460BF024
:1053100008F804F11C000AF0B9FB04F130000AF0AF
:10532000B5FB0022024B1A6010BD00BFF817002029
:1053300044180020044B0038597C18BF012001F0AC
:105340000101FFF7BDBE00BFF8170020032838B5E4
:10535000054603D1BDE83840FFF70ABFFFF7D6FE88
:105360000446A8B90B4B6A0903EB8203012205F03E
:105370001F018A40D3E8EF0F1043C3E8E10F002973
:10538000F8D1FFF7F5FE044610B12846FFF7DCFE22
:10539000204638BDF81700202DE9F04F00F10C062B
:1053A0008BB00446304608F0F8FD8046644808F0AB
:1053B00021FF00F001036248029308F01BFFDFF8B1
:1053C00084A1C0F380030193B8F1000F02D10BB0A8
:1053D000BDE8F08F029B13B9019B002BF7D0238A05
:1053E000082B07D80121584A58480BB0BDE8F04FA8
:1053F00008F008BC0921304608F0C7FD037A228A6C
:1054000001339A420546EDD30123ADF824307F23C2
:105410008DF81E30037A471C03445B7A8DF81D30EB
:10542000FF238DF81C300023ADF822300278042AC7
:1054300098BF474B8DF81F2098BF9B5CADF820307C
:10544000037A3F48009308F0D5FE03463C4808F035
:10545000D1FEDA0703D5BDF820305B0765D43846A6
:1054600008F0D9FD00284AD0394604A808F0C8FD44
:10547000DAF80030B3B1304608F097FD8146009B62
:10548000B4F810B0DAF8007023829DF81F2033467C
:105490009DF91D1004A8B8476369A4F810B013FA69
:1054A00089F3E36004AB06932A4B1A68002A3AD0CA
:1054B000136803B1083B52F8081CB9B11F46A2F1AA
:1054C00008033046039308F070FD8146009BB4F852
:1054D00010B02382039B31461B6806A89847636976
:1054E000A4F810B013FA89F3E3603B46DBB19F6880
:1054F0001A68B7B1083F002AE3D13B46F7E76B785B
:10550000FF2B09D1144B186804909A889B79ADF849
:1055100014208DF81630ABE7394608F0D8FD034665
:10552000F1E7002ACDD100230693297A30460131D4
:1055300008F1FF3808F021FD5FFA88F844E700BF62
:10554000F817002044180020F11F01003409010061
:105550000A2001003C180020F9170100F8B50546A3
:10556000224808F047FE43070F463CD52A78012A17
:1055700003D96FF015042046F8BD6B780F2BF8D8CF
:1055800043F6FC746888031F9BB2A342F1D8A98834
:105590000B1F9BB2A342ECD88842EAD37AB900220F
:1055A0000023134802F01AFD04460028E3D1FFF758
:1055B000ADFD044640B10E4802F088FDDBE708F07F
:1055C000C0FD0028EBD1D4E728686968094E0A4B72
:1055D00003C6A8681F6030602046FFF7B7FE044688
:1055E00006F12400E8E76FF00A04C4E7D4000020C5
:1055F00028180020FC170020441800200020024B2F
:10560000186008F0FABD00BF4418002008B504F087
:1056100071F938B101210346034A044808F0FBFA46
:105620006FF0040008BD00BF17200100240901002D
:1056300008B504F005F938B101210346034A0448CE
:1056400008F0E9FA6FF0040008BD00BF3320010044
:1056500024090100F8B504260D4607693744384689
:105660002A8AE968FBF740FD10F10C0F04460BD1C4
:105670004B200AF045F9013EF1D122460649074880
:1056800008F0C8FD2046F8BD0028F6DB2846FDF7E7
:105690003DFE0024F6E700BF62200100140901006E
:1056A0002DE9F04F1746D2F8109002780546042AEB
:1056B000884687B001F1FF330BD0052A00F09580B2
:1056C000022A40F0D480032B61D8042200926B4A56
:1056D00004E0012B09D802220092694A012169489D
:1056E00008F0A3FA07B0BDE8F08F43783E2B30D125
:1056F000C678B31E5E425E41B5F80120A8F10303EF
:10570000B3EB122FADF814204FEA122826D116B3AE
:1057100000230024CDE90234DFF86CB1DFF864A186
:105720003146DDE902239DF81400FEF737F8044600
:10573000C0B100F10C06022205A9304608F0FBFBBF
:10574000304608F036FC804514D9434600904F4A55
:1057500037E00026D0E74FF4A023DAE74C4ACDF833
:105760000080BBE7002EBDD102215A46504608F00A
:1057700049FAD5E742463046E91C08F0DCFB2146F1
:105780003846D9F8003007B0BDE8F04F184700227E
:1057900000230820FDF7EAFF0446D0B1D5F8013018
:1057A000A8F1050600F10C080422404605A905935E
:1057B00008F0C1FBBDF816309E4250D0009333462E
:1057C000344A01212F4808F030FA2046FDF79EFDAB
:1057D00088E70121304A2B4807B0BDE8F04F08F0B8
:1057E00011BA32464046691DC7E7032B03D804228D
:1057F00000922A4A72E7002200232020FDF7B6FF1C
:10580000DFF89CA00446C0B1D5F80130A8F1050628
:1058100000F10C080422404605A9059308F08BFB13
:105820000023CAF80030BDF81630C3F30D039E42C2
:1058300015D01C4A00933346C3E76421DAF80020F0
:10584000B2FBF1F301FB13231BB917490D4808F014
:10585000E1FCDAF800300133CAF8003042E7404694
:1058600008F0A7FB8642BCD9334600906FE70F498A
:10587000044807B0BDE8F04F08F0CCBC2D21010072
:105880007A20010014090100D52001000A2101003D
:10589000A620010071210100572101009E21010075
:1058A00048180020E8210100C8210100162201004B
:1058B00070B5056900200E4600F060F8044630B16E
:1058C00002461549154808F0A5FC204670BD286C15
:1058D000FBF77CFB044628B110F1780F02D002469A
:1058E0000F49EFE7286C05F10C02291DFBF7AEFB11
:1058F000044610B102460B49E4E74FF4803200231E
:1059000005F1280002F09EFC044610B1024606494B
:10591000D8E72E60D9E700BF2A2201001409010050
:105920004F2201007F220100A322010038B5056942
:10593000281DFBF7ADFB044630B102460B490C486D
:1059400008F068FC204638BD286CFBF75FFB044676
:1059500010B102460749F2E708F061FC044610B1B5
:1059600002460549EBE72860ECE700BFC3220100CF
:1059700014090100EE22010012230100102208B5D3
:10598000034B0120C3F84024FDF7D8FD002008BDDB
:1059900000300050084B70B5C31A0D4607499B10E4
:1059A000044659434022064808F048FC2B4601466D
:1059B0002046BDE87040184760180020B76DDBB680
:1059C00038050100402373B50B4C0093041B0B46B4
:1059D0000D460A49A41061430646094A094808F0E1
:1059E00058FC011E05DA30462B4602B0BDE8704077
:1059F000184702B070BD00BF60180020B76DDBB65D
:105A0000FBE20000380501002DE9F04700220121EA
:105A100007460520FDF7C4F8124801F0FDF80446DA
:105A2000D0B901F02DF925464FF01C0A4FF00C08B3
:105A3000DFF834903E6949460AFB056007F098FD9F
:105A4000031E0CDB012308FB05661D44042DB36710
:105A5000F0D12046BDE8F0876FF00404F9E71C465A
:105A6000F7E700BFA15B00009C0C01007FB500229E
:105A70000123CDE9022304ABCDE90433094A6B4687
:105A8000CDF800D0CDF804D008F030FC002805DBBC
:105A90004FF480420023684602F0D4FB07B05DF863
:105AA00004FB00BF25E3000010B5EFF311842023B1
:105AB00083F31288BFF36F8F074A136823F0020144
:105AC000DB07116002D4012008F0C1FD84F31188C6
:105AD000BFF36F8F10BD00BF001900200C22104BC8
:105AE000014602FB0033002030B4D3E91C52186792
:105AF000EFF31180202484F31288BFF36F8F9C6F23
:105B000004F0C00444F002049C6780F31188BFF3E2
:105B10006F8F1DB12B4630BC0248184730BC704710
:105B2000601800203805010010B4EFF31182202323
:105B300083F31288BFF36F8F1748016841F00204A6
:105B40000460C80707D482F31188BFF36F8F012068
:105B500010BC08F06DBD4FF05021D1F80C04D1F805
:105B60000C14C907EFD5EFF3118083F31288BFF34C
:105B70006F8F0A498B6F03F0C00343F002038B67FA
:105B800080F31188BFF36F8F82F31188BFF36F8F9B
:105B9000002010BCFFF7A2BF0019002060180020F1
:105BA000092813D8DFE800F00510121212121212A1
:105BB0000E0C074B986F10F0070007D1FFF78EBF50
:105BC0000220FBE70320F9E70120F7E7704700BF59
:105BD000601800202DE9F041012207463649D1E83E
:105BE000EF3FC1E8E02F0028F9D133B933493448F9
:105BF0004B60CB608A6007F0CEFC7B1E012B2BD85C
:105C0000012F07D14FF05023D3F81C3403F00303C6
:105C1000022B21D00AF0DFF80546F8B9294B1B7892
:105C2000E3B14FF0502302220646C3F808234FF099
:105C30005024DFF89480D4F81824D4F81834D20310
:105C400015D503F00303022B01D0012F0FD16DB343
:105C500086F31188BFF36F8FBDE8F081EFF31186F3
:105C6000202383F31288BFF36F8F0125DFE7C5B1CF
:105C7000304608F0D4F8D4F81835DBB2012BDAD16D
:105C8000D4F80421002AD6D00022C4F80421D4F884
:105C900004210222C4F818252022C8F88021A3601C
:105CA000C9E7002121200AF04AF9E4E74FF0502328
:105CB0000222C3F80423CFE75C1800204C18002010
:105CC0007C180020732D002000E100E008B5074893
:105CD00009F032FE38B10648FDF736FA0448FBF702
:105CE00047F8002008BD6FF01200FBE7D80501005F
:105CF000F55C00000A2838B50446074D04D1AB68AE
:105D00000D2128465B689847AB6803485B68E1B2A1
:105D10009847204638BD00BFD8050100F0B545685A
:105D20001646A8682A7C01F01F0487B044EA421492
:105D3000002868D0B6F5001F04D1214608F0BEFF48
:105D4000002051E00020B6F5800F01AA01905060BC
:105D500037D1B3F1007F14BF052304238DF804303D
:105D60000023CDE904230393EB680DF1030723FA25
:105D700001F111F0010139D1B6F1A07F36D104F063
:105D80001F03620903F1800326D0012A3ED1214A74
:105D900052F82330DB0729D43A462146A86808F098
:105DA00020FF16301AD002972146A86803AA08F0EF
:105DB000E4FD002818DB01222146A86808F02CFF2A
:105DC000BEE7B3F1C06F05D0B3F1007F14BF01236C
:105DD0000223C3E70323C1E70F4AD9E73946A8687E
:105DE00001F074F90028DEDA07B0F0BD3A4621462A
:105DF000A86808F0F6FE0028D6D19DF80310A86820
:105E000001F05AF9D0E76FF08500EDE751F8233043
:105E1000FFDE00BF0028845000258450420903465D
:105E200070B502D0012A17D070BD0D4E326951688D
:105E30000029F9D0012503F01F030C689D400029BB
:105E4000F2D08A682A4002D030464B6898472CB17D
:105E5000236821461C46F2E7024EE7E72346F8E7AF
:105E6000780501005805010038B54568A86890B16B
:105E700008F0CAFE014670B9A86801F0EBF80446C4
:105E800058B902460649A86808F0A8FE224605212E
:105E90000D20FCF785FE002038BD6FF00400FBE705
:105EA0001D5E00002DE9F04340F206364768D0063B
:105EB00048BF4FF0030C3B7C02EA060658BFC2F312
:105EC000401C87B001F01F05B6F5837F144645EAF4
:105ED00043158DF803C044D00DD8062E16D005D832
:105EE000A6B1022E3FD06FF0150037E0B6F5807FE7
:105EF000F9D101260AE040F20222964235D0B6F5E9
:105F0000407F34D0B6F5007FEDD102260123220375
:105F100003FA01F12DD57B689960B86880BB05F064
:105F20001F036D092AD0012D73D13C4A02EB830275
:105F300084F48033D2F80012C3F30043C4F3404426
:105F400044EA430421F4706144EA8C0421F00F0117
:105F500044EA06230B43C2F80032002007B0BDE834
:105F6000F0830726D2E70426D0E70526CEE70326EE
:105F7000CCE7630344BF7B68D960CEE7284AD5E706
:105F800029460DF1020208F02CFE14F4403F804631
:105F90000CD12946B86808F03DFEB8F1000FDCD1FD
:105FA0009DF80210B86801F087F8D6E74FF00009B5
:105FB00001ABCDE90199CDE90439CDF80C90294622
:105FC000B86803AA08F0D9FC4845C6DB14F40033CE
:105FD00014D09DF8033084F48034C4F300448DF869
:105FE0000E308DF80C608DF80D404B462946B86890
:105FF00003AA08F07AFD0028CFDAAEE7CDE9043332
:106000000DF1030303932946B86803AA08F0B5FC11
:10601000F1E7803350F82330FFDE00BF00288450C2
:106020000025845010B504460269A2B0C2F8800071
:106030001F49002001F040F9002201212A20FCF72D
:10604000AFFD64688422002101A80AF06AF9636840
:10605000B3F5803F04D30221164A174807F0D2FD5A
:106060002368B3F5803F04D30221144A124807F095
:10607000C9FD00230120219301AA61680432D9409F
:10608000C90744BF00FA03F142F8041C2168D94053
:10609000C90748BF00FA03F103F1010348BFD16308
:1060A000102BEAD101A801F01BF9002022B010BD8D
:1060B00099610000E42301006C0901001024010033
:1060C00038B50F290C4605693CD843681B68CB409E
:1060D000DB0737D5D5F88430CB4003F001031AB97C
:1060E000EBB96FF077002CE0002BFAD155F8213096
:1060F00023B90221154A164807F084FDD5F88430EB
:1061000013B92A20FCF71CFD0122D5F88430A240E7
:106110001343C5F88430E0B201F002F90AE0C8B2D6
:1061200001F006F90122D5F88430A24023EA0203E7
:10613000C5F88430D5F8843013B92A20FCF70EFD59
:10614000002038BD6FF01500FBE700BF3C240100C4
:106150006C09010038B505460C4622B102210C4AF3
:106160000C4807F04FFD0F2C0ED86B685B68E340BE
:10617000DB0709D501230020A400E4B204F1A04408
:1061800004F52834236038BD6FF01500FBE700BF2D
:106190006C2401006C09010070B5D1F880600F28F3
:1061A00004460D46736803D81B68C340DA0704D45D
:1061B00002210E4A0E4807F025FDD5F88430E34051
:1061C000DB0704D402210B4A094807F01BFD05EB4D
:1061D000840255F824503DB121463046AC46BDE816
:1061E00070400023126C604770BD00BF872401001F
:1061F0006C090100A3240100036803F01F025B097E
:10620000026004D0012B034818BF002070470248E9
:10621000704700BF00288450002584502DE9F04FBE
:106220001546824640F2FF19DFF8B0B185B000EBA9
:106230008108D04503D1002005B0BDE8F08FDAF821
:106240000030C3F3C3210829C3F3080400F2C0805F
:10625000634A4C45515C4FEA136311D0222B1DD980
:106260004E2B40F0B880C5F81445012603A80394CE
:10627000FFF7C2FF039B06FA03F38360374654E03F
:10628000222B09D94E2B40F0A6804FF0FF33C5F8E2
:1062900014350AF1040ACCE74FF0FF34222B00F248
:1062A0009A80DFE803F012171E3621273698989857
:1062B0009839639898989898989898986B76797C7C
:1062C0009898987F86898C8F9200C5F80C45631C3E
:1062D000CBD1DEE7C5F81445631CDAD000260027D1
:1062E00023E0C5F80845F2E7601CC5F80845D0D0A2
:1062F000002604E0621CC5F80C45CAD0012601271F
:1063000003A80394FFF778FF039B07FA03F3C36026
:106310000BE0C5F81045DFE7C5F808450029DBD1DB
:10632000671CB6D0002606213746DAF80030039401
:1063300003F40040002803A81CBF01260027019396
:10634000FFF75AFF039C019B00EB8400D0F800424A
:10635000C3F3412C0B0243EA8C033B4304EA0B04D6
:10636000234343EA4603C0F8003292E7C5F80C45E0
:106370000029D5D0661C8CD000267FE7C5F8604583
:10638000601CDAF8003084D0C3F30043002BB5D092
:106390006BE7C5F86445F3E7C5F86845F0E7C5F86D
:1063A0006C45EDE7C5F82445621C3FF472AF012649
:1063B00095E7C5F828458AE7C5F83045F4E7C5F8FC
:1063C0003445F1E7C5F83845EEE7C5F83C457EE7CA
:1063D0006FF0150030E76FF085002DE7F0F0FCFF5F
:1063E000D92401002DE9F04104460D46476809F023
:1063F000F2FC4FF0200888B9264B1B7873B1642655
:10640000606808F057F8F0B9012008F0C8F8013EBC
:10641000F6D10021212009F092FDF0E7EFF311867B
:10642000314688F31288BFF36F8F606808F042F836
:10643000A8B986F31188BFF36F8FEFE786F3118851
:10644000BFF36F8FE5E7EFF31186314688F31288CB
:10645000BFF36F8F606808F02DF80028EED0FB695D
:1064600000201D706368FA691B68C3F84425012287
:10647000C3F84825C3F82001D3F82041C3F85801D8
:10648000D3F858019A6081F31188BFF36F8FBDE88C
:10649000F08100BF732D00202DE9F0410546002258
:1064A00001210820FCF77CFB0820FCF749FB6C6805
:1064B0000121E06808F02FF86B6819682369C1F8BA
:1064C0002435A27D637D207D1343228B0243134339
:1064D000C1F86C356F68D7E9004313F0010346D06B
:1064E000D5F8108004F10C0108F1080204F5907051
:1064F00008F08AF8061E07DA01212A4A2A4807F01E
:1065000081FB3046BDE8F08198F8080000F064FB9C
:106510000823C4F80035FB69C4F844350023C4F8E7
:1065200048350123A360D4F85831002BFBD0002656
:10653000C4F800656B683146D86807F0ECFF6D68F9
:106540003146E8682C6807F0E6FF0823C4F80035F8
:106550002A7A52B92B6AC4F834350123C4F8383585
:10656000C4F81021D4F8102123600026C9E70822BE
:10657000C4F80025FA69C4F84425C4F84835012355
:10658000A360D4F82031002BFBD00023C4F82031C5
:10659000D4F820310123E3604FF48073C4F804334E
:1065A000C1E700BFE22401009C09010001238340F0
:1065B00070B5DC430B4AD2E8EF1F01EA0405C2E8DC
:1065C000E65F002EF7D14FF4803282400648C0F8D3
:1065D0000823BFF35F8FBFF36F8F0B4214BF0120FF
:1065E000002070BDB41900200050015070B40E4955
:1065F00022F07F46D1E90034D01AC31844F10004D8
:10660000C1E90034A6F50013B3F5400F09D2074BDA
:106610001B681A0A1B069C19054B42F10005C3E9C9
:10662000004570BC02F096BDB80E0020B8190020DD
:10663000C00E0020D9B101230D4A8340D2E8EFCF2C
:106640004CEA030CC2E8E1CF0029F7D14FF48033C4
:10665000084A8340C2F80433074BD3E8AF3FC34036
:10666000DB0742BF4FF40012044BC3F80021704710
:10667000B419002000500150B019002000E100E0E2
:106680000D4B1868010A0006BFF35F8F0B4BD3F860
:106690000435181841F10001B3F5801F0AD2084BE8
:1066A000D3E90023904271EB030303D210F1807011
:1066B00041F10001704700BFB8190020005001509F
:1066C000C00E00202DE9F04F85B016461F46044647
:1066D0009DF840A0FFF76AFF0190FFF7D1FFB0429D
:1066E00071EB070352D23B4B301A67EB0101984222
:1066F00071F100014DD2384B03EB0413D3E90223AF
:106700009F4208BF964258D04FF48038334908FA68
:1067100004F8204626F07F4BC1F8488307F00DFFB0
:106720004FF00309584604F15005AD00ADB205F134
:10673000502504F5A87305F580350293029A20F0E0
:106740007F4341F82230C1F84483D1F80435244A0C
:10675000C01A033820F07F4090422ED9286868B1D3
:10676000D1F80435A3EB0B0020F07F40B0F5000F0B
:10677000039322D9204607F0E0FE039BBAF1000FF5
:1067800007D109EB030009F10109D7E7BAF1000FBE
:1067900009D06FF0150520460199FFF74BFF2846F9
:1067A00005B0BDE8F08F01230E4AA340D2E8EF0FF9
:1067B0001843C2E8E10F0029F8D107490E982301D8
:1067C000C8500F9B01EB04120025C2E90267536019
:1067D000E1E700BF01008000A80E0020005001503A
:1067E000FDFF7F00B01900207FB500254FF0FF307E
:1067F0004FF0FF31194C1A4B0226C4F80833C4F885
:106800004833184BC4F80855C3E902014FF48033EC
:106810004FF40012C4F80433134B0121C4F804638D
:106820001520C3F880212A46FCF7BAF91520FCF799
:1068300087F901230D4AA360236013600C4B0D4AB6
:10684000009328460023CDE90155FFF73BFF304672
:10685000FFF7C0F9284604B070BD00BF00500150DA
:1068600003000F00A80E002000E100E0B419002092
:10687000ED650000FFFF7F002DE9F7432E4BD3F8B5
:10688000042390070BD5D3F8042142B10022C3F8AA
:1068900004212A4AD3F80431136801331360264ACD
:1068A000D2F80433D90326D5254BD3E8EF1F21F0C6
:1068B0000100C3E8E40F002CF7D1CB0702D4D2F8D3
:1068C0004031C3B100251C4CC4F84051D4F84031CC
:1068D000FFF7D6FEEFF31182202383F31288BFF374
:1068E0006F8F184BD3E90267B042B94106D282F3E9
:1068F0001188BFF36F8F03B0BDE8F0834FF0FF380E
:10690000D3E900104FF0FF391D60C3E902894FF44D
:106910008033C4F84833C4F84051D4F8403182F38E
:106920001188BFF36F8F0029E5D0009032463B46B7
:1069300028468847DFE700BF00500150B819002003
:10694000B0190020A80E002030B5431C124C85B0B1
:1069500005D08442A8BF0446012CB8BF0124FFF72C
:106960008FFE0E4B0C4DD3E90013401AB0F5000F0B
:106970000FD22218AA4228BF2A46002052180849DE
:10698000CDE90100009143F10003FFF79BFE05B044
:1069900030BD2A46F1E700BFFFFF7F00B80E0020A0
:1069A000ED65000008B5FFF76BFE024B1B68C01ACF
:1069B00008BD00BFB80E00204FF40071014802F07E
:1069C000C1BE00BF732B00204FF47F03D3F83021EA
:1069D000D3F83431072A05D1023B032B02D8024AEF
:1069E000D05C7047002070472325010008B5FFF7F1
:1069F000EBFF58B1644BD3F8202A3AB90D21C3F804
:106A0000201A0121C3F81C19C3F81C290022D30045
:106A100003F57F03D3F80013013107D0D3F8001337
:106A20000132D3F80433202A0B60F0D1FFF7CCFFFA
:106A3000002840F0A080FFF7C7FF40B1534B544AF5
:106A4000C3F830254FF050230122C3F858254FF4E6
:106A50007F03D3F83021D3F83431072A09D1023B20
:106A6000032B06D84B4AD35C1BB100224A4BC3F818
:106A70004C25FFF7A9FF50B14FF05023D3F8002465
:106A8000D10742BF0022C3F81421C3F818214FF4E4
:106A90007F03D3F83021D3F83431072A09D14FF0DE
:106AA0005023D3F80024D20744BF6FF00102C3F88B
:106AB0000024FFF789FF18B16522334BC3F80C2778
:106AC0004FF47F03D3F83021D3F83431072A16D19D
:106AD000314BD3F82034002B11DA4FF0502303222E
:106AE000C3F8182501229A60D3F80421002AFBD0AC
:106AF0000022C3F804210122DA60C3F818254FF4FC
:106B00007F03D3F83021D3F83431072A23D1023B55
:106B1000032B02D8214AD35CEBB17E221A4B1B49CE
:106B2000C3F80C27C3F83C297F231D4AC2F818314B
:106B30000023C1F8043EC1F8083E01F54821C1F820
:106B40001031C2F82431C2F82C3102F5FF1202F5DF
:106B50008052C2F8A032134AD2F88C3043F440631A
:106B6000C2F88C30104A114B1168C3F84415D26931
:106B7000C3F84C2508BD2922034BC3F80C27032278
:106B8000C3F83C2757E700BF004000500090035077
:106B90004400EFBE1F250100002003501B2501000B
:106BA0000020005000ED00E00080FF000060005079
:106BB000014B1860704700BFBC19002010B5054B91
:106BC0001446186807F0EDFC0028A4BF20700020D0
:106BD00010BD00BFBC1900200123024A8340C2F847
:106BE0000435704700700150014B00201B681847A6
:106BF000C0190020014B1B68184700BFC0190020B6
:106C0000014B09201B681847C0190020014B0820C0
:106C10001B681847C019002010B5144C237913BB0A
:106C200001232371124B0028206018BF184600F082
:106C300037F8D0B923680F48002B08BF184600F07A
:106C4000B9F890B923680C48002B08BF184600F02B
:106C5000F9F850B923680948002B08BF1846BDE869
:106C6000104000F063B86FF0770010BDC01900202D
:106C7000E96B0000016C0000F56B00000D6C00007A
:106C800008B5064B1B6843B10520FBF77BFF20B915
:106C9000BDE808400520FBF753BF08BDC019002020
:106CA000074B0246187938B91A6001221A714FF061
:106CB0005023C3F8142570476FF07700704700BF6A
:106CC000C81900204FF050230022C3F80021D3F848
:106CD0000021012208491A60096811B1C3F8042390
:106CE0007047D3F80021002AFBD00022C3F800210E
:106CF000D3F80031704700BFC81900204FF050236F
:106D0000D3F80423D2070DD5D3F8002152B10022C5
:106D1000C3F80021D3F800210122C3F80823024B55
:106D20001B681847704700BFC8190020054B024672
:106D3000187918B91A6001221A7170476FF077003C
:106D4000704700BFD01900204FF050230022C3F835
:106D50002021D3F8202101229A61094A126822B128
:106D60004FF48072C3F804237047D3F82021002A1F
:106D7000FBD00022C3F82021D3F82031704700BF98
:106D8000D01900204FF05023D3F80423D2050ED59C
:106D9000D3F820215AB10022C3F82021D3F82021B2
:106DA0004FF48072C3F80823014B1B6818477047E3
:106DB000D0190020074B0246187938B91A60012211
:106DC0001A714FF05023C3F8802570476FF0770099
:106DD000704700BFD81900204FF050230022C3F89D
:106DE0002421D3F8242101221A62094A126822B10F
:106DF0004FF40072C3F804237047D3F82421002A0B
:106E0000FBD00022C3F82421D3F82431704700BFFF
:106E1000D81900204FF05023D3F8042392050ED543
:106E2000D3F824215AB10022C3F82421D3F8242115
:106E30004FF40072C3F80823014B1B6818477047D2
:106E4000D8190020074B0246187938B91A60012278
:106E50001A714FF05023C3F8182570476FF0770070
:106E6000704700BFE01900204FF0502310B5D3F851
:106E700018141E4C11F4803FD3F818241AD002F0D5
:106E80000302022A04D0012A01D007F050FC01229B
:106E90004FF05023C3F818250022C3F80421D3F87B
:106EA000042101229A6022688AB9D3F80421002AB9
:106EB000FBD014E0D3F81424D207E8D5D3F81C246F
:106EC00002F00302013A012ADFD822681AB1022235
:106ED000C3F8042310BDD3F80421002AFBD00022FC
:106EE000C3F80421D3F80431F4E700BFE01900200F
:106EF000F8B54FF0502301250026D3F80443184F6E
:106F000004F0820404B9F8BDB4FA84F0C0F11F00A3
:106F1000830003F580739BB203F15023196805FACF
:106F200000F224EA02040029ECD01E601B684FF036
:106F300050230128C3F808230ED1D3F81824D3F81E
:106F4000182402F00302012A06D10221C3F8181501
:106F5000C3F804139A60D5E73B68C0B29847D1E7FD
:106F6000E0190020036803F01F025B09026004D0EF
:106F7000012B034818BF002070470248704700BF2C
:106F80000028845000258450034A4309D35C00F054
:106F90001F001844C0B2704727250100034611F0B6
:106FA000010010B5CCB20BD1A207C4F340000DD53F
:106FB000074A106A58601062003818BF012005E0C7
:106FC00004490A6A1A600A62002AEDD010BD00BFA7
:106FD0000028845000258450F7B504460846FFF782
:106FE000D3FF06B204EB4606B38A0D46DB072BD56A
:106FF000204607F09FFC2946204607F00BFC58B1BD
:10700000204607F01DFC0022276800B207EB800332
:10701000C3F81025C3F810252946204607F039FC8F
:10702000002101A8B1820195FFF79CFF019B00EBB5
:107030008300D0F80022064B134043F00203C0F84F
:107040000032084603B0F0BD6FF01500FAE700BF4C
:10705000F0F0FCFF70B590F88C40054690F88D601C
:1070600024BB21466022143009F05BF92146114B04
:10707000286853F836608E420ED10024C0F87C4157
:10708000D0F87C3140F30730FBF75AFD012320464E
:1070900085F88C30AB6770BDCBB29B0003F5807276
:1070A0007C2B04BF845083580131E4E76FF07700F4
:1070B000F1E700BF680D010090F88D00024B03EB73
:1070C000800007F088BA00BFB402002010B5064B5C
:1070D00090F88D000C4603EB800007F062FA002860
:1070E000A4BF2070002010BDB40200202DE9F04F95
:1070F000814659F804BB90F88D40DBF804136B4BC4
:10710000C9B2804653F8342058468BB041F0004154
:1071100007F0E9FB051E36DA0023CDE90833634B9F
:1071200008A803EBC4035B6819460193FFF736FF19
:10713000042303EBC40303935D4B0DF1200A029378
:107140000023029A009312F8013B58490292039AD5
:1071500002EBD3028A5C03F0070322FA03F3DA0797
:1071600019D4009B0AF1040A9BB14FF000410022A0
:10717000584607F0B8FB019908A8FFF70FFF002851
:10718000DAD125F000450124002D78D10BB0BDE8FF
:10719000F08F0123D5E7009B464A13440493DAF8A5
:1071A00000100029DDD091FAA1F1B1FA81F1049B20
:1071B0001C7841EA44142046FFF7E6FE08EB400045
:1071C000878AC808BB08059301231AF8002001F03C
:1071D000070103FA01F122EA01020AF8002007A8D8
:1071E0000794FFF7BFFE079A059B803250F82220D4
:1071F000C7F382065B073746C2F3014223D54846F0
:10720000D6B221463A4607F025FB07A80794FFF7B8
:10721000A9FE079B803350F82330C3F301439E42FD
:1072200007D10021204607F0E6FA3146204607F054
:10723000E2FA07A80794FFF795FE0122079B02FADE
:1072400003F30362ABE7022A0DD10321204607F0C6
:10725000D2FA06F00503012BEBD13A462146484607
:1072600007F0F8FAE5E702212046059207F0C3FA95
:10727000032EF2D0059A032ADBD1022EECE795FA11
:10728000A5F3B3FA83F304FA03F225EA020503F542
:10729000A2725BF8222008EB43034846B3F87C1047
:1072A000C2F3014207F0D6FA6EE700BF680D010095
:1072B0003725010037250100F8B5084D0F462C7918
:1072C000164644B92A20FBF73BFC012320462B71CC
:1072D0002F60AE60F8BD6FF07700FBE7E819002083
:1072E000002330B50D4A50F8234003F5A271013355
:1072F000102B42F82140F6D10023084A00F13C014E
:1073000003F5B27451F8045F0133102B42F8245096
:10731000F6D1D0F88030C2F8043330BD00A002505E
:107320000123024A8340C2F80433704700A0025090
:107330000123024A8340C2F80833704700A002507C
:10734000F8B5012600270B4B0B4DD3F80C4304B9BD
:10735000F8BD94FAA4F0B0FA80F006FA00F324EA3B
:107360000304064B82009F502B68002BEFD0A968C6
:107370009847ECE700A00250E819002000A1025055
:107380002DE9F0410E4617460C4D55F81C4FAC4206
:1073900003D16FF01200BDE8F081314654F8440C7F
:1073A000A4F14408F8F7F0FE30B9C7F80080404671
:1073B000BDE8F04107F054BD2468E8E7F419002067
:1073C00010B5D0E909124A60416A00F12403116046
:1073D000C0E909334368044603B19847054A9368F6
:1073E00033B11279062A03D9072022680249984747
:1073F000002010BDF4190020392501002DE9F041CD
:1074000007460D460B4E56F80C4FB44202D16FF0B2
:1074100001000AE0394654F8240CA4F12408F8F7D6
:10742000B3FE20B91DB1C5F80080BDE8F081246825
:10743000EBE700BFF419002038B5044600B300683C
:10744000F0B10378E3B10021FFF7D8FFD8B104F120
:107450001C03C4E907330D4B04F12402196903F13D
:107460000C00A16260621A610A609D6835B11B79E7
:10747000062B03D9072022680549A847002038BDFC
:107480006FF01500FBE76FF01000F8E7F41900202B
:107490003B25010038B5114C0546216819B1002083
:1074A0000131216038BD2422204608F03AFF2B68C4
:1074B0002846A3602B79237104F10C03C4E903333C
:1074C00004F11403C4E9053304F11C03C4E90733D0
:1074D00000F018F80028E5D12168E0E7F419002051
:1074E00038B5074D2C68013C2C6044B900F012F807
:1074F00021462846BDE83840242208F012BF38BD96
:10750000F419002008B50248FFF796FF002008BDD7
:10751000BC0200200148FFF753BF00BFBC0200209F
:107520000EB4431E062B33B588BF0020094B05ACB3
:1075300054F8045B53F82010074805F044FD214639
:107540002846019405F03DFD02B0BDE8304003B08F
:10755000704700BF780D0100971A01002DE9F04F28
:1075600087B017469B460446DDF840A000284BD064
:10757000056A35B12D6825B1AC4607B0BDE8F04FBE
:107580006047E36A9F4242D80026BE4203D10020F2
:1075900007B0BDE8F08F182303FB06F8D4F830904D
:1075A000A26909EB08052B1D0593CAB968696968CA
:1075B0000368B5F80CC0C91AAB680CF1030E5D1E68
:1075C00005EB0C155B4205EB4E051D4005EBCC03AE
:1075D00085680633A94228BF4FF0FF3107F00DFC44
:1075E00059F8083020460293236AB1B29B6A01938E
:1075F0005AF8263000935BF82620059B07F04EFCD6
:107600000028C5D10136C0E76FF01500C0E701487A
:10761000BEE700BF40F4FFFF10B5044690B1028DF5
:1076200043899A4209D0084A936833B11279032AF0
:1076300003D942680549042098472046BDE8104018
:1076400008F0F4BD10BD00BFF4190020EE250100C4
:1076500030B544898C4212D9436A013C5D882C4084
:1076600003EBC40359609A60BFF35B8F426A53888F
:1076700001335380438D01334385002030BD0148E1
:10768000FCE700BF41F4FFFF70B4039E144660B1F5
:10769000006A50B14BB1013407D0002E05DBD0F8A1
:1076A000844014B1A44670BC6047014870BC704768
:1076B0002DF8FFFF70B4039E144660B1006A50B10C
:1076C0004BB1013407D0002E05DBD0F8944014B143
:1076D000A44670BC6047014870BC70472DF8FFFF9E
:1076E0002DE9FF47DDF834800E4691469A4605465F
:1076F000002876D0002974D0B8F1000F71D001F1C4
:107700006407384607F05AFDBAF1FF3F49D1346E9D
:1077100006F1500204F18000844204F01F0C07D2ED
:10772000C4F3411152F8211021FA0CF1C90736D4E3
:10773000012104F07F04600952F8203004F5806ACA
:1077400001FA0CF104F201440B4304F07F0442F807
:10775000203034666B6C4A4603930E9B2946CDE974
:1077600001830C9B30460093534607F0D6FD384604
:1077700000F02EFD2C7874B196F8A4405CB1AB6A91
:10778000013330D10021284607F057FD044610B1DF
:10779000284607F028FD204604B0BDE8F0870134F4
:1077A000BAE7BAF5806FD5D3AAF580637F2B06F1CF
:1077B00050010FD8580951F8204003F01F0324FA54
:1077C00003F2D2070BD4012202FA03F3234341F858
:1077D0002030BFE7054C384600F0FAFCDBE7044CEC
:1077E000F9E7024CD7E70024D5E700BF2DF8FFFFEB
:1077F00029F8FFFF08B583681A0C0AD1094A936873
:107800002BB11279022A02D9032007499847002098
:1078100008BDA3F5803383601B0C0CBF0120002042
:10782000F6E700BFF41900201026010038B5044621
:10783000E0B100F16405284607F0C0FDD4F8B4308B
:107840009B6953B9D4F8A840103C002C00DC084CCC
:10785000284607F0B1FD204638BD012BF7D1D4F8FA
:10786000BC0007F093FCA0F11004EEE7014CF2E736
:107870002EF8FFFF2DF8FFFF38B50446E0B100F108
:107880006405284607F09AFDD4F8B4309B6953B9D3
:10789000D4F8AC40103C002C00DC084C284607F023
:1078A0008BFD204638BD012BF7D1D4F8B80007F086
:1078B0006DFCA0F11004EEE7014CF2E72EF8FFFF9B
:1078C0002DF8FFFF2DE9F04385B00F46904603A940
:1078D0000D9A0546994607F032FF0446E0B10C9E2A
:1078E000039BD5F8C0009E42A8BF1E460168D0F891
:1078F00008C0611A33464A46614528BF4FF0FF3140
:1079000007F041FA2346424639462846009607F0DA
:10791000B6FE05B0BDE8F0830048FAE72EF8FFFF99
:107920002DE9F0478AB00D46DDE9129716469846D4
:10793000044620B9954E30460AB0BDE8F0870029CC
:10794000F8D0002BF6D00021A822C0F8D01008F003
:10795000E8FC012204F16400114608F04DF98C4B5B
:10796000C4F8B450E667AC62C4F88430894BC4F8FC
:107970008830894BC4F88C30884BC4F89030884BE1
:10798000C4F89430874BC4F89830874BC4F89C30C7
:10799000864BC4F8A030AB693BB9002FCAD097E83A
:1079A000070004F1A80383E80700AB69012B04D0AA
:1079B0002B6A03BB6FF00506BDE7D4F8B4000028BE
:1079C00000F0E080036A002BF4D09B68002BF1D01C
:1079D000984742060CD50021D4F8B40007F0DCFC2F
:1079E00006460028A7D10021212008F0A8FAE4E7E4
:1079F0004307F8D5DCE71B69002BDBD02846984706
:107A0000AB69012B04BF0023286100F0010008BF0F
:107A10006B6184F8A400AB69DBB93B7A002B00F002
:107A2000838009F10C03C4F8C430B9F1000F81D090
:107A3000D9F80820002A00F0A3809B68002B00F0F2
:107A40009F805B4B04935B4B05935B4B06935B4BB7
:107A50000793AB69012B07D1564B0493544B059305
:107A6000564B0693544B0793002104F1C803C4E915
:107A7000323306ABC4F8C08002220093284601913D
:107A800004ABFFF76BFD064600287FF454AFAB69EB
:107A90003BB92B6B1B68C4F8B8302B6B9B69C4F8DF
:107AA000BC30AB69012B07D12B6B9B69C4F8B83094
:107AB0002B6B1B68C4F8BC30D4F8BC0007F001FB8A
:107AC0002B6B1B68C3F82C802B6B9B69C3F82C8035
:107AD000D5F818A0BAF1000F07D1D4F8AC3009934B
:107AE000D4F8B8305B89534520D894F8A430C4E961
:107AF000004463B100230293314B204601933523A8
:107B0000304A0394009304F1080107F006FCAB69C6
:107B1000002B7FF410AF0421284607F03DFC0746F8
:107B200000283FF408AF26E04B467CE74846D4F8EF
:107B3000AC1007F0F5FD0746E0B1D8F8001008904A
:107B4000411AD8F808000022814228BF4FF0FF31C7
:107B5000D4F8AC30404607F050F9009701230022DA
:107B6000D4F8B80008A907F0C6F9074618B90AF111
:107B7000010AB5E7144F284607F007FC3E46DAE64F
:107B8000114ED8E66FF01506D5E600BF2DF8FFFFC1
:107B9000C578000011F400007FF500003FF70000F9
:107BA0007FF60000C9F30000797800002D7800000E
:107BB0003126010037260100B3F50000B7F30000BD
:107BC00035F400003D2601002EF8FFFFF0B5054614
:107BD0000E46174687B0074A03AC07CA84E8070079
:107BE0000C9A3146009228463A460194FFF798FED7
:107BF00007B0F0BD600A010010B50446F9F750FF68
:107C000003480121034A05F0FDFF204607F09FFECF
:107C10008C090100402601002DE9F84304460D4679
:107C200000AFEFF31188202383F31288BFF36F8F27
:107C30000428294A98BF294BE9468AB09668117CE6
:107C400098BF53F820306A4688BF254BC2E90731F8
:107C500040F2013323489384234BC2E9050442F8E0
:107C6000103F00234FF431512048F9F7E9FFCD468A
:107C700045B1EB69C3F3080323B101211C4A1B483A
:107C800005F0C0FF2EB1304608F0ABF808B103781C
:107C900003B91848E9468AB06A46174BD061C2E971
:107CA000053640F201331384144B42F8103F002391
:107CB0004FF411510D48F9F7C3FF2946CD46204630
:107CC000FFF79AFF88F31188BFF36F8F3046FAF7FA
:107CD000DBFEBD46BDE8F883181A0020980D0100B0
:107CE0004F2601005D260100050000018C090100FE
:107CF00085260100581A0100A62601000400000193
:107D000038B50A4B53F82040013053F82050A542B3
:107D100000D838BD606830B1037FDB0701D407F0BD
:107D2000F3FD0834F3E723689847FAE7AC0D010048
:107D3000012270B52A4B032086B01A70FFF7E0FFCE
:107D4000FBF760FBFAF740FA0420FFF7D9FF254C58
:107D5000254D2646AE4204F1300410D300F0EAFE71
:107D6000204C224EAC4226D300F0F8FEF8F7D0FBB0
:107D70001F4A137B23F00103137306B070BD54F840
:107D80000C3C059354F8103C049354F8143C0393B2
:107D900054F8183C029354F81C3C019354F8203CCE
:107DA000009354E90A2354E90C0100F08BFC54F8C9
:107DB000303C5E65CDE7D4E90A23B3F1FF3F08BF4D
:107DC000B2F1FF3F05D052EA0301206803D100F071
:107DD00081FF3034C6E73146183001F02BF9F8E75F
:107DE000732D00208008010080080100D5FE0000EE
:107DF000800F0020B82370B5144E86B003FB0066D8
:107E0000134B012205930F23CDE903320023CDE963
:107E1000013314234FF4A0720E4D0F4903FB00559C
:107E2000044602FB00110D4B3046009500F04AFC61
:107E3000737B2C7423F004037373094B013403EB3D
:107E4000C423EE606B6006B070BD00BFC80E00209A
:107E500008270100181A00202841002067FA0000B6
:107E600028390020BFB50020FFF74AFF2A4B03F551
:107E7000006282F3088883F30A880024E023274DF8
:107E8000274F85F82230EC772C766C76AC7685F827
:107E900020406B6A43F4E0236B6285F82340FAF7D5
:107EA0006DFDFAF7F3FE4FF0FF33AB62EB62FBF7C9
:107EB00091F8FAF70FFFF9F753FD1A4800F094FC18
:107EC000FBF782FA0120FFF71BFF0220164DFFF798
:107ED00017FF00F077FE154B15495D61154B4FF408
:107EE0000062059301232846CDE90343CDE901440F
:107EF0003B46009400F0E6FB06466A7B284622F0EB
:107F000004026A7307F0A9FF2046FFF773FF3A46A1
:107F100031462846FAF798FE2839002000ED00E0A7
:107F2000317D000010110020800F0020181A002061
:107F3000684200200D27010038B5064C064DAC42C2
:107F400001D3002038BD2046D4E9011207F007FD17
:107F50001434F4E7C8030020DC030020002038B507
:107F6000054C064DAC4200D338BD204607F01BFD42
:107F70000028F9DB1C34F5E7C8030020C803002003
:107F800073B50C46EFF31181202585F31288BFF3FA
:107F90006F8FC5685DB125602B68C360836901334D
:107FA0008361002081F31188BFF36F8F11E052EAE3
:107FB000030603D16FF00B002560F3E7CDE9002342
:107FC0000246083000F0FCFC18B9034B9B681B69A3
:107FD000236002B070BD00BF181A00202DE9F341E4
:107FE000044617461E46EFF31188202383F31288B8
:107FF000BFF36F8FC368334A7BB180689168884252
:1080000019D057EA060318D188F31188BFF36F8F90
:108010006FF00F0002B0BDE8F081916891F90E1089
:108020000133E36093682161A36088F31188BFF393
:108030006F8F0020EEE72169F2E791F90E1090F9B9
:108040000E306FF07E029942A8BF19469142B8BF28
:1080500011468B422DDD07F011FD054622464146B3
:10806000CDE90076184800F0ABFC0028E1D0EFF332
:108070001186202383F31288BFF36F8FA068D0B1DD
:10808000236821699C420AD04BB193F90E30994282
:10809000A8BF19466FF07E039942B8BF194607F092
:1080A000EDFC40B13146084800F01EFD6FF00A00BB
:1080B000B0E70025D2E7002DF4D186F31188BFF395
:1080C0006F8FF3E7181A0020742D0020F8B583682D
:1080D0000546002B40D0234A926893423FD1C368A3
:1080E000012B03D9013BC3600020F8BDEFF31187DA
:1080F000202383F31288BFF36F8F0169806807F034
:10810000BDFC2C68AC4207D10023C5E9023387F3DC
:108110001188BFF36F8FE7E7002CF5D0D4E9003268
:10812000002613605A60637BC4E9006623F00203F3
:108130006373A66004F1180007F062FFAC6094F965
:108140000E3020462B61C4F8B06007F086FE394639
:10815000054800F0C9FCC7E76FF01500C5E74FF010
:10816000FF30C2E7181A0020742D002037B51146E1
:10817000EFF31185202282F31288BFF36F8F04681A
:108180009CB12368426823F003039442036008BF54
:1081900043600121204607F0FEFC044685F3118868
:1081A000BFF36F8F204603B030BD51EA0302F5D014
:1081B00000F10802CDE900131046294600F000FC4A
:1081C0000028EFD1014B9B681C69EBE7181A0020CF
:1081D00070B5EFF31186202383F31288BFF36F8FFE
:1081E0000468A0421BD0D4B1D4E90032002513604A
:1081F0005A60637BC4E9005523F002036373A560F2
:1082000004F1180007F0FCFE2046C4F8B05007F057
:1082100024FE3146BDE87040094800F065BCD0E955
:1082200002329A4218BF013302218360103007F0F6
:10823000C6FF0028EDD186F31188BFF36F8F70BDA4
:10824000742D002013B5EFF31181202484F31288DC
:10825000BFF36F8F846844B1013C846081F311885F
:10826000BFF36F8F002002B010BD52EA030406D1A5
:1082700081F31188BFF36F8F6FF00F00F3E7CDE943
:1082800000230246014800F09BFBECE7742D002020
:1082900007B5074B4FF48062009306494FF0FF3358
:1082A000054800F04FF9002003B05DF804FB00BF63
:1082B000C40D0100684A0020381000202DE9FF415C
:1082C000044620274E4EEFF3118887F31288BFF340
:1082D0006F8FD4F8BC50F5B9022104F1D40007F037
:1082E0009BFC002868D004F1CC050022012128461F
:1082F00007F04CFE0028F8D100234FF0FF32029324
:108300004FF0FF334146CDE900233E4804F1C4025B
:1083100000F0ACFDD7E7D4F8C0202B689542C4F834
:10832000BC3008BFC4F8C030D4F8D43043F00203E6
:10833000C4F8D430EB6823F0040343F00103EB608E
:108340006B6888F31188BFF36F8F28469847EFF367
:10835000118887F31288BFF36F8FEB68D80623F07C
:10836000010236D4EA60EB689A0716D5306823F02C
:108370000203EB6088B10021036870B14268954246
:1083800035D1036869BB72683360824200D1736083
:10839000002340F8083BFFF71BFFD4F8D43023F04C
:1083A0000203C4F8D43088F31188BFF36F8FDB0564
:1083B00089D400F00FFC86E7D4F8D430D9069BD5D9
:1083C000C4F8D40088F31188BFF36F8F04B0BDE800
:1083D000F08123F01103EB6005F11000FFF7F8FEC8
:1083E000C1E70B607368834208BF7160D0E723B1B7
:1083F0001A68014618461346BFE71A46F9E700BF58
:108400003C1A0020742D0020F8B5C36804469A0772
:108410000F46C3F340062ED45B071CD40B680BB980
:1084200083680B60E368DD0742BFA36802263B60F8
:108430003D6858BF0126002D3CD0204B9A68D5F8E6
:10844000B8309A420AD0D5F8D430D807C3F38002A6
:1084500014D46FF0120600233B6025E007F0BBFC4C
:10846000D5F8D4300028F0D1D907C3F3C002F0D535
:1084700052B15B0708D46FF00F06ECE7002AFAD17F
:10848000C3F3C003002BF6D100232360D5F8C0301E
:1084900063B9C5E92F44284607F0D9FBE36843F0E8
:1084A0000403E3603B68A3603046F8BD1C60C5F878
:1084B000C040F0E76FF01506CDE700BF181A0020A6
:1084C000F8B5C368064603F00503002B0C4614BF3D
:1084D000012700271CD085680122002104F110002B
:1084E00007F08AFB2046134907F009FCE36843F0D4
:1084F0001003E360F3685B0712D5336823606BB940
:10850000D5F8C03033B9C5E92F44284607F09FFBA2
:108510003846F8BD1C60C5F8C040F6E73460F4E7A3
:10852000D5F8BC302360D5F8C030C5F8BC40002B6E
:10853000EBD1F0E72FFC00000146014807F0FBBB40
:1085400038100020F0B50446002089B0C4E92F009F
:108550000E9D04F1C400C4E9310004F1CC00C4E96B
:10856000330055B32879002840F2011008BF0120DC
:10857000C4F8D40000204FF0FF364FF0FF37CDE9AC
:108580000330CDE90100CDE9066720460C4B00948D
:1085900000F0FEF855B1296811B1204600F082F8CC
:1085A0006B791BB1237B43F001032373204600F05A
:1085B00091FBC4F8B84009B0F0BD0120D8E700BF76
:1085C000BD82000030B50A46044685B0EFF3118540
:1085D000202383F31288BFF36F8FD0F8D43013F0C9
:1085E000060F1DD1B1B143F00C03C4F8D4302046BE
:1085F00007F02DFB00234FF0FF3202934FF0FF33C3
:108600002946CDE900230C4804F1CC0200F02EFCF1
:1086100005B030BDD0F8BC0048B143F00403E4E736
:1086200043F00401C0F8D410002AE0D0DBE785F362
:108630001188BFF36F8FEBE7742D0020F7B50C4660
:1086400016461D460190EFF31187202383F312880D
:10865000BFF36F8F084607F0EBFA55EA060309D11E
:10866000204601A9FFF7D0FE87F31188BFF36F8F73
:1086700003B0F0BDE368324643F00803E360019BBA
:108680000449A36204F110002B4600F0D3FC012042
:10869000EAE700BFC3FC000001460148FFF7CEBF78
:1086A0003810002010B5044608B9054B9C681F22FD
:1086B00004F1780007F05FFE002084F8970010BDF9
:1086C000181A00202DE9F04F984685B000F15803A4
:1086D000C0E91633129B002503730423D61D26F030
:1086E00007064373119B01EB060A0F46C0E90655C6
:1086F000514685608373C5730446DDF838B0DDF8F4
:108700004C90F9F7F5FE109B073020F00700C4E904
:108710002676C4F8A00002930F9BAAEB0006CDE9D1
:1087200000B33246434639462046FAF771FA0F9BAA
:10873000C4E9198BE366109B65652367EFF311832A
:10874000202282F31288BFF36F8F104F3A6A3C6287
:10875000626783F31188BFF36F8FB9F1000F11D0F7
:108760001F22494604F1780007F005FE84F897506F
:10877000BB680BB1D3F8A4303046C4F8A43005B0C0
:10878000BDE8F08F84F87890F2E700BF181A002057
:10879000F0B5002587B00595109DDDE912760495AA
:1087A0000F9D044603950E9D02950D9D01950C9D10
:1087B0000095FFF787FFB6F1FF3F08BFB7F1FF3F16
:1087C00005D056EA070305D1204600F083FA20467B
:1087D00007B0F0BD3A46334604F11800014900F0F5
:1087E00029FCF4E7D5FE000040F201138381002349
:1087F00010B50446C0E9263300F030FE014B9C6002
:1088000010BD00BF181A00206FF00A01094A9368D2
:10881000C3F8B0100849C3F8AC004B6843F080536C
:108820004B60002383F31188BFF36F8F9368D3F8F5
:10883000B0007047181A002000ED00E070B590F904
:108840000D20437B002A36DBD90634D11B4C63F064
:108850007F032246437352F8183FE169934207D1E0
:10886000C0E900210860E06111E09942F8D01B687E
:10887000002BF5D090F90E5093F90E60B542F4D06C
:10888000AE42F2DD5968C0E9003108605860A56960
:10889000954200D005B9E568A3685A7BD20604D199
:1088A000DA897F2A01D9AA6932B1AB4202D02846BF
:1088B00000F01CFB656170BD6361FCE7181A0020C5
:1088C00038B590F90D200146002A437B04DA03F005
:1088D0007F03437307F087FA0D4D2A4652F8184F6D
:1088E000AB68944200D004B9EC688B4207D05A7B45
:1088F000D20604D1DA897F2A01D9A2692AB1A3421A
:1089000002D0204600F0F2FA23466B6138BD00BF6A
:10891000181A0020B3F1FF3F08BFB2F1FF3F03D0A8
:108920000249183000F086BB704700BFD5FE00003A
:1089300070B590F90D200146002A437B04DA03F05C
:108940007F03437307F04FFA1C4C4B7B224663F0C6
:108950007F034B7352F8183FE069934207D1C1E996
:1089600000200160E16111E09842F8D01B68002B03
:10897000F5D091F90E5093F90E60B542F4D0AE42A5
:10898000F2DD5868C1E9003001605960A569A3684B
:10899000954200D005B9E5688B4207D05A7BD206D4
:1089A00004D1DA897F2A01D9AA692AB1AB4202D05F
:1089B000284600F09BFA2B46636170BD181A002010
:1089C000F8B5DDE906670D4B0C46986811460C4A70
:1089D0001060EFF31182202282F31288BFF36F8FB1
:1089E0009D68284607F011FA284632463B46FFF7B5
:1089F00091FF2046BDE8F840FFF706BF181A002097
:108A0000441A0020F8B50446EFF31187202383F3BE
:108A10001288BFF36F8F437B49B203F01F02002A15
:108A20000CBF0126002639D103F07F032D4D43737F
:108A300007F0D9F92A46437B817363F07F034373C0
:108A400052F8183F934227D1E869C4E90020046036
:108A5000EC610FE09842F8D01B68002BF5D093F939
:108A60000EC06145F6D08C45F4DD5968C4E900318B
:108A70000C605C60AC69944200D004B9EC68AB68EF
:108A80009C4202D0204600F031FA6C6187F31188D5
:108A9000BFF36F8F3046F8BDE869DEE79B071ED550
:108AA000856807F0A0F981732B689D4209D16B6836
:108AB000C4E900531C606C60E8E76A689342F6D032
:108AC0001B68002BF3D093F90E209142F5D08A4217
:108AD000F3DD5A68C4E9003214605C60D6E7817344
:108AE000D4E700BF181A002049B9EFF3058030B968
:108AF000054B5A699B689A4201D0FFF785BE81F306
:108B00001188BFF36F8F7047181A0020034648B9C9
:108B1000EFF3058232B9064A51699268914201D059
:108B2000FFF772BE83F31188BFF36F8F704700BFEA
:108B3000181A0020EFF31181202383F31288BFF36A
:108B40006F8F054B9A68D37B013BD37381F31188F8
:108B5000BFF36F8F704700BF181A002070B5EFF396
:108B60001186202383F31288BFF36F8F144DAB68F7
:108B7000DA7B0132DA732A4652F8184F944200D059
:108B800004B9EC685A7BD20604D1DA897F2A01D96C
:108B9000A2692AB1A34202D0204600F0A7F92346D9
:108BA0006B6186F31188BFF36F8FEFF31180202381
:108BB00083F31288BFF36F8FBDE87040FFF7A6BF45
:108BC000181A0020024B03F11802C3E9062270476D
:108BD000181A002070B5EFF31186202383F3128852
:108BE000BFF36F8F1B4CA168E0690B68814214BF13
:108BF0001A46002249680B605960A368E1692AB9E6
:108C0000154AC3E900210B60E3610CE093F90E0003
:108C100092F90E50A84218D0854216DD5168C3E97A
:108C200000210B605360A5690B4B9D4200D005B934
:108C3000E568A3689D4202D0284600F057F96561B7
:108C40003046BDE87040FFF7DFBD8A42D8D01268D9
:108C5000D5E700BF181A0020301A0020F8B550EAF6
:108C6000010306460C4603D1FFF7B4FF0020F8BD10
:108C7000EFF31187202383F31288BFF36F8F124D18
:108C8000124BA8681860FFF71BFEA86823463246FF
:108C90000F49183000F0CEF9AA680446537B3846D5
:108CA00043F004035373FFF7AFFDAB68D3E90A2326
:108CB000B3F1004F08BF002AD8D107F0C9F9201A34
:108CC00020EAE070D3E700BF181A0020441A002001
:108CD000D5FE000038B50446EFF31185202383F359
:108CE0001288BFF36F8F437B5B070FD5183007F0F7
:108CF00087F9637B204623F004036373FFF79EFD2F
:108D00002946BDE838400448FFF7EEBE85F31188D8
:108D1000BFF36F8F38BD00BF742D0020014B9868E2
:108D2000704700BF181A00202DE9F8430446077B5E
:108D3000EFF31185202383F31288BFF36F8F437BFA
:108D4000190705D585F31188BFF36F8FBDE8F88348
:108D5000D90943F0080260D14273A36813B12046D9
:108D600007F049F804F1180007F04AF9A66D04F17C
:108D70005808B04511D04FF0000976B1304607F0E1
:108D80003AF806F1180007F03BF93046C6F8B09003
:108D9000FFF754FDA66DB045EFD1DFF8C480D8F8D9
:108DA00008309C4241D1EFF30589B9F1000918BFA1
:108DB0004FF00109D8F818602A4A964200D00EB93F
:108DC000D8F80C60B34202D0304600F08FF820464D
:108DD000C8F8146005F000F8204600F0DFF8B9F19B
:108DE000000F02D02048FFF7FFFCD8F808309C4263
:108DF00031D1EFF3058373BB227BD20718D4284609
:108E0000FFF702FDFB07A1D5002383F31188BFF311
:108E10006F8F0423184602DF98E703F07F0343F0C7
:108E20000803437306F0DFFF97E74FF00009C1E73F
:108E300085F31188BFF36F8F83F31188BFF36F8FB2
:108E40000423184602DFEFF31180202383F31288F6
:108E5000BFF36F8FD4E785F31188BFF36F8FD1E72E
:108E6000181A0020301A002010110020D3B5DDE9B7
:108E70000667089CCDE90067FFF7A2FD1CB1034B14
:108E80009B681B69236002B0D0BD00BF181A002088
:108E90000122044BC01A044BC0105843034B1A5410
:108EA000704700BFC8110020ABAAAAAA742D0020E9
:108EB000C3897F2B12D80A4B1B6863B1094B90F909
:108EC0000E201B689A4209DB437BDB0606D1064B6A
:108ED000C31A18BF012303F0010070470023FAE70B
:108EE000E8020020481A0020C80E002070B50E4B82
:108EF0000E4C1E7C054606EB460304EBC3042046DD
:108F000007F07EF800220A4B28469A55FFF7D0FF5B
:108F100048B1084B2046BDE870401A680649013A3E
:108F2000D31700F087B870BD181A0020C8110020B0
:108F3000742D0020E8020020918E000038B5EFF378
:108F40001185202383F31288BFF36F8F104B114AD2
:108F50009C681068A04206D1FFF7C8FF85F311880E
:108F6000BFF36F8F38BD00211B7C11600A4AD35CB0
:108F7000002BF3D02046FFF79BFF0028EED0637B49
:108F8000DB0602D12046FFF7D3FC2046E4E700BF12
:108F9000181A0020441A0020742D0020EFF31181CC
:108FA000202383F31288BFF36F8F0A4A136A834228
:108FB00007D15B6F136281F31188BFF36F8F704726
:108FC0001346002BF7D05A6F8242F9D1426F5A678D
:108FD000F1E700BF181A0020024B1868984208BF3A
:108FE00000207047EC020020034B1B680BB9FDF713
:108FF000D9BC0020704700BF4C1A002030B570B1BA
:109000000B4B5B6898420AD0036843B1D3E9042153
:10901000D0E90445121941EB0501C3E90421D0E967
:10902000003213605A600023C0E9003330BD00BF36
:10903000EC020020B3F1FF3F08BFB2F1FF3F2DE982
:10904000F84F0446994615461F467AD08160EFF3E3
:109050001188202383F31288BFF36F8FB9F1000FBB
:10906000DFF8E4A020DBFFF7BFFFDAE900270135D6
:1090700049F100092D1849EBE07306464FF001094C
:10908000C4E90453AD1843EB0707FFF7A5FF0346F8
:10909000DFF8B8E0DEF804A0EBB9C4E900EACAF8EA
:1090A0000040CEF8044028E06FF00103DAE9001236
:1090B0005B1A4FF0FF3161EB02025B1B62EB0902AE
:1090C000012B72F10001BCBF012300224FF0000907
:1090D000C0E90432D9E7D3E9041CD4E904208A4268
:1090E00070EB0C0B24DA891A5A686CEB0000C3E9A8
:1090F0000410C4E9003214605C60FFF76DFF844225
:109100000ED1134B1B685BB9B9F1000F02D1FFF709
:109110006BFF0646304606F05CFF0021FDF714FCAD
:1091200088F31188BFF36F8F28463946BDE8F88F62
:10913000521A60EB0C009A45C4E90420ADD01B68BC
:10914000AAE700252F46EFE7E0110020EC020020FF
:109150004C1A00202DE9F047EFF31185202383F30B
:109160001288BFF36F8FDFF8A0900026C9F80000C7
:109170000027FFF731FFDFF89480D9F80030D8E9F5
:1091800000ECD91750B1D0E90442A34271EB020AB6
:109190001BDAE41A62EB0102C0E90442002413EB7B
:1091A0000E034CEB01012046C8E90031C9F800402C
:1091B00006F00FFF2146FDF7C7FB85F31188BFF3CB
:1091C0006F8FBDE8F047FFF7B9BE14EB0E024CEB12
:1091D000E473C0E90467C8E90023FFF70FFF85F3D4
:1091E0001188BFF36F8F83689847EFF311852023B1
:1091F00083F31288BFF36F8FD9F800301B1BC9F8B7
:109200000030FFF7E9FEB8E74C1A0020E01100201B
:1092100010B5EFF31184202383F31288BFF36F8F0F
:10922000FFF7E2FE0346054AD2E90001181841EBB8
:10923000E37184F31188BFF36F8F10BDE01100203C
:10924000F8B50546EFF31187202383F31288BFF3A7
:109250006F8F036823B187F31188BFF36F8FF8BD59
:10926000D0E90A46611C46F10002022972F10002AF
:1092700036D3012C76F10002BCBF01241E46013C0E
:1092800046F1FF3606F0E8FE013041F10001001919
:1092900046EB0101012871F1000130DB06F0DCFE34
:1092A0006FF00203013041F10001001946EB0101AA
:1092B00083426FF000438B4126DB06F0CDFE013088
:1092C00041F100016FF00102001946EB01034FF07C
:1092D000FF31121A61EB030328461C49FFF7AAFE6F
:1092E0002B6B01332B632B6A93B93C462B4653F807
:1092F000185F9D4200D0D5B984F31188ADE76FF0B7
:1093000001024FF0FF33E7E700224FF00043E3E7AD
:1093100087F31188BFF36F8F28462B6A9847EFF3C6
:109320001184202383F31288BFF36F8FDEE7284672
:1093300006F0A2FD0023C5F8B03084F31188BFF316
:109340006F8F2846BDE8F84006F087BD41920000C7
:109350002DE9F04105461C4690461F46EFF3118665
:10936000202383F31288BFF36F8FB4F1FF3F08BF50
:10937000B2F1FF3F05D186F31188BFF36F8FBDE8CF
:10938000F081002C09DB012A74F10003BCBF01222B
:10939000002412F1FF3844F1FF37284606F030FE72
:1093A000DDE906010023C5E90A012B6342463B467D
:1093B00028460249FFF73EFEDDE700BF419200006C
:1093C00038B50346EFF31185202282F31288BFF3EC
:1093D0006F8FC160012181600068834206D185F3EF
:1093E0001188BFF36F8F0024204638BDD0E90032CA
:1093F00013605A600023C0E9003306F09DFE294641
:1094000004460248FFF770FBEEE700BF752D002011
:109410002DE9F04105460E46174606F0DCFC30B952
:10942000074B9B68D3F8A44014B9BDE8F081054C04
:109430003B46324629462046BDE8F04106F0DEBEF6
:10944000181A0020C803002002460021014B0248E0
:1094500006F0D4BE5DCE0000C8030020014BC0F86A
:10946000A4307047C80300200146024A0020FFF7DD
:10947000CFBF00BF5DCE000001680E4A0346914297
:1094800015D1C169A2F11022A2F1EF1291420ED1C1
:109490008268012A0BD8C26812B101698A4206D0DB
:1094A000586928B19B691B1A5842584170470120DE
:1094B000704700BF55AA00FF70B50D4B9E68A6B15E
:1094C0003046FFF7D9FF044678B9F3686BB93569C0
:1094D0000DB9204670BD2846FFF7CEFF28B9EB68CE
:1094E000B34202D12E462D69F2E70124F1E700BF15
:1094F000501A00202DE9F041444B454C05461B68AD
:1095000020468846984718B100242046BDE8F081DF
:10951000A4F1140754F8144CFB68DCB1BC68CCB15E
:10952000002D66D0B8F1000F65D008FB05F6B6FB3C
:10953000F5F5A84561D1311D5FD8B20711D026F0ED
:10954000030204321C4603E06168914257D2A469C9
:10955000002CF9D12F4B2E481B6898470028D4D0F7
:10956000D2E73246EEE7891A232904F120051CD8F8
:109570000123A360D4E90523AAB19361A3690BB1C8
:1095800062695A610023C4E905333B69DB0703D5EF
:10959000FFF792FF002835D13246002128462C469D
:1095A00006F0BFFED6E7FB60E8E702F1200C04EB13
:1095B0000C032039C3E90110DC60216916481961E8
:1095C00044F80C00A0F11020A0F1EF10D86101B117
:1095D000CB6061695961A069986141B18B619969FA
:1095E00001B14B6101212361C4E90121CAE7FB609C
:1095F000F5E72C46AEE74446ACE70446AAE7A06888
:109600000028B0D0012002F079FF00BF0403002041
:10961000641A00200003002055AA00FF70B5464BD5
:10962000464C05461B6820469847002840F082803B
:10963000002D43D054F8143CA4F11406002B3DD067
:10964000B268002A3AD09D4203D3726813449D4207
:1096500002D3012002F052FFA5F120042046FFF7BB
:109660000BFF0028F5D155F8183C012BF1D155F826
:10967000143C45F8180C3BB39A682ABB55F81C2CCF
:1096800002F120015A680A445A6055E905321A610C
:1096900055F8145C2B6903B1DD60202200212046BF
:1096A00006F03FFE286910B18368002B2ED0336985
:1096B0009B0703D5FFF700FF0028CAD1BDE8704023
:1096C0001F4B1E481B68184755F8100C00282AD05D
:1096D000836843BB42686368134420336360036953
:1096E0002361D4E905239AB9CBB9436963618269DF
:1096F000A261B3B19C61A36903B15C61236903B149
:10970000DC602022002106F00CFED0E72C46E1E7C9
:109710009361A369002BE8D062695A61E5E7F360C1
:10972000F7E7F460E7E7F36845F8083C03B15C61EC
:10973000F460BCE770BD00BF04030020641A002081
:109740000003002038B50C461C22002105461548B0
:1097500006F0E7FD144B15481B6898471449154857
:1097600000F032F8232C1CD915F003031FBF043C72
:10977000E418C3F10403ED1822460021284606F040
:10978000D0FD084B0C49C3E90054203C9D606C603F
:109790009A6811609A68A1F11021A1F1EF11D161CD
:1097A000DA6038BD501A002008030020641A002037
:1097B0001D960000F594000055AA00FF014B1B68A0
:1097C000184700BFF4020020024B1860024B002033
:1097D00019607047F8020020F402002010B50A4614
:1097E000044619B1024B00211B68984710BD00BF09
:1097F000FC020020F8B50D4E0D4C0E4D33680E489E
:10980000984767782B680C48984733680B48984707
:10981000022F08D12478E31F5C425C412B68074883
:1098200098472046F8BD0024F8E700BF0403002055
:109830006C1A002000030020740100207C0100202D
:1098400038B504460D46FFF7D5FF30B12A4621460C
:10985000BDE83840024806F02ABD6FF0880038BDE8
:10986000701A002070B51D4E1D4C33681D48984776
:109870002378590744BF23F00403237023789A0701
:1098800005D500F0C1F8237823F002032370164DAC
:1098900014482B689847336814489847637813B185
:1098A000134806F015FD0023042111486370FFF7EB
:1098B00095FF2B680D48984733680A4898472378E6
:1098C000DB0705D506F0F0FC237823F001032370B5
:1098D0002B680448BDE87040184700BF040300200F
:1098E0006C1A00207C01002000030020740100207D
:1098F000701A00202DE9F041FFF77CFF18B1002419
:109900002046BDE8F081364F36483B68984704460C
:1099100020B16FF08F04FFF7A5FFF1E7324D2B78F0
:10992000D80706D406F0BEFC04462B7843F00103AA
:109930002B702E4E2B483368984710B1002CE8D07E
:10994000E9E7002CE7D13B68264898470446002801
:10995000DFD12B78990706D400F04EF804462B7817
:1099600043F002032B7033681E4898470028E5D166
:10997000002CD0D13B681B4898470028C9D13368D8
:10998000184895F8008098470028C2D13B681848CD
:10999000984704460028BCD16B7843B918F0010FF2
:1099A00005D0144806F081FC022304466B7033682E
:1099B0000F4898470028C1D1002CACD13B6809481A
:1099C00098470028A5D12B7806485A075CBF43F07A
:1099D00004032B7033689847002890D099E700BFA4
:1099E000040300207C0100206C1A002000030020EA
:1099F00074010020701A00200122024B002083F81D
:109A000080257047741A00202DE9F0410A4C00258A
:109A100026464FF0010803272046C4F82080277708
:109A2000013506F022FC202D04F12C04F4D1002392
:109A300086F88035BDE8F081741A0020014B1B6860
:109A4000184700BF28030020014B9B68184700BF40
:109A500028030020014BDB68184700BF28030020C3
:109A600010B50C4C236813B10B4B1B682BB900F0DD
:109A70005FFE30B90122084B1A60012323600020E9
:109A800010BD0138072801D9044810BD044B53F814
:109A9000200010BDFC1F0020F81F0020FE8FFFFFDC
:109AA000D00D0100BFF34F8F0549064BCA6802F481
:109AB000E0621343CB60BFF34F8F00BFFDE700BFF1
:109AC00000ED00E00400FA0530B44FF0FE3200254E
:109AD0000B4B0C4C0C494968C3F80024C3F8042410
:109AE000C3F80824C3F80C24C3F81024C3F81424C2
:109AF000C3F81824C3F81C24C4F8005530BC084728
:109B000000508450004084500C030020024BD0E9E8
:109B10000012C3E9001270470C030020144B2DE91A
:109B2000F043002814BF04461C46124F236883B03C
:109B3000BB4219D016460D4620464FF4E07104F1A1
:109B4000040900F0EDF804F58E78484600F0D0FCEA
:109B5000404600F0F3FA2B464A4640460649009636
:109B600000F002FB08B92760002003B0BDE8F083D5
:109B700000200020A5BCC95A75A5000070B50D4C89
:109B80001D46002814BF064626460B4B306882B09F
:109B900098420DD106F58E70002633460096144685
:109BA00000F032FB002818BF34462C6002B070BDB4
:109BB0000248FBE700200020A5BCC95AE88FFFFF40
:109BC00010B5044650B1636813F0685F05D0064ACB
:109BD000934202D000236260236010BD034B04480F
:109BE0005B689847EFE700BF2C5F5CA90C0300207F
:109BF000F00D0100C8B143680D4A934213D013F031
:109C0000685F0ED0012350E8002F194640E8001C81
:109C10009CF0000FF7D1012AF5D0BFF35F8F002031
:109C2000704704487047044870476FF4E04070473D
:109C30002C5F5CA9E98FFFFFEA8FFFFF034680B12D
:109C4000426809498A420AD012F0685F05D0BFF322
:109C50005F8F002210461A6070470448704704481E
:109C600070476FF4E04070472C5F5CA9E98FFFFFFD
:109C7000EA8FFFFF10B5044620B10023034A23609A
:109C8000626010BD0248FFF71FFFF6E73A00003A96
:109C9000180E010070B5194CD0F804C00668C4F85D
:109CA00004C0D0F808C0C068C4F808C0E0602660EE
:109CB0000868134B134D18604868D5F81821586090
:109CC000886812F0685F9860C8680969D86019618F
:109CD00012D000230C4A05F58A70C5F81431C5F876
:109CE000B831C5F81821C5F8BC21B047236805F57F
:109CF000DC70BDE87040184770BD00BF280300202D
:109D000014030020002000202C5F5CA938B131B181
:109D1000002201440346013081421A70FAD1704793
:109D200038B131B1002201440346013088421A7033
:109D3000FAD170472DE9F04FB2F5C07FBDB000F207
:109D4000DA800C46DFF8B491154600214FF4D0724A
:109D500082460DF17C08484606F0E3FA404601F0E1
:109D600047F930232146002409F118062A4689F8CC
:109D7000173030466BBAA9F81230A9F8104006F037
:109D8000A9FA8022234672550DF12B0101F8013FFB
:109D90000133202BFAD14FF4807240460BA901F019
:109DA0003DF98346002840F0A38005F1190313AD67
:109DB0002F4607AE0293CDF80CA001960495102211
:109DC0000021019806F0ADFADFF834A1DDF808B003
:109DD00005970A9B5AF8044C089F099A07995AF864
:109DE000100C5AF80C6C5AF8085C5C40019B7E40E1
:109DF000554081EA00071A4601214046CDE9077621
:109E0000CDE9095401F02CF9BBF1100F94BFABEB75
:109E10000B0BABF1100B0AF1100A002847D1BBF174
:109E2000000FD6D1059F10223846019906F052FA4C
:109E300099F8033010370133474589F80330BED114
:109E4000049D4FF4807229464046DDF80CA0019E27
:109E500001F0E4F8834678BB54460AF130071BABA7
:109E60001A460121404601F0FBF8834620BB102230
:109E700020461BA9144406F02DFAA742EFD1404614
:109E800001F0C6F84FF4D0711C48FFF749FF28468F
:109E90003021FFF745FF0BA82021FFF741FF304697
:109EA0001021FFF73DFF58463DB0BDE8F08F8346D7
:109EB000DDF80CA0019E049D404601F0A9F84FF486
:109EC000D0710E48FFF72CFF28463021FFF728FFFE
:109ED00020210BA8FFF724FF10213046FFF720FFB9
:109EE00030215046FFF71CFF58463DB0BDE8F08FCB
:109EF00013AD07AEE0E76FF0370BF5E7D021002098
:109F0000E02100202DE9F0418CB004460D463022BE
:109F1000002168466F4606F004FA04F12006E27B51
:109F20000132D2B2E273002A4DD1A27B0132D2B209
:109F3000A273002A47D1637B0133DBB26373002B2A
:109F400041D1237B0133DBB22373002B3BD1E37A76
:109F50000133DBB2E372002B35D1A37A0133DBB2DC
:109F6000A372002B2FD1637A0133DBB2637253BB30
:109F7000237A0133DBB223722BBBE3790133DBB2EB
:109F8000E37103BBA3790133DBB2A371DBB963795E
:109F90000133DBB26371B3B923790133DBB22371CF
:109FA0008BB9E3780133DBB2E37063B9A378013393
:109FB000DBB2A3703BB963780133DBB2637013B9D2
:109FC0002378013323703B4622460121304601F0BD
:109FD00047F88046002841D110370CAB9F429ED1F4
:109FE000029AAB680399534002933046EE68D5F865
:109FF00020804E40039604992E69D5F828C04E4023
:10A0000004966E6905990B9F4E4005960699AE69B8
:10A01000009B4E400696EE6907994FF480724E40C1
:10A020000796089ED5F824E088EA0608099E8EEA7D
:10A03000060E0A9E8CEA0601EE6A7E402F687B407F
:10A0400000936B68019D6B400193CDE9088ECDE9CB
:10A050000A16694600F0E2FF804638B168463021B2
:10A06000FFF75EFE40460CB0BDE8F08110222046AE
:10A0700008A906F02FF9F1E72DE9F8431D46836999
:10A08000B3F5C07F52D81646C3F5C072AA424DD36D
:10A09000C5F5C072D31AB34248D30446DFF898908E
:10A0A0004FF4C0720F464846002106F03AF949467F
:10A0B000D4F89430A269D4F898009847002838D191
:10A0C000D4F818803DB1D4E925302A4609EB0801BF
:10A0D000984770BBA84407B1C6B91749424608461D
:10A0E000FFF728FE054638B14FF4C0711248FFF75C
:10A0F00017FE2846BDE8F88320460F49FFF702FF08
:10A1000005460028F0D101232361EDE739463246A8
:10A1100009EB080006F0DEF80749B044424608465D
:10A12000FFF708FE05460028DED1E5E76FF03705AA
:10A13000DFE76FF03305DCE77023002010B5A422C1
:10A140000021044606F0EDF84FF0FF314FF6F072B3
:10A15000044B2161E26104F19C001B68BDE81040E2
:10A16000184700BF080300202DE9F047054688B0D6
:10A170000F461646002120226846984606F0D1F880
:10A180001F4B05F19C0948461B689847044618B1C7
:10A19000204608B0BDE8F08705F1200A504600F0DF
:10A1A00027FFAA69C5E92576F2B920232E69AB619C
:10A1B000002E22DB694650464FF4807200F02EFFDD
:10A1C000044630B9334641462846109AFFF754FFFB
:10A1D00004460C4B48461B689847002818BF0446A5
:10A1E000204608B0BDE8F0872E69002EE2DA2F2A5B
:10A1F00096BF013226465608DCE71026DAE700BF94
:10A2000004030020000300202DE9F04FB2F5806F19
:10A2100091B01A9F00F2E380B7F5807F00F2DC80F6
:10A22000044615460E463022002104A8984606F042
:10A2300078F86C4B04F19C0948461B6898478346A4
:10A24000002840F092802269E3699A4200F39180ED
:10A250006369002B40F08D80002F40F0A980DFF86B
:10A2600088A16F46002D00F098806F4604F1200809
:10A270000EE0102DAB4628BF4FF0100B304639468C
:10A280005A4606F027F8B5EB0B055E4400F08580D2
:10A29000E37B0133DBB2E373002B4DD1A37B0133AE
:10A2A000DBB2A373002B47D1637B0133DBB2637353
:10A2B000002B41D1237B0133DBB22373002B3BD135
:10A2C000E37A0133DBB2E372002B35D1A37A013399
:10A2D000DBB2A372002B2FD1637A0133DBB263723E
:10A2E00053BB237A0133DBB223722BBBE3790133F7
:10A2F000DBB2E37103BBA3790133DBB2A371DBB93A
:10A3000063790133DBB26371B3B923790133DBB213
:10A3100023718BB9E3780133DBB2E37063B9A378BF
:10A320000133DBB2A3703BB963780133DBB26370F6
:10A3300013B92378013323703B462246012140465E
:10A3400000F08EFE8346002893D0DAF800304846AD
:10A3500098470346302104A8002B18BF9B46FFF7FF
:10A36000DFFC10213846FFF7DBFC584611B0BDE892
:10A37000F08F3A46414600232046FFF77DFEDFF886
:10A3800068A000283FF46DAF4846DAF800309847DF
:10A39000834600283FF465AFE7E7204604A9FFF7AE
:10A3A000B1FD83460028D0D1236901332361CCE776
:10A3B0003A46414604A8FFF7BDFC834618B16F46F4
:10A3C000DFF824A0C1E7204604A9FFF79BFD8346E0
:10A3D00000283FF444AFF2E76FF0370BC5E76FF0AA
:10A3E000350BC2E704030020000300202DE9F043F1
:10A3F000202B1D460646884691468BB026D8DBB2F8
:10A4000002AF8DF80480B04658F8041B8DF8053073
:10A4100021B9404600F066FE044640B901230222FD
:10A420004046336001A900F071FE044638B1384659
:10A430002021FFF775FC20460BB0BDE8F0832A46CB
:10A440004946404600F062FE0446F0E702AF194676
:10A45000104600233A4600F0DFFF04460028E6D10C
:10A460002023B9461D46CCE72DE9F041D0F8F8305D
:10A47000A6B0002BD8BF02AE31DD05460027D0F8CC
:10A480000C4102AEA4F101089022D5F8FC403146FF
:10A49000D0F8000101AB0197B8FA88F8A0474FEA5D
:10A4A0005818044620B9019B53B9B8F1000F16D0D3
:10A4B00030469021FFF734FC204626B0BDE8F081FD
:10A4C000014632462846FFF791FF58B9D5F80431C6
:10A4D000019A1344C5F80431B8F1000FE8D16FF0C8
:10A4E0003C04E5E70446204626B0BDE8F08100BF05
:10A4F00070B500250446142204F588762946C0F874
:10A50000F850FC3005F00DFF08222946304605F0D2
:10A5100008FF144B30461B689847204640F8045B00
:10A5200000F0C6FD104B30461B689847C8B9D4F8F8
:10A53000F830AB420FDC03EB830204EB82022021F4
:10A54000C2F800010120C2E9421008490133C2F8F3
:10A55000FC10C4F8F830064B3046BDE870401B686C
:10A56000184770BD0803002004030020EDAE000072
:10A57000000300202DE9F047202A88B07AD83F4B0D
:10A5800000F5887904461B68484617468846984770
:10A590000546F8B940F20116D4F8F830002B65D022
:10A5A0002046FFF761FF054638B9D4F8F830002B94
:10A5B00014DC013EF2D16FF03B056E46202130469F
:10A5C000FFF7AEFB2E4B48461B689847002818BF84
:10A5D0006FF01D05284608B0BDE8F087D4E9413288
:10A5E000934203D3D4F80C21012A02D0013ED7D1E3
:10A5F000E1E71F2BFAD96E4601462022304604F1CE
:10A60000040A05F08EFE3146504600F0A9FD0546CD
:10A610000028D3D1504600F05FFD504600F048FDC1
:10A620002946504600F05EFD05460028C6D150463A
:10A630002022314600F06AFD05460028BED10346BF
:10A6400032462021304600F0E7FE05460028B5D10D
:10A65000D4F8F8303A46002BC8BF002340463146B4
:10A66000C8BFC4F8043105F035FEA7E76FF03F0519
:10A670006E46A3E76FF03B05ACE700BF0403002084
:10A6800000030020002130B58DB0282202A80191DE
:10A6900005F047FE02A800F0E7FE044610B1204690
:10A6A0000DB030BD1B4D4FF0FF31286800F034F97C
:10A6B00060BB194BD3F8340E10F0010017D100F035
:10A6C0005BF9F8B9154A02A901A800F001FC04469B
:10A6D000012000F051F988B9286800F025F9002818
:10A6E000DDD00F48FFF7F0F920460DB030BD2868E7
:10A6F000052400F019F90028D1D0F2E70948FFF746
:10A70000E3F9E9E70848FFF7DFF9DBE70748FFF778
:10A71000DBF9CEE75C03002000608450F0240020C9
:10A72000940E0100740E0100540E01003C0E010055
:10A7300030B583B000F036F878B900F055F890B92C
:10A74000144BC3F80C0AFFF79DFF0446F8B9124DED
:10A750002B6863B1204603B030BD032400F072F8CB
:10A76000204603B030BD0424204603B030BD02466D
:10A770000146FFF7D3F950B96822084901ABFFF74A
:10A78000FDF920B92046064B2B6003B030BD0524EF
:10A79000E0E700BF0050845010270020142700205D
:10A7A0005AEA5A5A00207047430504D54FF0FF3249
:10A7B000034BC3F80821024BC3F8080A704700BFD7
:10A7C00000508450014BC3F8040A70470050845075
:10A7D00008B100F071B84FF47500704708B100F08F
:10A7E0004FB84FF47500704710B5114800F080F86D
:10A7F00000B110BD0F4800F07BF80028F9D10E4CD5
:10A80000204600F075F80028F3D10C4B0C481C6072
:10A8100000F06EF801460028EBD100F02DF8044658
:10A8200008B1204610BD00F089F82046FAE700BFC5
:10A830006C03002068030020640300205C030020F8
:10A840006003002008B5084800F05CF8074800F0F5
:10A8500059F8074800F056F8064800F053F8BDE8EC
:10A86000084000F00BB800BF6C0300206803002014
:10A87000640300206003002000207047704700BF81
:10A8800010B402460B4C01E0134207D1D4F8003A51
:10A8900013F48070F8D0012042F4807229B1054B86
:10A8A000D3F804410C60C3F80841024BC3F8082AEE
:10A8B00010BC7047005084500246084901E01A421B
:10A8C00007D1D1F8003A13F48070F8D0012042F497
:10A8D0008072024BC3F8082A704700BF00508450B2
:10A8E00005F005BD05F01DBD0A46002105F019BDA6
:10A8F00008B5034B02681B6810689847002008BD24
:10A900002803002008B5034B02685B68106898476D
:10A91000002008BD28030020024B02689B681068D5
:10A92000184700BF2803002008B5034B0268DB6806
:10A9300010689847002008BD2803002070B5094C16
:10A94000094D2069AB68984718B1084B08485B6807
:10A9500098470021074AEB6811602069BDE8704004
:10A96000184700BF14030020280300200C03002018
:10A97000AC0E01007C270020F8B51A4D1A4E044693
:10A98000B26828699047E8B9184F3B684CB1A3B149
:10A99000012B19D0013B3B602869F36898470020E0
:10A9A000F8BD43B90121124AC2F800151149D1F886
:10A9B0001029002AFBD101333B60F36828699847CE
:10A9C0000020F8BD0C48F8BD0A4AD2F81039002B17
:10A9D000FBD1074A6FF07E40C2F80035FFF7F2FE68
:10A9E0003B68D7E714030020280300207C270020C1
:10A9F0000040845000508450E98FFFFF2DE9F04162
:10AA0000002873D00C46002970D01D46002B6DD055
:10AA100007461AB1012200232A6003602B68002B2D
:10AA20005FD02946204600F0D9FD804600285AD143
:10AA30002146286800F0B8FD8046002853D12868D8
:10AA4000082867D0042867D0A0F10200B0FA80F08F
:10AA500040090121314EC6F8C411C6F84011C6F8AC
:10AA6000C411636AC6F83031D6F830219342F6D16A
:10AA70000023C6F82C314FF0FF33C6F808316FF0D1
:10AA80001B03C6F80031C6F80C01D6F8040A40F4DE
:10AA90008060FFF797FE0A23C6F83831069B012B2A
:10AAA00029D023691E4AA2FB03231B09626A404680
:10AAB00002FB03F303EB4303184ADB039B09C2F8D1
:10AAC000D8310123C2F82C313B682A6823F07F4338
:10AAD00043EA02633B602A6843EA02233B60BDE825
:10AAE000F081DFF840804046BDE8F081DFF8388033
:10AAF0004046BDE8F0814FF47F03D3F80C2C0132BF
:10AB000006D0D3F80C3C064AA2FB03231B09CDE771
:10AB10001623CBE703209CE702209AE700508450DD
:10AB2000ABAAAAAA310CF100350CF10058B34B1EA8
:10AB3000B3F5047F27D230B54FF0000ECD00744638
:10AB400071464B0901F01F0C50F82330BCF11F0F68
:10AB500023FA0CF306D003F0010319B901211C46B6
:10AB60008E46EEE79C4201F1010106D01C464FF0F3
:10AB7000010EA942E5D1002030BD0EF1010E96452F
:10AB8000F7D1024830BD0148704700BF360CF100D4
:10AB9000C0B32DE9F0434C1EB4F5047F1DD2E3B1E0
:10ABA000DAB100252E46A8462C46CF0003F1FF3926
:10ABB0004FEA541C04F01F0E50F82C10BEF11F0F6A
:10ABC00021FA0EFC0CD00CF0010C4CB90126E04629
:10ABD00034463546ECE7964216D90C48BDE8F0837A
:10ABE000AB420BD0C44508BF0136A945F3D00135AF
:10ABF0000134BC42DCD10020BDE8F0830125E046F1
:10AC00002E46F5E7014870471D46F1E7370CF10085
:10AC10002DE9F04F8FB08246DDE919460D46002E32
:10AC20006ED1096904911C60002318990B60002AF9
:10AC300000F02881994B6A6AD3F83811D3F8303183
:10AC40009A4269D10A2967D19AF80330069304F130
:10AC5000080305930423049A0393914B8F4CA3FBA1
:10AC6000023B4FEA9B0B0BEB4B0BA2EB4B0B189BE6
:10AC7000049E1E60002E00F0E580002700F0BEFC60
:10AC80000797BAF1000F00F0D0804FF00109DDF80E
:10AC90001480002D00F0C980069B002B3ED0284672
:10ACA00006A900F09BFC00283AD07E4B984220D0A9
:10ACB000069B082B00F0E08000225B0006932946EB
:10ACC00006AB50460092FFF799FE774B984200F092
:10ACD000CF8070B9DAF80020130A03F47F0313431E
:10ACE00023F07F43CAF80030039B013B0393BED19E
:10ACF0000020039000F082FC03980FB0BDE8F08FB5
:10AD00004FF47F01D1F80C0C01300CBF4FF40471EB
:10AD1000D1F80C1C049186E76448EAE76248C4E76E
:10AD20002946069800F040FC0028BED1069B082B5F
:10AD300000F0A480042B00F0A380A3F10203B3FA77
:10AD400083F35B09C4F8C491C4F84091C4F8C4917A
:10AD50006A6AC4F83021D4F830118A42F6D1002250
:10AD6000C4F82C214FF0FF32C4F808216FF01B0209
:10AD7000C4F80021C4F80C31D4F8040A40F480600F
:10AD8000FFF720FD0A23C4F838312B69444AA2FB9F
:10AD90000313696A1B0901FB03F303EB4303DB03A2
:10ADA0009B09C4F8D831C4F82C910698DAF8003021
:10ADB00023F07F41030243EA00630B43CAF80030EB
:10ADC00007A800F0E1FB079B354A03F01A03034391
:10ADD0007FF46EAFA2FB0632D4F81431B7EB920FBA
:10ADE0000893D4F818310993D4F81C310A93D4F895
:10ADF00020310B93D4F824310C93D4F828310D93DF
:10AE000002D1BBF1000F12D14046182208A9183E0A
:10AE1000FFF766FD08F1180801379EB100F0EEFB60
:10AE200000230793002D7FF437AF21483DE74046CC
:10AE30005A4608A9A6EB0B06FFF752FDD844013786
:10AE4000002EEBD1049F059E6A6939463046FFF714
:10AE50006DFEAA6940B94FF4806339463046FFF76A
:10AE600097FE00283FF444AF0023189A13601CE7B4
:10AE70002B6A002B3FF43DAF0E483AE7032361E70E
:10AE800002235FE7012229465046009606ABFFF7F2
:10AE9000B5FD00283FF4DBAE2BE700BF0050845027
:10AEA000ABAAAAAA020CF100310CF100300CF1009F
:10AEB000350CF100320CF10010B4DDE901340194DD
:10AEC0000024DDF80CC0CDE902C410BCFFF7A0BE21
:10AED00030B51546012487B005AB00930022CDE9BB
:10AEE000015404ABFFF794FE07B030BDF0B587B056
:10AEF000002967D01E46002B64D01446002A61D07A
:10AF0000324F0D4638684FF0FF31FFF705FD00283E
:10AF10003DD12F4BD3F8340E10F0010015D04FF077
:10AF2000FF354FF408712B48FEF7F0FE04212A4844
:10AF3000FEF7ECFE29482821FEF7E8FE3868FFF707
:10AF4000F3FC40BB284607B0F0BDFFF715FD002815
:10AF500034D1224800F088FA70B91E4A03460292A2
:10AF600005AA019204AA039000921C4902461A48BD
:10AF7000FFF7A2FF0346A0B14FF0FF350120FFF716
:10AF8000FBFC0028CDD01648FEF79EFDC9E715480A
:10AF9000FEF79AFDBDE71448FEF796FD284607B078
:10AFA000F0BD28461D46059B22469C4228BF1A46F6
:10AFB000049932600831FFF793FCDFE70B48FEF796
:10AFC00083FDC6E74FF0FF35BCE700BF5C03002000
:10AFD00000608450AC2700208027002084270020B8
:10AFE000740E01003C0E0100CC0E0100540E010055
:10AFF00010B5044630B1002201236265A265E36505
:10B00000236610BD0148FEF75FFDF4E7E40E010082
:10B0100018B174220021FFF765BC7047C8B1D9B1DF
:10B0200008B50023C02A836380F83C300FD0B2F506
:10B03000807F04D0802A03D06FF01F0008BD022358
:10B040000363D2081030FFF74BFC002008BD01233A
:10B05000F6E76FF0210070476FF01F00704700BFE8
:10B0600070B5044686B0F8B11046EAB1E3B10129E3
:10B070001AD8A26B16D0012A16D1102500210DEB8B
:10B080000506019602AA61632946009500F0C8FAF8
:10B0900050B92B463246204602A900F073FD18B97C
:10B0A00006B070BD002AE8D06FF02100F8E700BFBD
:10B0B00010B5044628B12046BDE81040F421FFF742
:10B0C00013BC0448FEF700FD2046BDE81040F42103
:10B0D000FFF70ABCF80E010010B1F421FEF716BE0E
:10B0E000704700BF08B521B1012908D06FF03600C4
:10B0F00008BD012100F058F80028F7D108BD022151
:10B1000000F052F80028F9D0F0E700BF30B505464E
:10B110008818B0F5801F0B461446A1B001D8802ACC
:10B120000CD9B3F5801F17D922461946284600F0DE
:10B130007DF8044684B9204621B030BD6846FFF74B
:10B14000CFFB22466946284600F070F8802104466D
:10B150006846FFF7C9FBEDE76FF03604EBE700BF89
:10B1600070B5E8B10E46D9B1044600F031F8054695
:10B17000B0B92368012B0BD0022B01D0284670BD3B
:10B180001C22304604F10801FFF7AAFB284670BDD7
:10B190002022304604F10801FFF7A2FB284670BDCB
:10B1A0006FF03605EAE700BF78B138B50D46F021FB
:10B1B0000446FFF799FB402320462560E36500F035
:10B1C00061FA003818BF012038BD0120704700BF68
:10B1D000F0B5056EA5B0044604AEE5B9002301271D
:10B1E000019330466760294602AA009300F018FADE
:10B1F00010B1012025B0F0BD2A46204602A900F07A
:10B2000069FA0028F5D1204600F06CFB0028F0D147
:10B21000206625B0F0BD802D2A46304628BF80220A
:10B2200004F16401FFF75CFB256ED7E7002800F00E
:10B23000AE802DE9F04F1446A5B0002A3DD00F4650
:10B24000002949D0B2F5803F0546006E20D34FF665
:10B25000FF7805F1640AEB6D1A1AB2FBF3F103FBF8
:10B260001122002A65D18342B9464FF6FF7672D08B
:10B27000B6FBF3FB03FB0BFBBBF1000F30D1002E41
:10B2800045D1A4F57F44FF3CB4F5803F4744E2D26A
:10B29000EA6D161AB6FBF2F302FB1366A64228BF4C
:10B2A0002646002E75D1824200F08D80B4FBF2F666
:10B2B00002FB06F62EB9002C79D1002025B0BDE89E
:10B2C000F08F002331463846CDE9003302AA00F062
:10B2D000A7F9002800F09580012025B0BDE8F08F87
:10B2E000002359464846CDE9003302AA00F098F9F8
:10B2F0000028F1D15A46284602A900F0EBF90028AF
:10B30000EAD1A6EB0B06286ED944002EB9D019302D
:10B310004946324605EB8000FFF7E2FAA4F57F4488
:10B32000286EFF3C3044B4F5803F4744286692D2F3
:10B33000AEE7424528BF4246164639465044FFF71D
:10B34000CFFA286EEB6D3044834207EB060928667E
:10B35000A8EB06068CD1802B28BF802351461A46C5
:10B3600004A8FFF7BDFA0023E96D02AACDE9003376
:10B3700004A800F055F90028AED12846EA6D02A9CC
:10B3800000F0A8F90028A7D1EB6D286670E701202E
:10B39000704705F16403394632461844FFF7A0FAB6
:10B3A000286EEA6D3044A41B374428667BE72B6E79
:10B3B0002246193305EB83003946FFF791FA2B6ECD
:10B3C00023442B6679E7802A28BF802205F1640197
:10B3D00004A8FFF785FA0023E96D04A8CDE900333E
:10B3E00002AA00F01DF900287FF476AF2846EA6D26
:10B3F00002A900F06FF900287FF46EAFEA6D2866AD
:10B4000054E73246284602A900F064F900287FF488
:10B4100063AF3744A41B4EE7F8B51C4605461148F8
:10B4200016460F46FFF744FE21460E48FFF75AFE28
:10B43000044620B10B48FFF74FFE2046F8BD3A46C0
:10B4400029460848FFF762FE04460028F2D131463B
:10B450000448FFF785FE04460248FFF73DFE2046FC
:10B46000F8BD00BFCC2900201C2370B582B001A913
:10B470000546019300F032F8044638B9019B1C2BB5
:10B4800007D0144C1C212846FFF72EFA204602B0A4
:10B4900070BDD5E90112131E18BF0123003918BF72
:10B4A0000121012628689B00EA6843EA410300283D
:10B4B00018BF43F00103EE612AB9C5E90834002B37
:10B4C000E4D1054CDEE7204643F00803C5E9083423
:10B4D00002B070BD370CF0000E0CF000034618B13E
:10B4E00011B10A681C2A01D0012070474FF47F0275
:10B4F000D2F8101C01310CBF40F2DC51D2F8101C04
:10B500004FF47F020160D2F8141C01310CBF40F2ED
:10B51000DC51D2F8141C4FF47F024160D2F8181CA1
:10B5200001310CBF40F63401D2F8181C4FF47F02F1
:10B530008160D2F81C1C01310CBF40F63401D2F8F6
:10B540001C1C4FF47F02C160D2F8001C01310CBFFB
:10B550009021D2F8001C4FF47F020161D2F8041C44
:10B5600001310CBF5121D2F8041C4FF47F0241611C
:10B57000D2F8081C002001310CBF40F23732D2F85B
:10B58000082C9A61704700BF014608B54FF48060EF
:10B59000FFF724F90022034BC3F8C821C3F82C217C
:10B5A00008BD00BF005084500138072805D8DFE8E7
:10B5B00000F0100E040A0404040607487047CB6824
:10B5C00000204B6270478B6800204B6270474B68CD
:10B5D000F6E70B68F4E700BF310CF1000B6802E0FE
:10B5E000082B0B6006D8026A13424FEA4303F7D0D8
:10B5F0000020704700487047310CF100002310B55F
:10B60000064C4FF48060C4F82C31C4F8C431FFF705
:10B61000CBF84FF0FF33C4F8083110BD0050845010
:10B620002DE9F041002482B015461E4601220DF19D
:10B6300007030746DDF824808DF8074000F05AFF25
:10B64000D0B99DF8073004462F602B71B8F1000F78
:10B650000ED04EB10246089930460DF1070300F0B6
:10B6600049FF48B99DF80730C8F8006088F80430F1
:10B67000204602B0BDE8F0814FF47504204602B0C8
:10B68000BDE8F081D8B108B50368012B04D0022BC6
:10B690000FD043B10B4808BD20220B490830FFF7FB
:10B6A0001FF9002008BD142208490830FFF718F9D7
:10B6B000F7E7202206490830FFF712F9F1E74FF4C7
:10B6C000730070470100F300080F0100480F0100EC
:10B6D000280F01002DE9F047002900F0EB80044617
:10B6E000002800F0EB80036888469146002B00F0AC
:10B6F000B580013B012B00F2C9804FF0FF3171484A
:10B700004FF0020AFFF708F9002840F0B18000204E
:10B71000FFF732F90746002840F0B4806A4DD5F8AB
:10B720001069002EFBD14FF0FF30FFF73DF8D5F840
:10B73000040A20F40060FFF745F801230722C5F84A
:10B740001838C5F82038C5F80029C5F8C437C5F839
:10B75000A466A36CC5F8CC37E36CC5F8D037C5F840
:10B76000C0A723685BB1013B012B18D8636AC5F8F9
:10B770005C36236AC5F85836E369C5F85436A269C1
:10B78000514BC3F850266269C3F84C262269C3F8AE
:10B790004826E268C3F84426A268C3F84026B9F1F7
:10B7A000000F56D063684FF40060012B04BF464A77
:10B7B000C2F8843698F80430D8F80010424A5B008A
:10B7C00003F00203C2F80C3BC2F8281CC2F82C9C00
:10B7D000FEF7FEFF0746236863B1013B012B19D832
:10B7E000394BD3F85C266262D3F858262262D3F82C
:10B7F0005436E361344BD3F85026A261D3F84C267B
:10B800006261D3F848262261D3F84426E260D3F877
:10B810004036A360002201212B4BD3F8CC07A06453
:10B82000D3F8D007E064C3F8C417C3F88426C3F87C
:10B83000C827C3F81828C3F82028AFBB0120FFF79A
:10B840009BF868BB1F48FFF76FF818BB3846BDE888
:10B85000F08704221C4BC3F8C827BCE74FF0FF3128
:10B8600018484FF0010AFFF757F800283FF44FAF90
:10B870001648FEF729F90020FFF77EF80746002852
:10B880003FF44CAF1248FEF71FF947E7114F384617
:10B89000BDE8F0871048FEF717F93846BDE8F08795
:10B8A0000E48FEF711F9CDE7102104F10800FFF76B
:10B8B0001BF8C3E70A4F3846BDE8F0874FF473071B
:10B8C000C4E700BF6C030020005084503C0E010010
:10B8D000540E01000100F300940E0100740E0100EB
:10B8E0000300F300A0B3034670B4D0E90240D3E9EB
:10B8F000041226BA05BA0CBA10BAC3E90440D3E957
:10B900000612986A09BAC3E9026512BA996100BAC7
:10B91000D3E9084125BA0CBAC3E90725D3E90B12CC
:10B92000C3E9094009BAD86B12BAD962D3E90D410B
:10B9300025BAC3E90C250CBA00BAD3E9101209BA2A
:10B9400012BAC3E90E40196400205A6470BC7047F3
:10B950004FF47300704700BF70B500284DD0436BA3
:10B960000446032B3CDD063B012B3BD8A36B012B8C
:10B970003BD8E36D012B3DD8236E012B41D8224EDD
:10B98000D6F81059002DFBD14FF0FF30FEF70CFF19
:10B99000D6F8040A20F40060FEF714FF0123C6F86D
:10B9A0000039C6F8BC54636B23F00402032A18BFA5
:10B9B000A16B226B0CBF294601F00101022A17D8A6
:10B9C0009B0003F01C0343EA02330F4A0B43C2F807
:10B9D000C034636B072B06D10123C2F87C3402E02C
:10B9E000002BC3DA094D284670BD094D284670BDAD
:10B9F000084DF8E7084D284670BD4FF471052846FC
:10BA000070BD064DEFE700BF005084500100F1000B
:10BA10000200F1000600F1000300F1000400F10053
:10BA200000287DD038B590F83C300446002B55D026
:10BA3000022B23D03C483D4D2A683D4B1268C3F889
:10BA400000242A685268C3F804242A689268C3F85C
:10BA500008242A68D268C3F80C242A681269C3F83B
:10BA600010242A685269C3F814242A689269C3F81A
:10BA700018242A68D269C3F81C2438BD016B006CF5
:10BA800000F032FB294D0028D6D12A68284B1268D5
:10BA9000C3F800242A685268C3F804242A6892680C
:10BAA000C3F808242A68D268C3F80C242A681269EB
:10BAB000C3F810242A685269C3F814242A689269CA
:10BAC000C3F818242A68D269C3F81C24216B206C9F
:10BAD00000F020FB0028AFD1002038BD0269144BD4
:10BAE000C3F800244269C3F804248269C3F8082417
:10BAF000C269C3F80C24026B013A012AECD8026A2D
:10BB0000C3F81024426AC3F81424026B022AE3D15A
:10BB1000826AC3F81824C26A0020C3F81C24DCE738
:10BB20004FF47100704700BF0900F1005803002076
:10BB300000508450114A124B11680968C3F8001470
:10BB400011684968C3F8041411688968C3F80814B7
:10BB50001168C968C3F80C1411680969C3F8101496
:10BB600011684969C3F8141411688969C3F8181475
:10BB70001268D269C3F81C24704700BF5803002024
:10BB8000005084502DE9F04F85B0002958D0174659
:10BB9000002A55D00446002800F0DC809846C36D8A
:10BBA0000E46002B42D1B8F5805F44D294F83C3069
:10BBB000042B00F0C7804FF0000A4FF0FF31B5486A
:10BBC000FEF7AAFE002840F0B9800020FEF7D4FE60
:10BBD000002840F0AF804FF00109DFF8BCB22046EA
:10BBE000CBF81098CBF82098FFF7B6FE054620B9A1
:10BBF0002046FFF715FF054638B3BAF1000F40F0B5
:10BC000085800022A44B0120C3F81028C3F8202807
:10BC1000FEF7B2FE002840F089809E48FEF784FEC1
:10BC200000287CD1284605B0BDE8F08F012BBDD19E
:10BC3000B8F5803FBAD3994D284605B0BDE8F08FDE
:10BC4000974D284605B0BDE8F08F636B072B00F2D7
:10BC5000CA8009FA03F919F08A0F40F0D38019F06D
:10BC6000440F40F0C28019F0010F00F0BC8033791E
:10BC70003A795B0002F0010203F002031343864AA3
:10BC800031683868C2F80C3B636B23F00403032B64
:10BC90000AD0236E012B0BBFC2F8280DC2F8300D5D
:10BCA000C2F82C8DC2F8348DE36D4FF40060012B87
:10BCB000794B0BBFC3F8281CC3F8301CC3F82C8C7D
:10BCC000C3F8348CFEF784FD0546002895D1626BDD
:10BCD000072A15D80123934013F08A0F40F09F8064
:10BCE00013F0440F0CD06C4BD3F860242260D3F8CF
:10BCF00064246260D3F86824A260D3F86C34E360F3
:10BD00000123A365BAF1000F3FF47BAF0423202188
:10BD100004F1100084F83C30FEF7E6FD71E761485D
:10BD2000FDF7D2FE284605B0BDE8F08F5E48FDF76E
:10BD3000CBFE72E75D48FDF7C7FE4CE75C48FDF7B8
:10BD4000C3FE42E7216B206C00F0B8F928B14FF038
:10BD5000010A32E74FF4710564E7DFF858914E4D60
:10BD6000D9F800301B68C5F80034D9F800305B689A
:10BD7000C5F80434D9F800309B68C5F80834D9F800
:10BD80000030DB68C5F80C34D9F800301B69C5F801
:10BD90001034D9F800305B69C5F81434D9F8003094
:10BDA0009B69C5F81834D9F80030DB69C5F81C3434
:10BDB000216B0229CBD8236D4FEAC10A0193E36CB2
:10BDC0000AF1100A04F1100B0093CDF80CA0CDF885
:10BDD00008B0206CD4E9112300F09CFA68BB002362
:10BDE00084F83C30B3E7344D07E72368CBF8603480
:10BDF0006368CBF86434A368CBF86834E368CBF8A5
:10BE00006C3434E72368CBF840346368CBF84434AF
:10BE1000A368CBF84834E368CBF84C3427E71E4BD3
:10BE2000D3F840242260D3F844246260D3F8482435
:10BE3000A260D3F84C34E36062E7D9F80030514691
:10BE40001B685846C5F80034D9F800305B68C5F85F
:10BE50000434D9F800309B68C5F80834D9F80030AC
:10BE6000DB68C5F80C34D9F800301B69C5F810340C
:10BE7000D9F800305B69C5F81434D9F800309B69F3
:10BE8000C5F81834D9F80030DB69C5F81C34FEF762
:10BE90002BFDA4E76C030020005084500500F10046
:10BEA0000B00F100940E0100740E0100540E01000D
:10BEB0003C0E0100580300200100F1002DE9F0477D
:10BEC00001B3FAB10446002854D01D46436B0E4618
:10BED000072B1BD05DB9032B10D1836D73B9456659
:10BEE0008566C5660567102500F164030B602B4667
:10BEF00031462046BDE8F047FFF744BE2F4638469E
:10BF0000BDE8F087644F3846BDE8F087C36DA3BB3A
:10BF1000B5F5805F36D20DB9A36D9BBB4FF0FF31F5
:10BF20005E48FEF7F9FC00284CD10020FEF724FD06
:10BF3000002843D14FF00108DFF864912046C9F88A
:10BF40001088C9F82088FFF707FD0746E0B10022F6
:10BF5000534B0120C3F81028C3F82028FEF70CFD2E
:10BF600040BB4E48FEF7E0FC0028C8D04D48FDF726
:10BF7000ABFDC4E74FF47107C1E7012BCBD1B5F599
:10BF8000803FC8D3484FBAE72046FFF749FD074630
:10BF90000028DCD1636B072B0AD808FA03F818F0E5
:10BFA0008A0F13D118F0440F5AD118F0010F19D18C
:10BFB0003E4FCCE73E48FDF787FDD2E73D48FDF711
:10BFC00083FDB7E73C48FDF77FFDAEE72368C9F87E
:10BFD00040346368C9F84434A368C9F84834E36856
:10BFE000C9F84C3401212E4AC2F87C14C2F8BC5462
:10BFF000337930688B4003F00203C2F80C3BE5B99B
:10C00000A36D0BB9C2F82415626B072A9FD80123D0
:10C01000934013F08A0F30D113F0440F97D0204B88
:10C02000D3F860242260D3F864246260D3F86824D3
:10C03000A260D3F86C34E36089E7E36D012B0BBF9A
:10C04000C2F8280CC2F8300CC2F82C5CC2F8345C80
:10C050004FF40060FEF7BCFB0028D5D0074676E71A
:10C060002368C9F860346368C9F86434A368C9F800
:10C070006834E368C9F86C34B4E7094BD3F840245A
:10C080002260D3F844246260D3F84824A260D3F835
:10C090004C34E3605BE700BF0B00F1006C03002051
:10C0A00000508450940E01000500F1000100F100E1
:10C0B000740E0100540E01003C0E01007F2809D8C7
:10C0C00051B10139022909D805497F280CBF08461A
:10C0D0000020704702487047084670470148704783
:10C0E0000100F7000300F7007F2809D851B101399A
:10C0F000022909D805497F280CBF0846002070474F
:10C100000248704708467047014870470100F70031
:10C110000300F7000129F0B407D0022900F089805C
:10C1200000295AD07248F0BC70470022714C724B03
:10C130004FEAC00CC4F80015451C0CF57F04C3F889
:10C14000082104F50444C3F80021C3F80421C3F80E
:10C1500000556A4E2468B44240F0B380196002E092
:10C16000002940F0B580D3F80021D3F80841D3F876
:10C1700004112243F4D0002C40F0B180002940F09B
:10C18000A78001245B4AC3F800150230C2F80045BD
:10C190005B4AC3F80811C3F80011C3F80411C3F8CF
:10C1A000000552F80C00574A904240F08E80524AE7
:10C1B0001C6002E0002840F08B80D2F80031D2F8F9
:10C1C0000811D2F804010B43F4D0002940F08C8010
:10C1D00000287DD1C2F8000528E00124464BC200AA
:10C1E000444E204402F57F02C6F8004502F50442A1
:10C1F000C3F80811C3F80011C3F80411C3F800050F
:10C200003E4D1268AA4260D11C6001E000285FD157
:10C21000D3F80021D3F80811D3F804010A43F5D06C
:10C2200000295CD1002853D1C3F800050020F0BCE0
:10C23000704701250022304B2E4F4FEAC00C4419A5
:10C240000CF57F01C7F8005501F50441C3F808213A
:10C25000C3F80021C3F80421C3F80045274E09683C
:10C26000B1422ED11D6000E091BBD3F80021D3F87C
:10C270000841D3F804112243F6D084BB41BB01240A
:10C280001C4AC3F800150230C2F800451C4AC3F826
:10C290000811C3F80011C3F80411C3F8000552F8DF
:10C2A0000C00184A904210D1134A1C6000E078B983
:10C2B000D2F80031D2F80811D2F804010B43F6D0BD
:10C2C00083E7C3F8002510482DE7C3F80015FAE707
:10C2D0000022094B0D48C3F80025F0BC704700222E
:10C2E000C3F800250A481EE70023C2F80035F9E725
:10C2F0000C00F10000408450009003500054845022
:10C300000884FF00105484500600F7000200F70074
:10C310000100F7002DE9F0470024CCB082468946A1
:10C320001646214674220EA81F46579DDDF85881F7
:10C3300003F0F7FF802221462CA82B9403F0F1FF95
:10C340008423B5F57F6FCDE90A440D940C940593D1
:10C3500064D8FFF7EFFB05AB30462BAE01933946AF
:10C36000DDE954230295009600F064F8002850D1CE
:10C37000022307228DF813309DF813301B928DF89D
:10C38000743000220123012410211C900EA8CDE955
:10C390002423CDF86890CDF878A02694FEF7A4FA6F
:10C3A00010220DF120090092304605990AABCDF814
:10C3B000049006AAFFF734F9074688B11EE0102D55
:10C3C0002E4628BF10260EA93246FEF789FA102104
:10C3D0000EA8FEF789FA0134AD1B3744E4B222D02F
:10C3E000059B4A4606A90EA88DF8AC40FFF766FDEE
:10C3F000034608EB0700002BE1D01F460EA874226D
:10C400000021FEF76FFAFFF795FB38464CB0BDE808
:10C41000F087064F38464CB0BDE8F087044F3846E9
:10C420004CB0BDE8F0872F46E8E700BF0E00F100F2
:10C430000F00F1002DE9F041002482B00A9D019423
:10C44000B5F57F6F40D8ED00B5F5807F1E4634BF4F
:10C450000323042301F1FF3CBCF13F0F0C46009382
:10C4600032D888B3174666BB089A6AB3099A11682E
:10C4700051B3A2191344994226D3089B0146224680
:10C48000581CFEF72DFA089B04F102081C440023F7
:10C49000637026BB089BFF2D009503EB080017D99E
:10C4A0002B029BB243EA1523022201A90193FEF756
:10C4B00017FA08F102030020099A136002B0BDE8E0
:10C4C000F0810AB1402ECFD9094802B0BDE8F08111
:10C4D00001226946FEF704FA08F10103EBE7089B25
:10C4E000324603EB08003946FEF7FAF9B044D1E7CB
:10C4F0000600008000201870704700BF08B5054B8B
:10C50000044613B10021AFF3008000F0ABFA2046DF
:10C51000F6F70AFE00000000F8B50E4B06461D684F
:10C52000AB789B0712D56F6816F8014B29462CB9DA
:10C530000A20B847002805DB204609E02046B84716
:10C540000028F1DAAB7843F00403AB704FF0FF3012
:10C55000F8BD00BFC00B01000CB430B589B0054672
:10C560000C461C22002101A803F0DBFE02230595E6
:10C570008DF806300D4B029323462CB1B4F1004FD9
:10C5800028BF4FF00043013B1D440DAA0C9901A8A0
:10C590000695009200F00CF814B1059B00221A7069
:10C5A00009B0BDE8304002B0704700BF5B04010035
:10C5B0002DE9F04F43688DB015468046029383788D
:10C5C0009A0740F10D8100240E78002E00F00A81B8
:10C5D000252E0BD04B1C0393013441463046029B61
:10C5E00098470028C0F2F6800399EDE74E788B1C3F
:10C5F000252E0393F0D00027B946BB46BBF11F0F91
:10C6000038D8A6F12003102B0AD8DFE803F02A0956
:10C6100009300909092109090928092D09091F00FB
:10C62000A6F13003092B33D92A2E37D11BF0400F46
:10C6300055F8043B40F08280002BA7BF4BF0200B45
:10C640009946C3F100094BF0280B01E04BF0010BB8
:10C65000039B13F8016B0393002ECFD130E04BF016
:10C66000020B4BF0040BF3E74BF0080BF0E74BF039
:10C67000100BEDE7BBF17F0F19D8A6F13003092BA2
:10C68000D2D81BF0400F03D00A2101FB0737DFE7A8
:10C690000A214BF0200B01FB0939D9E72E2E06D1D8
:10C6A0001BF0400F40F09E804BF0400BD0E76C2E0B
:10C6B00031D02BD8682E36D06A2E3CD04C2E3AD0B2
:10C6C000002F46F02003B8BF2BF04002A3F1650114
:10C6D000BCBF00271FFA82FB022901D9612B2FD191
:10C6E00007350727DFF8ACA225F0070508351BF052
:10C6F000080F66D00AEB070B56465E4563D1A4EBE4
:10C700000A0AA9EB070906EB0A026FE1742E9FD013
:10C710007A2E9DD0D4E71BF0800F18BF4BF4007B1E
:10C720004BF0800B94E71BF4807F18BF4BF4007B29
:10C730004BF4807B8CE74BF4207B89E71F4687E72F
:10C74000A6F16301122900F2F080DFE811F0130076
:10C750004F00EE00EE00EE00EE004F00EE00EE00A7
:10C76000EE00EE00EE00FE00E900EE00EE001B0021
:10C77000EE00AF0055F8043B01270DF1180A8DF8C3
:10C780001830B4E755F804AB834BBAF1000F08BF7B
:10C790009A461BF0400F504614BF39464FF0FF3108
:10C7A00003F0F9FD0746A2E741462020029B984787
:10C7B00000280FDB013EB742F6D34C44B146A41B20
:10C7C00098E74E46F7E7414616F8010B029B98475B
:10C7D000002892DA98F8023043F0040388F8023017
:10C7E0004FF0FF3420460DB0BDE8F08F1BF0800FF6
:10C7F00034D01BF4007F2CD0073525F00705AA465E
:10C8000069685AF8080B2BF010050029ADB237DA29
:10C81000404245F4806561EB41010DF1180B0A239C
:10C820005A4603F0C4FDA0EB0B0301936B0662D5DF
:10C83000019B25F001019F4289B240F3A180002EA7
:10C8400000F0998015F0100240F09C80BB460D4628
:10C8500023E0AA465AF8040BC117D4E7AA461BF4F2
:10C86000807F5AF8041B01D10846F5E71BF4007FCE
:10C8700019BF48B241F3C01108B241F3C031C2E759
:10C8800050EA0103C9D11BF0400FC6D0002FC4D11C
:10C890002BF01102BB46019795B240F2064115EA12
:10C8A00001021CBF0BF1010B00222CE02BF0100247
:10C8B0000A231FFA82FB1BF0800C49D01BF4007185
:10C8C00015BF0735AA4625F007055AF8040B1EBF09
:10C8D000AA4669685AF8080B50EA010545D12BF0C1
:10C8E00016051BF0400FADB242D0002F40D12BF007
:10C8F0001702019795B215F0100248D0019B002E47
:10C9000042D103F1010B29075AD4EB0706D5D945CB
:10C910006FDDA9EB0B030199CB465F185B4649E03D
:10C920004BF0100B10237826C5E7782B04D1C6F105
:10C93000780343F01003BEE741462520029B984749
:10C940000028FFF647AF023447E608230026B2E787
:10C95000AA461BF480715AF8040BBDD01BF4007179
:10C960001ABFC0B2614680B2B6E72BF0060295B29C
:10C970000DF1180B54E725F01105BB46ADB28CE75D
:10C980000D46B8E73B460D4603F1020BBBE7DDF869
:10C9900004B082E7252701001E270100CDE90432FB
:10C9A00041462020029B98470028FFF613AF049BC6
:10C9B000059A01339945F1DCA4EB0B019B46CC1899
:10C9C0000AB341463020029B98470028FFF602AF89
:10C9D0008EB901342744391B019B994224DC1D4642
:10C9E00055BB019AA9EB0B095546224414469144C4
:10C9F00033E0019F92E7023441463046029B98475C
:10CA00000028E7DAE6E640F206410D42E2D015F0F2
:10CA1000020F04F10104414614BF2B20202015F41D
:10CA2000806F18BF2D20E9E741463020029B01347A
:10CA300098470028CFDACDE606AB013D4146585D68
:10CA4000029B98470028CBDAC4E641462020029B8F
:10CA5000013498470028FFF6BDAEA9EB0403002B74
:10CA6000F3DCC1E538B5074D074C641BA41024B9AD
:10CA7000064B0BB1AFF3008038BD013C55F82430B4
:10CA80009847F4E7000000000000000000000000EC
:10CA90007047836800EBC101B3F5004F2CBF51F81C
:10CAA000220031F81200704700EBC1018068B0F538
:10CAB000004F2CBF41F8223021F81230704701227C
:10CAC00008B5FFF7E6FFD04008BD836800EBC10161
:10CAD000B3F5004F08D34B681AB143F001034B6024
:10CAE000704723F00103FAE74B881AB143F00103C2
:10CAF0004B80704723F00103FAE753000122FFF750
:10CB0000D3BF8368B3F5004F34BF04230823C91A89
:10CB1000081AC00870478368481CB3F5004F34BF3B
:10CB2000042308230833A0EBD300B0FA80F0C0F14F
:10CB30001F0070472DE9F041174603220E460446B8
:10CB4000FFF7A7FF8642054607F104080AD1012234
:10CB5000E368BA4023EA0203E360002344F8283084
:10CB6000BDE8F081314602222046FFF792FF0646DB
:10CB70002B4601460322204644F82850FFF794FF35
:10CB8000334629462046BDE8F0410222FFF78CBF1C
:10CB900070B50D4686680446FFF791FFB6F5004F65
:10CBA000014601D3012809D02046FFF7B4FF2946EA
:10CBB00002462046BDE87040FFF7BCBF70BD2DE9BE
:10CBC000F0470546FFF7A7FF05EB800ADAF810905B
:10CBD00088460646B9F1000F1BD00327DAF810404B
:10CBE00028462146FFF76BFF404507D332462146D2
:10CBF0002846FFF79FFF2046BDE8F0870322214625
:10CC00002846FFF746FF013FCAF8100001D08145D2
:10CC1000E4D14FF0FF34EB680136B4401C40EAD059
:10CC200094FAA4F2B2FA82F2131D55F82340DEE71B
:10CC30002DE9F04114460E460546FFF740FFA4EBF0
:10CC40000608371B0744424631462846FFF755FF82
:10CC50003A4621462846FFF750FF43460022214628
:10CC60002846FFF721FF21462846FFF728FF3B46CD
:10CC7000211800222846BDE8F041FFF715BF2DE935
:10CC8000F041164604460F46FFF719FF31460546A8
:10CC90002046FFF714FF05442A4639462046FFF791
:10CCA0002CFF31462046FFF70AFF2B4631180022A1
:10CCB0002046BDE8F041FFF7F7BE2DE9F0410D46F3
:10CCC00086680446FFF7FBFEB6F5004F014601D328
:10CCD000012832D02046FFF71EFF04EB80010E69C9
:10CCE00096B90122E36882401343E36002220D619A
:10CCF0002B4629462046FFF7D7FE03222946204629
:10CD0000BDE8F041FFF7D0BE022231462046FFF7D2
:10CD1000C0FE0746034629462046FFF7C5FE03220C
:10CD2000334629462046FFF7BFFE39462B462046AC
:10CD3000FFF7BAFE02223146E1E7BDE8F081F8B51F
:10CD40000C460546FFF7BBFE261801223146284651
:10CD5000FFF79FFEC3070CD431462846FFF718FFA4
:10CD600021462846FFF7ABFE214622182846FFF74A
:10CD700086FF002221462846FFF78BFE271A012254
:10CD800039462846FFF785FE10EA020613D13946D8
:10CD90002846FFF7FDFE214632462846FFF779FE7A
:10CDA0002246211A2846FFF76AFF214632462846C6
:10CDB000FFF76FFE241A21462846BDE8F840FFF72A
:10CDC0007CBF38B571B1056800222846FFF799FE8F
:10CDD000044601462846FFF778FE2146BDE8384064
:10CDE000FFF7ADBF38BD70B5056809B9002070BD4B
:10CDF000AB6801F00704B3F5004F2CBF08220422F2
:10CE000007341444E40804EBD1049C4228BF1C46B8
:10CE100028462146FFF7D3FE06460028E6D0014605
:10CE20002846FFF74CFEA04209D934443146284633
:10CE30002246FFF7FDFE21462846FFF73EFF284623
:10CE400001223146FFF741FEAB68B3F5004F34BF16
:10CE50000423082303EBC6031844C8E71146FFF771
:10CE6000C2BFB2F5802F2CBF082304232DE9F04167
:10CE70000026D21A8C18CD1D25F0070524F00704D2
:10CE8000641BE408056021462846AC60EE60FFF7AD
:10CE900042FE421D9200013002F107074FEAD70718
:10CEA0003146A2F1100205F11000B8BF324603F07E
:10CEB00038FA3A4631462846FFF71FFE33463246D7
:10CEC00031462846FFF7F0FDA4EB07082846314617
:10CED0000122FFF7FAFD42463946FFF70EFE3B46B8
:10CEE000324639462846FFF7DFFD21462846FFF740
:10CEF00004FE4346324621462846FFF7D5FD21462B
:10CF000028460122FFF7E1FD3946BDE8F041FFF771
:10CF1000D4BE2DE9F04706460D46174698462BB37A
:10CF20004FF0000A98F8004093F80190DB78A400D5
:10CF300004EB430498F802301C444444CA4509D326
:10CF400039463046AC46D8F8042008F10803BDE85D
:10CF5000F047604714F8013B0AF1010A204648F8FF
:10CF60002340F3F723F901300444E7E76FF015009D
:10CF7000BDE8F08770B5002502462846144614F82F
:10CF8000013B0BB9184609E098B18D4207D1702BCF
:10CF900004D0A3F140023A2A0BD8002070BDA3F1BF
:10CFA00040063A2E05D853780135941C002BE9D061
:10CFB0000020252B224608BF80F00100DEE700207C
:10CFC000704700F09CBD0FB407B504A951F8040BDD
:10CFD000019100F094FD03B05DF804EB04B07047DC
:10CFE0000FB407B504A951F8040B0191FFF7E9FF4D
:10CFF00003B05DF804EB04B0704710B50369024656
:10D0000013F0080009D11368D4689C429BBF01202B
:10D01000126AE31AD31A0B6010BD00231846FAE710
:10D0200013B501A90446FFF7E8FF20B1019BE268B0
:10D03000013B13440193206A019BC01A013802B0DE
:10D0400010BD10B5044650182269236AD20702D5D4
:10D05000013B184010BD984228BFC01AFAE710B52E
:10D0600004460A46C168FFF7ECFF2369E06023F03D
:10D070000803236110BD38B50D46C2698B000168F5
:10D0800043F00203044642F8213001682A46FFF7C4
:10D09000D8FFE3686168984208BF2369206008BF31
:10D0A00043F008032A46204608BF2361FFF7C9FF63
:10D0B000606038BD2DE9F74FC768C6699B4606EB2F
:10D0C0008703009316F82730044603F00303022B6E
:10D0D000884691464FF000030BD01360CBF8003028
:10D0E00023699B0713D44FF0000A504603B0BDE8F4
:10D0F000F08F56F8271013608908CBF80030EFD076
:10D10000FFF7ADFFE368A3604FF0010AEDE7A36905
:10D1100006EB8700984716F82720054612F0010A0B
:10D12000E1D012F002021FD0B8F1000F03D0414647
:10D130002046FFF7A0FF61682A462046FFF781FFDF
:10D14000D4E902219142606006D12A462046FFF7C9
:10D1500078FF4FF0000AA060A2682260E2602269B6
:10D1600042F008022261C0E7014620460192FFF723
:10D1700076FFE368A360B8F1000F04D02168E3698B
:10D18000019A43F8212005EB0802CBF80020216822
:10D190002046FFF756FF2369206043F00803236110
:10D1A00016F827306FF3000306F82730009BC9F804
:10D1B0000030A9E770B504461546FFF742FF236823
:10D1C000834205D12369216023F00803236170BDE8
:10D1D000E269AB0043F0020342F8213061682A465D
:10D1E0002046FFF72EFF6060F1E738B5036904467B
:10D1F0005B0706D5456AFFF713FF85422CBF6562C2
:10D20000606238BD38B50D4604461C22002103F08B
:10D2100088F80022EB68A361AB6863612B68E36167
:10D220006B68626223622A6923B1591E194208BFE2
:10D2300042F001022261012204F128000021BDE830
:10D24000384002F0D9BC2DE9F04F002587B000939B
:10D25000036A04468B420E469246A94603950595FD
:10D2600039D3EFF3118B202383F31288BFF36F8F31
:10D27000059AD8462AB129462046FFF79BFF00238E
:10D28000059304A92046FFF7B8FE04990746B1426A
:10D290002AD32268E369204613F8221003EB82099F
:10D2A00021F0030103F8221021683246FFF7C9FE7E
:10D2B000E3682060984212D0002788F31188BFF3FA
:10D2C0006F8F039929B162690AB120469047002304
:10D2D0000393002FC5D1484607B0BDE8F08F2369FE
:10D2E00043F008032361E7E718B12046FFF7C3FEC8
:10D2F000E3E7009B5AEA03021CD0019102F06BFDA8
:10D300000199B8B9BBF1000F14D187F31188BFF3AD
:10D310006F8F5246009B04F12800FAF793FFEFF35A
:10D320001188202383F31288BFF36F8FB0FA80F740
:10D330007F09C2E7204605AB03AA2568FFF7BAFEBE
:10D340000746BAE770B50446836908460D46984714
:10D350000246EFF31186202383F31288BFF36F8F09
:10D360002B78204643F001032B706168FFF769FEBC
:10D3700060602046FFF739FF86F31188BFF36F8F97
:10D3800070BD2DE9F04104462027EFF3118687F3A5
:10D390001288BFF36F8F236913F0080FA36802D1BF
:10D3A0006268934200D9226AD21AE16932B986F3DF
:10D3B0001188BFF36F8F4FF0000833E011F823207E
:10D3C00001EB830812F00300F1D0022803D151F8D9
:10D3D0002350AD0805D1D00712D44046A369984721
:10D3E0000546A1682A462046FFF72BFE2946A06085
:10D3F0002046FFF734FE86F31188BFF36F8FC4E732
:10D4000042F0020201F82320A3694046A56898472C
:10D41000294602462046FFF714FEA06086F31188D5
:10D42000BFF36F8F4046BDE8F081F8B504468369CD
:10D4300008460D4698470646EFF31187202383F3ED
:10D440001288BFF36F8F2B786FF300032B70236963
:10D450009B0705D5E268E36903EB82039D421AD17D
:10D460002B786FF341032B70D4E90231994204D138
:10D4700032462046FFF7E5FDA06031462046FFF723
:10D48000EEFD87F31188BFF36F8F04F12800BDE82C
:10D49000F840FAF79DBE2B6860F39F032B60F0E71E
:10D4A000EFF31181202383F31288BFF36F8F036999
:10D4B00013F0080F836802D14268934200D9026AD0
:10D4C000D31A81F31188BFF36F8F181E18BF012084
:10D4D0007047038B13F0070305D10368002B0CBFC3
:10D4E000002003207047022B05D1408BB0FA80F05A
:10D4F000400980007047012B05D10368002B0CBF49
:10D500000020052070470020704710B50C4600B180
:10D5100011B96FF0150010BD081D00F0B7F8002814
:10D52000F9D1A368032BF6D9F3E72DE9F0410D46B5
:10D5300007461946281D90461E4600F0BBF80446D3
:10D5400038B13346424629463846A446BDE8F04144
:10D550006047BDE8F08110B4EFF31182202484F31A
:10D560001288BFF36F8F416110BC0121F3F720BC1B
:10D5700038B50C46054658B151B10B6843B14B68FC
:10D5800033B11C22002102F0CCFE00202C6138BDFA
:10D590006FF01500FBE770B505460E46FFF7B5FFC7
:10D5A000041E14DBEFF31182202383F31288BFF3F0
:10D5B0006F8F4FF6FF716B8B2C8B8B4204F007043F
:10D5C00007D182F31188BFF36F8F6FF00A042046F2
:10D5D00070BD022C0CD101336B8382F31188BFF331
:10D5E0006F8F0023224631462846FFF79EFFEEE765
:10D5F000062C14D8DFE804F004131313041A0400F3
:10D60000002333606B683BB9C5E90066ACB9022101
:10D610002846F3F7CDFBDAE71E606E60F6E782F38B
:10D620001188BFF36F8F6FF00404D0E782F3118885
:10D63000BFF36F8F6FF08504C9E782F31188BFF3E2
:10D640006F8FC4E710B5EFF31182202383F31288A4
:10D65000BFF36F8F048B04F00704022C0AD0012C57
:10D660000CBF6FF004006FF0850082F31188BFF3E8
:10D670006F8F08E0438B013B9BB2438323B9214664
:10D68000F3F796FB204610BD2046EEE7034640B177
:10D69000426802F00302022A06D0032A04D0012ABB
:10D6A00005D06FF0150070471A68002AF9D00020E5
:10D6B0009860704710B54268034602F00302022AE0
:10D6C0004FF00004816007D0032A02D05C60002084
:10D6D00001E018685C6010BD18685C600028F6D036
:10D6E000FBF76EFEF3E770470A46012100F08ABAA5
:10D6F0000369D3F8B00370476FF0850070470846A0
:10D7000008B5114618B101F0BBFD002008BD6FF04F
:10D710000100FBE7084608B5114618B101F0A7FD66
:10D72000002008BD6FF00100FBE713B50446084672
:10D73000216901F56B71D1E8AF1F022909D15BB1F5
:10D7400068B100931346D0E90912F9F7B3FF02B0AC
:10D7500010BD6FF00F00FAE76FF04C00F7E76FF0C5
:10D760000100F4E72DE9F8431C46DDE908531646AD
:10D7700098460F46006939B34AB344B36A1C43F173
:10D780000003022A73F1000324D2226842B1D0F8C8
:10D79000B0339A4204D96FF00B002360BDE8F883E0
:10D7A00005EA080909F101035A425A41214638465F
:10D7B00001F06FFD88B9B8F1FF3F08BFB5F1FF3F39
:10D7C000F0D06FF06800E9E76FF00100E6E76FF076
:10D7D0001500E3E76FF08500E0E730600020DDE74B
:10D7E00001F0BCBD38B50D46044600F1480128469D
:10D7F000F2F7CAFC30B1284604F1C001F2F7C4FCCC
:10D8000020B90120782303FB004038BD0020FCE74D
:10D8100002F5307102F5347002F08DBAD0F8E830BC
:10D82000A0F53070003B18BF012300EB8300D0F857
:10D83000AC0201F0BDBCC86828B1096983681B68E7
:10D840000BB1002218477047FAF740BCD0E8EF3F11
:10D85000C0E8E21F002AF9D1704710B54368046997
:10D860001B68C4F8A83304F5EC7002F00FF900212E
:10D8700004F56B70FFF7EAFF084610BD2DE9F7438A
:10D8800017460D4691B30B7883B3D0F8C440A4F586
:10D89000E27914344FF0FF324FF0FF332046FAF7AD
:10D8A0009DFB2A46484601A9F3F778FC019E804675
:10D8B0002EB9204603B0BDE8F043FFF7C5BF58B10D
:10D8C0002046FFF7C1FF3B462A463146484603B093
:10D8D000BDE8F043F3F740BC1F22294606F148009B
:10D8E00002F049FD86F86780B766E2E703B0BDE85D
:10D8F000F083030103EB4003093323F0030303EB3D
:10D90000C00348430330083320F0030018444000AC
:10D9100070472DE9F84306464FF001080569D0F835
:10D92000049005F56B77D7E8EF3F022B03D1C7E8EA
:10D93000E28F002AF7D141D195F86C30002B40D10D
:10D9400095F8E430002B3CD12846D5F8A81300F018
:10D9500054F8044680BB73683669D3E905018368CF
:10D960001B693BB322469847044628BB414606F54F
:10D970003470FAF727FED6F8880305F5F876F5F740
:10D9800083F83046D9F8001000F072F8044698B9D0
:10D990000146D022304602F0C4FC21464FF4F67214
:10D9A000284602F0BEFC21463846FFF74FFF2046CE
:10D9B000BDE8F8836FF057040221F5E76FF07704B4
:10D9C000F5E76FF00F04F2E710B50846029B114629
:10D9D00052B993F86C202AB90122184683F86C20BA
:10D9E000F3F7D6FC002010BD1A6F9468002CF9D014
:10D9F0005A6FA047F6E701F0B1BC38B50D460446B2
:10DA000060B1F03001F049FF0DB1002038BDC4F81D
:10DA1000C451C4F8C851C4F8CC51F6E76FF01500F2
:10DA2000F4E70268D2F8C83013B1D2F8C41018472E
:10DA30007047704783690BB9C36B19707047012039
:10DA400070478369012B03D1C36B1878C0B270474C
:10DA50000420704738B5C41DE4002046FBF7F4FCF1
:10DA6000054618B12246002102F05BFC284638BD6D
:10DA700038B504463822002102F053FC1822002158
:10DA800004F1A40002F04DFC1822002104F18C00E6
:10DA900002F047FCD4F8C000F9F7BEFDD4F8BC0092
:10DAA000F9F7BAFDD4F8803004F154050BB12846DB
:10DAB000984738220021284602F033FCF9F710FD80
:10DAC000002038BD03785B075FBF03684288C3F35B
:10DAD0004A2303EB12105DBF173020F007008008C7
:10DAE000002070470020704700F033BD0346D3E8A4
:10DAF000EF0F421CC3E8E12F0029F8D170471FB592
:10DB00000023CDE902011A4619461846CDE9003333
:10DB1000F4F71AF905B05DF804FB0120F3F7CEBE67
:10DB2000002070474368DA71012243681960436836
:10DB30005A71F3F7B5BE70B515460C4669B1D2E916
:10DB400001369B1B99420AD813680A460146981968
:10DB500002F0C0FBAB682344AB60204670BD6FF0A1
:10DB60001B00FBE770B50E4615461946044618B96A
:10DB7000BDE87040F3F7A2BE33B1C2F34A231030C0
:10DB8000120D184402F0A6FBC4E900562046BDE879
:10DB90007040F4F735B82DE9F3415F1C4FEA870870
:10DBA000064608F1170020F0070080080C461546CD
:10DBB000F3F7FEFE00238DF80470ADF805308DF804
:10DBC000073068B10346019AA8F1040143F8102F09
:10DBD0002A46294452F8045B8A4243F8045FF9D18B
:10DBE00000233146A20102F4E07242EA482222F008
:10DBF0007F4222F4700222F03F0202B0BDE8F04101
:10DC0000FFF7B0BF07B50123019201AAFFF7C3FFD9
:10DC100003B05DF804FB07B5CDE9002302236A4693
:10DC2000FFF7B9FF03B05DF804FB1FB5CDE9012391
:10DC3000069B01AA03930323FFF7ADFF05B05DF830
:10DC400004FBF8B506460D4614461F4604B9F8BD58
:10DC5000214628463A46B047241A0544F6E710B54F
:10DC600042680446D2E9002381680068FFF7E9FFB3
:10DC7000002263681A6010BD38B54B6805461A6803
:10DC8000CB680C469A4202D10846FFF7E8FF63686A
:10DC9000D3E8EF2F511CC3E8E01F0028F8D1A36898
:10DCA00000209D5438BD0A2838B504460D4602D1DF
:10DCB0000D20FFF7E1FF29462046FFF7DDFF00209A
:10DCC00038BD2DE9F043054687B008460E8891F827
:10DCD00000900C46D1F808801746F4F785F8011E2D
:10DCE000C6F38216C9F3C2091EDB4846F3F79AFF52
:10DCF0000346214651F8102B6088C2F34A22002ABD
:10DD000001EB020408BF00210022C0F30B10CDE993
:10DD10000407CDE902142846414601960092F4F723
:10DD20008FF807B0BDE8F0830023E2E743680020E6
:10DD30001B685B689961704743681B681A68526882
:10DD40005360704701212DE9F04143681B685A6810
:10DD500011771D682F68D5E90136D3E900481CB951
:10DD60006B681C60BDE8F081214630464246B847EA
:10DD7000241A0644F3E743681B681868F4F7CAB925
:10DD800070B543680C461D686B689869F3F772FDBF
:10DD9000214603460F222868BDE870401847FEE779
:10DDA00002F0BFBA02F096BA01460068F4F740BB31
:10DDB00008B5F4F799FBBDE80840F4F7B9BB0A468B
:10DDC0000121FFF71FBF00210120F4F731BBD0F87C
:10DDD000983083F30B8870476FF08500704761B609
:10DDE00062B680F31188BFF36F8F704708B572B6C3
:10DDF000002383F31188BFF36F8FF5F7B3FA50B1A7
:10DE0000BFF34F8F30BF00BF00BF00BF00BF00BFD8
:10DE100000BF00BF00BF62B6BFF36F8F08BD10B573
:10DE2000044672B6002383F31188BFF36F8FF5F7B2
:10DE300099FA50B1BFF34F8F20BF00BF00BF00BFA2
:10DE400000BF00BF00BF00BF00BF84F31188BFF355
:10DE50006F8F62B610BD40E800F313F4803FD8B274
:10DE600008BF6FF01500704730B50C684B6885B07F
:10DE70000A894D890094013B24F01F04234402F0D9
:10DE80001F0242EA451223F01F0369468DF808205D
:10DE90000393F4F755FF05B030BD08B5D1E904315F
:10DEA0009847002008BD08B5F5F746F9002008BDE1
:10DEB0007047002303824369C3607047416A8968E1
:10DEC000F5F7A6B9EFF31182202383F31288BFF38D
:10DED0006F8F00230B60436833B9C0E9001182F3F0
:10DEE0001188BFF36F8F704719604160F7E70346F1
:10DEF00010B5EFF31181202282F31288BFF36F8FE8
:10DF0000006828B15C680268A0421A6008BF5A60C5
:10DF100081F31188BFF36F8F10BD027A0132027254
:10DF2000704783680B440360704783880268194414
:10DF30008180D018704730B484880568A318838026
:10DF4000281930BC02F0C6B910B5838802685C1C81
:10DF50008480D154D01810BD034600689A88401AB6
:10DF600011441860998070470268531E03608388CB
:10DF70000133838002F8011C704703468288521ADD
:10DF800082800068084418607047034600689A88D9
:10DF9000521A01449A801960704710B50368012134
:10DFA0001C78FFF7EAFF204610BD02688068101A4F
:10DFB00070478388C2888168D21A03685B1AD01AB6
:10DFC00070474FF05023012270B50C460546C3F848
:10DFD00014260020F5F748FA28462346BDE870408D
:10DFE00000211847012310B50621044600F8013B23
:10DFF000F7F71EFB18B9A37963F03F03A37110BDB7
:10E000000B6803608B8883808B798371037823F09E
:10E010000203037070470078C0F34000704738B5C2
:10E020000446807AF5F7CAF86169054649B1637A12
:10E03000DB0704D4436A20461B689B68984700238B
:10E04000636121462846BDE8384001F0C7BDFFF7AF
:10E05000D9BDFFF7E0BD034610B5D3E8EF0F40EAA6
:10E060000102C3E8E42F002CF7D110BD0023F3F721
:10E07000E7BD38B504460D46F5F700FC5F3005D125
:10E0800029462046BDE83840F5F7D4BB38BDD0E876
:10E09000EF3F0B40C0E8E23F002AF8D1704708B5D7
:10E0A00000200021F5F760FF18B1BDE80840F5F742
:10E0B00007BF08BD072208B502F03BF9B0FA80F0AF
:10E0C000400908BDFFF79EBDD0E8AF0F704700289C
:10E0D0000CBF08460020704718B111B10846F6F78A
:10E0E0005FBB6FF01500704707B580B90621684621
:10E0F000F7F79EFA40B99DF80530684603F03F03F4
:10E100008DF80530F6F74CFB03B05DF804FB6FF0BB
:10E110001500F9E713B5044680B106216846F7F704
:10E1200087FA48B99DF80530694603F03F03204659
:10E130008DF80530FFF7D0FF02B010BD6FF015006D
:10E14000FAE708B5F6F772FE10B11030FFF7BCFF22
:10E15000012008BD034610F4004F0CBF0720062025
:10E16000DA0348BF00F005009B0348BF00F0FB0046
:10E170007047D0E8AF0F7047012303FA01F13AB1BD
:10E18000D0E8EF3F0B43C0E8E23F002AF8D17047E8
:10E19000C943D0E8EF3F0B40C0E8E23F002AF8D186
:10E1A000704770B506460D464FF0FF304FF0FF3117
:10E1B00086B0F5F789FD0446B0B10C3095B1012168
:10E1C000FFF7C2FE204606F1100203A908230095BE
:10E1D000F5F768FD0022214642F20A00F5F730FF0C
:10E1E00006B070BD2946EBE76FF06800F8E718301D
:10E1F00001F0DEBDD0E8AF0F7047032808B501D0AD
:10E20000F6F7A2FFBDE80840F6F7B2BF0069283074
:10E21000F9F7DEBF13460A460121FFF7FCBC08B53B
:10E220000020F5F78BF9002008BD0C220369C9B264
:10E2300001FB0233986F00F00700704770B5C9B258
:10E240000369EFF31185202484F31288BFF36F8FE5
:10E250000C2606FB0134A46F14F0C00408D0A242BF
:10E2600006D085F31188BFF36F8F4FF0FF3070BD7C
:10E27000012271430B449A6785F31188BFF36F8FB6
:10E2800043680B445B6898470020F0E78022FFF763
:10E29000D5BFF8B5069F0469C9B2EFF311862025F2
:10E2A00085F31288BFF36F8F0C2569430C44A56F6B
:10E2B00005F0070CBCF1010F0BD1A76786F311889D
:10E2C000BFF36F8FC4E91C2343685B589847002055
:10E2D000F8BD05F0C005AF4286F31188BFF36F8F1C
:10E2E0000CBF6FF077004FF0FF30F1E713B58024DB
:10E2F0000094FFF7CEFF02B010BD10B41C240069DB
:10E30000CBB203FB0400002110BC1047032000F037
:10E310008FB9022000F08CB9032000F098B90220D8
:10E3200000F095B91046F9F753BF00F019BAF8F7A5
:10E330009BBD0020704708461146F6F797B90022AA
:10E3400008B511461046FBF7E9FB002818BF6FF02F
:10E35000150008BDF7B50F4616464FF4806500243A
:10E36000A64203D816D0162003B0F0BD331BB3F578
:10E37000806F38BF1D4600202A4601AB3919FBF7D4
:10E38000FDFB20B9019BAB4201D12C44E8E76FF0C3
:10E390001500E9E70020E7E7436800205B681B6998
:10E3A0000B607047436802EA01005B6821EA0201E2
:10E3B00098600020D9607047436800205B689960CE
:10E3C0007047436800205B68D960704743685A68AB
:10E3D000536821EA03000B4090600020D36070472F
:10E3E00010B503695868F8B1884219D19C6808686B
:10E3F000A142586000D19860002008602AB15A6894
:10E400000A609A68596002B99960002010E0814260
:10E4100006D10868206098688142EDD19C60EBE7E6
:10E42000044600680028F2D1002AE8D16FF01500F8
:10E4300010BDF8F75BBE10B500690F299FBF00EB58
:10E44000810440F821202364002088BF6FF015006C
:10E4500010BD002070471020704730B5436813602E
:10E46000057A446804EBC504A34202D36FF00100AF
:10E4700030BD5C798C4201D00833F0E70020F7E72B
:10E4800043681B68D3F88004C3F88004704742686F
:10E490001368D3F8100150B10020126A12780A7084
:10E4A000C3F81001D3F8102101221A6070474FF011
:10E4B000FF30704702680346D2F8580140B95B68E4
:10E4C000DB0706D4D2F82001003818BF01207047BE
:10E4D0000120704743681B68D3F80423D20517D581
:10E4E000D3F82021A2B1EFF31182202181F3128809
:10E4F000BFF36F8FD3F8201131B10021C3F8201181
:10E50000D3F820110121D96082F31188BFF36F8FF6
:10E51000D3F85831704713B501AA0446FFF79DFFA1
:10E52000002805DB019B226819791868F7F776FE49
:10E5300002B010BD6FF085007047002200F150035B
:10E540009B009BB203F1502303F580331A601B68D4
:10E55000704708B5F8F794F808BD08B5F8F72CFA35
:10E56000002008BD08B5FBF7C5F948B1002383F3C7
:10E570001188BFF36F8F0423184602DF6FF0040089
:10E5800008BDFBF76DBA08B5F3F72CFEF3F712FFE1
:10E59000BDE80840FBF764BA03460020184701F0C5
:10E5A000AFB9024610B5116891B1B1FA81F3C3F168
:10E5B0001F000123834021EA0303D2E8EF4F8C427E
:10E5C00004D1C2E8EC3FBCF1000FF6D1EBD110BD95
:10E5D0006FF00B00FBE710B50368CB40DB0710D4EE
:10E5E00001238B40026843EA0201D0E8EF4F9442D6
:10E5F00004D1C0E8EC1FBCF1000FF6D1F2D100202D
:10E6000010BD6FF01500FBE770B50D460021064602
:10E6100008461446F8F7D2FA48B9237843F0004385
:10E62000C6F88030237843F00043C5F8803070BDD1
:10E6300003280BD8DFE800F002040608F8F714BC42
:10E64000F8F740BBF8F7C8BBF8F77EBB7047032864
:10E650000BD8DFE800F00402060800F02EB800F046
:10E660007FB800F062B800F044B8704708B5F8F71A
:10E6700045FBF8F73DFCF8F7CDFBBDE80840F8F79F
:10E6800081BB38B54FF050240123C4F808336360D0
:10E69000002342F21075C4F80031D4F80031D4F8E8
:10E6A0000C24D4F80C34D20306D5DB0704D50120A2
:10E6B000FFF775FF013DF2D138BDFFF7E2BF38B576
:10E6C0004FF050244FF48073C4F808330123E36102
:10E6D000002342F21075C4F82031D4F82031D4F868
:10E6E0005434DB0304D50120FFF759FF013DF6D177
:10E6F00038BDFFF7E4BF38B54FF050244FF4007336
:10E70000C4F8083301236362002342F21075C4F891
:10E710002431D4F82431D4F85C34DB0304D501204F
:10E72000FFF73DFF013DF6D138BDFFF7E4BF38B537
:10E730004FF050240223C4F808330123E360002380
:10E7400042F21075C4F80431D4F80431D4F8183406
:10E75000DB0304D50120FFF722FF013DF6D138BDD0
:10E76000FFF7E5BFF7B51646DDE90847019001A8B8
:10E770001D46F8F7F7FB019BB6F1000C18BF4FF0F0
:10E78000010C00EB83000B1E18BF0123002D43EA90
:10E790004C0314BF4FF00C0C4FF0000C002C43EA5C
:10E7A0000C0314BF4FF4706C4FF0000C002F43EAC1
:10E7B0000C0314BF4FF4403C4FF0000CD0F8002283
:10E7C00043EA0C0322EA030301B109780EB136785B
:10E7D000760019430DB12D78AD0031430CB124788A
:10E7E000240229430FB13F783F040C433C43C0F857
:10E7F000004203B0F0BD1FB50DF10F0301930023DC
:10E800008DF80F101A4619460093FFF7ABFF05B0BD
:10E810005DF804FB10B504460846F8F7B5FB04EBB9
:10E820004004A08AC0F3401010BD10B5044608464D
:10E83000F8F7AAFB04EB4004A08AC0F3400010BD27
:10E8400010B504460846F8F79FFB04EB4004A08A85
:10E85000400B10BD70B5044608461646F8F794FB09
:10E86000083034F810300D46DA0509D5C3F34323D8
:10E8700004EBC3023146284654F8333052689847B7
:10E88000A3682BB131462846E268BDE870401847BE
:10E8900070BD10B504460846F8F776FB00B204EBED
:10E8A0004000838ADA051DD5C3F3432123F4F853CE
:10E8B000838204F1120204F1720032F8023F13F471
:10E8C000807F03D0C3F3432399420BD08242F4D11B
:10E8D000002204EBC1035A6004F17800BDE8104047
:10E8E000FFF779BE10BDF0B50446002001270546AC
:10E8F000844695420AD1D4F87C3133B10023C4F860
:10E900007C31D4F87C3140F00040F0BDEBB29B008C
:10E9100003F580769B0807FA03F3194208D054F8F0
:10E9200006E0BEF1000F03D044F806C0A659184314
:10E930000135DEE738B504460D46FFF76BFFB0B191
:10E940002046FFF772FF90B92046FFF779FF0123B9
:10E9500022688340C2F80833236800B203EB8003C7
:10E96000D3F8102522F00302C3F8102538BD28463D
:10E97000BDE838400021FFF73EBF2DE9F0431746C0
:10E98000044685B00846F8F7FFFAD7F800800E462F
:10E990000546B8F1000F1FD02046FFF746FF18B11B
:10E9A0002046FFF737FF30BB00230DF10F02CDE902
:10E9B00000338DF80E308DF80F30304643460DF1A0
:10E9C0000E01FFF7CFFE2AB204EB4202938A23F036
:10E9D000020343F0010393827B68002B34D031465D
:10E9E000204693F80080D3F80490FFF71EFF28B16B
:10E9F000B9F1000F1FD06FF0150028E028B204EB2A
:10EA00004000838A23F4604323F020038382B9F11A
:10EA1000000F10D0B8F1030FEDD87B6821685B6858
:10EA200093F800C001EB8C01B8F1000F12D1C1F8CE
:10EA30001085C1F810852AB204EB4202938A23F0B4
:10EA40001C0343EA88039382BB684BBB002005B0DC
:10EA5000BDE8F083D1F8102522F00302C1F810259B
:10EA6000226802EB8C03D3F8102522F44F3222F4F3
:10EA70004072C3F810253202D3F8101502F47C520C
:10EA800042EA08420A43C3F8102504EB4C03A3F8FA
:10EA90007C60838A43EA4C3343F020038382CAE7D5
:10EAA0003146D3E900782046FFF7F3FE002FCDD0A2
:10EAB00063689F4206D004F17800FFF772FD0028DA
:10EAC00004DAC4E7A3689845F5D1002004EBC0033D
:10EAD000C3E901782DB204EB4505AB8AC0B243EA25
:10EAE000402343F48073AB82B0E72DE9F043054641
:10EAF00085B0084617461E46F8F746FA0C4680468B
:10EB000037B32846FFF791FE18B92846FFF782FE73
:10EB100028BB0FFA88F905EB4909B9F8143013F04E
:10EB20001C0F02D07B78012B19D001238DF80F30F8
:10EB300000232046CDE900737A1CBB1C0DF10F01A8
:10EB4000FFF710FEB9F8143043F00303A9F81430AE
:10EB5000002E41D021462846FFF767FE20B96FF00E
:10EB6000150005B0BDE8F083002237782B684FEA26
:10EB7000870C03EB8703C3F81025C3F810250FFAA1
:10EB800088F205EB4202938A23F4604323F02003CA
:10EB90009382707800B32968B6786144D1F8103553
:10EBA000000423F4991323F4F853C1F81035230219
:10EBB00000F4403003F47C5303433005D1F8105582
:10EBC00000F4801003432B43C1F81035938A43EAC5
:10EBD000473343F0200393820020C2E7C0E90312C9
:10EBE000704770B504461546FFF714FE48B1084655
:10EBF000F8F7CAF904EB40040020A38A5B0B2B70E2
:10EC000070BD6FF01500FBE790F88C00003818BF5E
:10EC100001207047F8F7E0B92DE9F34104461746A3
:10EC2000FFF7F8FD0D46266800B32046FFF7FDFD0F
:10EC30008046D8B92046FFF703FE05B2AD0005F5C2
:10EC4000807246F802802168B2582944D1F8102514
:10EC500042F00102C1F810252FB10122216802FA09
:10EC600000F3C1F8043302B0BDE8F081D6F80433F4
:10EC70002846002BA4BF4FF00043C6F80433F8F732
:10EC800083F904EB4004A38AC3F38203042B11D05D
:10EC9000052B11D001A80195F8F764F9019B0169D2
:10ECA000D94001F001010231284602B0BDE8F0412F
:10ECB000FFF7A1BD0321F7E70221F5E7FFF73ABE11
:10ECC0002DE9F04389B0109E044689469046002104
:10ECD000202268461F46129D01F023FB1F2E97BF7E
:10ECE00001234FF0FF33B34003F1FF332361119B46
:10ECF000C4E90098C4E902766361183445B10FCDC8
:10ED00000FC495E80F0084E80F0009B0BDE8F08358
:10ED10006D46F4E773B50468661C31D08568A94276
:10ED20002ED264182CD05E18AE4288BF6B1A056ACA
:10ED300035B100930523A8470346184602B070BDBD
:10ED4000BFF35B8F1946A41A101919B140EA0205E6
:10ED5000AD070AD103290DDC013811448A42ECD0F9
:10ED600010F8014F02F8014BF8E70078013902F87A
:10ED7000010BE9E750F8044B043942F8044BE9E78A
:10ED80006FF02103D9E773B50468651C32D085683C
:10ED9000A9422FD264182DD05E18AE4288BF6B1ADC
:10EDA000456ACDB100930523A84702B070BD12F8A3
:10EDB000015B013905701546A01819B140EA020639
:10EDC000B607F4D103290ADC013D014488420CD185
:10EDD000BFF35B8F1846E8E71946A41AEBE755F82E
:10EDE000042B043940F8042BECE715F8012F00F848
:10EDF000012BEBE76FF02100D7E773B51C460368E2
:10EE000015465A1C29D08268914226D25B1824D01C
:10EE100066189642866A88BF541A36B105232A4678
:10EE20000094B047204602B070BD184622464AB949
:10EE3000294601F076FABFF35B8FF3E700F8015B38
:10EE4000013AF4E78307F9D14FF001336B43032A0A
:10EE5000EEDD40F8043B043AF9E76FF02100E2E709
:10EE60000020704710B4046B02460B4684B9C16899
:10EE70001F2998BF23FA01F4416861B18068834279
:10EE800009D21069184051F82430184410BC70475A
:10EE9000234610BC18474FF0FF30F7E730B5059C0C
:10EEA000C4E90002039A21811989E260049A618110
:10EEB00021856261D3E9002502EB0113C4E9061242
:10EEC0008A1C236203EB42036A1C13446D422B40ED
:10EED0006362836953B90139E2698B4202EB031221
:10EEE00006DB002393736FF07F03D373002030BDE4
:10EEF0000133D381F0E72DE9F04FB0F830A004469C
:10EF00005546002685B002EB030891460E9A00EBA9
:10EF1000CA031FFA88FB9A63A3F83CB008F1FF32DA
:10EF2000C3690F1D0192B0451ADC238D2586A3EB22
:10EF30000B032385236A61895A8801390A4003EB50
:10EF40004203A3F804A0BFF35B8F0020226A53881A
:10EF500001335380638D0133638505B0BDE8F08FC5
:10EF6000E06A2A0157F8041C03EB051502930368B5
:10EF70000392C91A83680837994228BF4FF0FF31BE
:10EF8000FFF770FFDDE90232985000226A6057F8FF
:10EF9000082CAA60019A9642ACBF00220122B1451A
:10EFA000D8BF42F00202AA810136ED89BBE7F0B575
:10EFB00050B3456A448E6B88A34230D0631C4386AD
:10EFC0004389BFF35B8F013B1C4005EBC4056B68B5
:10EFD0009EB209B1AD680D60D0F81CC09BB20CEBBD
:10EFE000031100EBC3039D8F078D2F44013D07855F
:10EFF0009D878D896F070ED5058ECD8100210686F0
:10F00000986B996302B11480F0BD9D8FC989013D51
:10F010000CEB01119D878D89ED07F6D4ECE70020FC
:10F02000F2E7C36903EB01139868704770B5C369D1
:10F03000C56A09015E586B6BE3B92C69621C09BF94
:10F040006B6834401C68341B21462846FFF70AFFD2
:10F05000864207D02B6901331C44AB689C42F3D332
:10F060004FF0FF342868431C09D0AB68A34206D98F
:10F07000204470BD3146284698470446F2E70020F8
:10F08000F7E770B5BFF35B8F0D46016A1646838EB6
:10F090004A8804469A4212D05A1C82864289013A12
:10F0A000134001EB43018988298089B2FFF7BEFF35
:10F0B0002A88E36903EB02139B68336070BD00206C
:10F0C000FCE710B5026893691269920017D543B93D
:10F0D000438E026A81694489013B1B1B02EB41029A
:10F0E000938003689B69012B08D1838E426A8169F2
:10F0F0004089013B1B1A02EBC102938010BD23B96A
:10F10000026A138843F00103138003689B69012B93
:10F1100001BF426A138843F001031380EEE710B584
:10F12000BFF35B8F036804461A699B6912F0005FA6
:10F130001AD07BB9036A426A5B888169013B02EBA2
:10F14000C10292889B1A628D9BB29A4214D8002306
:10F15000638510BD012BFAD1436A026A5B8881691D
:10F16000013B02EB4102ECE763B9436A1B88DB43D6
:10F1700003F00103002BEAD06369002BE7D020469F
:10F180009847E4E7012BE2D1036AEFE7036A828E36
:10F19000598891420AD0418901390A4003EB420360
:10F1A0009A88C36903EB0213986870470020704780
:10F1B000BFF35B8FC36803B1184770474FF0FF324E
:10F1C0004FF0FF33F9F73EB810B1C36A0133C362A1
:10F1D000704738B1C26A013AC2621AB9026B02B111
:10F1E00010470262704770B50446056A05F164066F
:10F1F0003046FFF7E3FF636AA3F580637F2B0BD8EC
:10F2000001225909503503F01F039A4055F8213067
:10F2100023EA020345F82130D4E90F124A60E16B7A
:10F2200004F13C0311602046C4E90F33FFF7D1FF1E
:10F230003046BDE87040F8F7CBBF10B5436A8CB0DC
:10F240000A932023044602460B9102A8194600F0B7
:10F2500038FB28230122CDE9003220463522616A9D
:10F2600002ABF8F711FA00EAE0700CB010BD30B153
:10F27000006A20B119B1D0F8883003B1184770473F
:10F2800030B1006A20B119B1D0F88C3003B1184701
:10F29000704730B1006A20B119B1D0F8903003B195
:10F2A0001847002070472DE9F84306468846174660
:10F2B00099460468A64201D1002520E07A1CA4F1F9
:10F2C0003C0502D06B6ABB4219D0B8F1000F22D0C6
:10F2D00020224146284601F03CF8E0B9B9F1FF3F51
:10F2E00002D0AB6A4B450AD07B1C0BD02468B442D9
:10F2F000E2D054F8183CA4F13C059F42E8D12846DE
:10F30000BDE8F883AB6A0133F9D02468B442D3D0A6
:10F31000A4F13C05D9E72468CCE770B505460C4656
:10F320001E46CAB120232046194600F0CAFA01231E
:10F33000E362049B6662A362059B25626363069B8E
:10F34000A363079B63646A6804F13C03C4E90F523A
:10F350006B60226C136070BD0A70E8E710B504465C
:10F3600090B1036A83B102784AB193F8A43033B103
:10F37000436AB3F5806F02D30121FFF75EFF204699
:10F38000BDE81040FFF72FBF10BD20B1036A13B1D5
:10F390005B6803B11847704708B530B1036A3BB1E9
:10F3A000DB682BB19847002008BD6FF01500FBE724
:10F3B0006FF00500F8E77047F8F70ABF4FF0FF322B
:10F3C0004FF0FF33F8F73EBFF8B50C4600F1640785
:10F3D0000546A4F110063846FFF7F0FF3046F8F76F
:10F3E00009FA80B154F8083C24F8083CD5F8CC3030
:10F3F00044F80C3C05F1C80344F8103CC5F8CC6057
:10F4000054F80C3C1E603846FFF7D6FF0020F8BDCC
:10F4100038B50D4600F164042046FFF7CFFF55F8DC
:10F42000083C204603F5803345F8083CBDE83840E9
:10F43000FFF7C2BF2DE9F04188B00E9C282A88460C
:10F44000D4F8C0006ED101688568A8EB0101A9421B
:10F4500028BF4FF0FF3120236A46FFF75BFC04F121
:10F460006406D8F820703046FFF7A8FF3B464FF0FF
:10F47000FF3269462046FFF716FFD8F824300546CC
:10F48000E0B1D0F8308003F00103B8F1000F02D0F2
:10F49000DBB9AF6230E0002BFBD04FF0FF3383626B
:10F4A0003046FFF789FFAB6B83BBD4F88030002B6D
:10F4B00038D03A4669462046984733E0DB071FD4E8
:10F4C0003046FFF779FFE36FF1E74FF0FF338362D8
:10F4D000FFF77AFE3046FFF76FFFAB6BA3B9D4F8A6
:10F4E00080301BB13A466946204698473046FFF7C0
:10F4F00065FF2846FFF76DFE3046FFF75DFF11E020
:10F500003046FFF759FFD0E74FF0010828469847EB
:10F51000D4F880301BB13A46694620469847B8F186
:10F52000000FE3D1002008B0BDE8F081F0B504463B
:10F530008E680D46B6B23146D0F8B80085B0FFF7F8
:10F5400070FDD4F8B43007469A6942B90095CDE908
:10F5500002500123D4F8B80002A9FFF7CCFCD4F87C
:10F56000B4309B69012B08D13A463146D4F8B80033
:10F5700005B0BDE8F040F8F76BB805B0F0BD70B568
:10F5800000F16406A1F1100504463046FFF716FFAE
:10F590002846F8F72FF938B120462946FFF7C6FF6D
:10F5A000D4F8B800FFF7BBFD3046BDE87040FFF768
:10F5B00003BF2DE9FF4103689E6A06F164084046D7
:10F5C000FFF7FCFED6F8B4309B693BB1012B12D09B
:10F5D0004046FFF7F1FE04B0BDE8F081D6F8B80070
:10F5E0000DF10A0203A9FFF7E2FCD6F8B430044695
:10F5F0009B69012B07D1D6F8B80003AA0DF10A01C7
:10F60000FFF73FFD0446002CE2D0BDF80A30002190
:10F610006268A36030464FF0FF33FFF744FE0546B3
:10F62000FFF7D2FDA368404603F58033A360FFF7E0
:10F63000C3FE75B1AB6A696C013308BF2368284605
:10F6400008BFAB622368A28900916F6B04F11001BF
:10F65000B8474046FFF7B2FE2846FFF7BAFD2046FE
:10F66000F8F7C8F838B130462146FFF75FFFD6F803
:10F67000B800FFF754FD4046FFF79EFE9FE72DE9D7
:10F68000F041A3F1100653F8085C002388B00693FC
:10F69000ADF81E3004461023CDE904120E9FD0F8B9
:10F6A000C000ADF81C700168D0F808C0711A0DEBED
:10F6B0000302614528BF4FF0FF3104F16408FFF7F2
:10F6C00062FB4046FFF77AFED4F8B430ADB29B69D6
:10F6D000CBB9D4F8A820D4F8B430D4F8BC009B69D6
:10F6E000C3B9CDE902620096012202A9FFF703FC2B
:10F6F000D4F8BC00FFF713FD4046FFF75DFE384627
:10F7000008B0BDE8F0812946D4F8BC00FFF789FCB9
:10F710000246E0E7012BEBD12946F7F799FFE7E72F
:10F7200010B548B149B143688B4206D3826804687A
:10F73000D21A5B1A4360A01810BD0020FCE72DE927
:10F74000F3470546D0F8B4000E46904618B900209D
:10F7500002B0BDE8F087036A002BF8D09B68002B4D
:10F76000F5D098474307F2D543F69823B8F1000F38
:10F7700018BF984605F1640705F1C8093846FFF738
:10F780001DFED5F8C8404C452BD054B3D4E9002316
:10F79000536022681A60C4E90044D5F8B430218966
:10F7A0009B69ADF806107BB1012B14D03846FFF7EA
:10F7B00003FEBDF8063004F1100003F58033A360AA
:10F7C0003368103B3360C3E7D5F8A8303360D5F811
:10F7D000B4309B69E8E7D5F8BC00FFF722FC306045
:10F7E000E4E7D5F8B430D3F818A0BAF1000F36D159
:10F7F0003146D5F8BC000DF10602FFF7D8FB0446F0
:10F800000028D3D1D5F8BC301B8DB3B93846FFF7EB
:10F81000D3FDB8F1000F9AD0D5E92D321821128905
:10F820001B6B01FB0233D5F8D02022BB2120002125
:10F8300000F085FB08F1FF38A0E7D5F8A810D5F84F
:10F84000C400FFF76DFF0446D5F8A830ADF806A058
:10F8500033603846FFF7B0FD002CDAD0A9E7BAF1E3
:10F86000010FD3D13246D5F8BC000DF10601FFF7E8
:10F8700008FC0446EDE71969284690476FF4FB63DE
:10F880009842D3D000283FF479AF60E720B119B196
:10F8900012B1C0E901220160704738B5044618B9B9
:10F8A00038BD3C38FFF75AFD20688442F9D1002565
:10F8B000D4F8B400C4E92E55FFF767FDC4F8B4507E
:10F8C000EEE770B505461C4699B18B4228BF0C4641
:10F8D000661C013E05D012F8013B00F8013B002BED
:10F8E000F7D1A14207D9091B8A19002100F019FD9F
:10F8F000A11B084670BD00230D4405F8013CF7E745
:10F9000008B1F3F79FBD704710B5436904463BB992
:10F910000020E2684042537843F00103537010BD69
:10F9200098470028F4D00028B8BF4042FF28A8BF5D
:10F93000FF20E3681870ECE740B1C368587810F016
:10F9400001001EBF1878B0FA80F040097047EFF34D
:10F950001183202383F31288BFF36F8FFEE710B467
:10F9600000F10C04C0E9034410BCFDF77ABA38B5C5
:10F970000446EFF31185202383F31288BFF36F8FC2
:10F98000FDF71FFA04F10C0000F0C6FA30B1294669
:10F9900004F11400BDE83840F9F7A6B885F31188E2
:10F9A000BFF36F8F38BD4169826842EA010313F0EB
:10F9B00003030FD1C3600369013B03FB0122002B4A
:10F9C00001DA00207047C168013B11604169C260E3
:10F9D000521AF4E76FF01500704710B5C0E9043211
:10F9E0000023816083610446FFF7DDFF0028A8BF84
:10F9F000C4E9004410BD2DE9F04105460F46EFF380
:10FA00001188202383F31288BFF36F8FC668FEB975
:10FA10000468A0421CD0DCB1D4E9003213605A6003
:10FA2000637BC4E9006623F002036373A66004F1FC
:10FA3000180000F0E5FA2046C4F8B060276100F035
:10FA40000CFA414605F10800BDE8F041F9F74CB861
:10FA50003E60AB69EF60013BAB6188F31188BFF397
:10FA60006F8FBDE8F081202408B5EFF3118384F394
:10FA70001288BFF36F8FFEF7B9F9F6E790F90E30F1
:10FA80008B4201D0F8F7BEBF00207047034600202C
:10FA9000C3E90033C3E902007047D0E900321360C4
:10FAA0005A600023427BC0E9003322F00202427315
:10FAB000836070472DE9F843914604460D469DF852
:10FAC000202000F10807EFF31186202181F312882E
:10FAD000BFF36F8F02B14568D4F80880474518D04E
:10FAE000B8F1000F15D04046FFF7D7FF08F1180016
:10FAF00000F086FA00234046C8F8B030C8F81090ED
:10FB000000F0ABF938463146F8F7EEFF0020BDE8CB
:10FB1000F883A3B10820F9F7A7FC002838D0012208
:10FB2000C0F804900260016801F003015DB9226829
:10FB30000A430260626820606AB960600BE0484670
:10FB4000C9F80030EFE72A68032A16D80160616817
:10FB500069B9C4E90000042104F1100000F02FFB92
:10FB60000028CFD186F31188BFF36F8FCFE70A68E3
:10FB700002F0030202430A60DFE722F003020A43B5
:10FB800002602A6802F0030240EA02032B60E2E707
:10FB90006FF00B00E6E710B5044630B1026893073A
:10FBA00003D0446809B100F041FB204610BD00239A
:10FBB000C0E9003300F10803C0E9023300F110038B
:10FBC000C0E904337047012307B5009300230A46B8
:10FBD0001946FFF76FFF03B05DF804FB002307B57C
:10FBE0000A4600931946FFF765FF03B05DF804FB72
:10FBF00000210068FFF7CFBF5AB18A4209D300F154
:10FC00001003C0E90212C0E90000C0E9043300207B
:10FC100070476FF015007047012302688B4022EA9D
:10FC20000303036022FA01F000F0010070477047FF
:10FC300010B5032104460C30FFF7EEFF30B104F19C
:10FC4000100000F0DDF9B0FA80F0400910BD20B1DD
:10FC50000022C430114600F099B9704770B5C368EE
:10FC60000446C3F340069B0716D4856802210C3076
:10FC7000FFF7D2FF80B1D5F8BC206AB194421DD104
:10FC800022689EB9D5F8C030C5F8BC209C4201D18D
:10FC9000C5F8C02000232360E36813F01F001EBFD7
:10FCA00043F00203E36040F0020070BD3260D5F81B
:10FCB000C020944208BFC5F8C060EBE71646126842
:10FCC000DBE773B50446EFF31185202383F3128835
:10FCD000BFF36F8F0023A0F11006032104380193B6
:10FCE000FFF79AFF28B1A369304601A90193F8F7FD
:10FCF0008BFB85F31188BFF36F8F02B070BD38B5F1
:10FD000004460D461022002100F00BFB656038BD53
:10FD100013B501900846EFF31184202383F3128872
:10FD2000BFF36F8F01A9F8F76FFB84F31188BFF35E
:10FD30006F8F02B010BD10B5FFF7EAFF041E08DD9B
:10FD4000EFF31180202383F31288BFF36F8FF8F74E
:10FD5000DDFE204610BD70B50D46EFF31186202361
:10FD600083F31288BFF36F8FF8F7AAFB044686F37C
:10FD70001188BFF36F8F38B14FF0FF324FF0FF3370
:10FD800005F11000F8F75EFA204670BD08B5D822DC
:10FD9000002100F0C6FA08BD38B530220D4600211A
:10FDA000044600F0BEFA4FF480736560E36038BD2E
:10FDB00038B50446EFF31185202383F31288BFF38F
:10FDC0006F8FFFF735FF2046FFF748FF85F3118857
:10FDD000BFF36F8F38BDEFF30580003818BF0120E7
:10FDE000704778307047D0E9003213605A600023C2
:10FDF000C0E90033704708B5FFF7F5FF437B23F0F8
:10FE0000020343730023836008BD38B504460D46E2
:10FE1000F8F756FD637B43F002036373E5B1A56019
:10FE20002B689D4209D16B68C4E900531C606C606B
:10FE300012E06A689A42F6D01B68002BF3D094F95E
:10FE40000E2093F90E108A42F3D09142F1DD5A68E8
:10FE5000C4E9003214605C6038BD10B5EFF3118462
:10FE6000202383F31288BFF36F8FF8F7E7FC84F346
:10FE70001188BFF36F8F10BD08B5EFF311812022F9
:10FE800082F31288BFF36F8F83680BB1FFF7B3FF64
:10FE900081F31188BFF36F8F08BD014610B5EFF3F2
:10FEA0001184202383F31288BFF36F8F437B13F0F9
:10FEB000280F0AD183680BB1FFF79DFF4B7B0846E3
:10FEC00023F004034B73F8F7B9FC84F31188BFF3F4
:10FED0006F8F10BD01211838FFF7DFBF08B503464B
:10FEE000EFF31181202282F31288BFF36F8F006835
:10FEF000834207D008B1FFF77EFF81F31188BFF37B
:10FF00006F8F08BD0020F8E710B5FFF7B5FFBDE81B
:10FF10001040183000F074B838B505460468002069
:10FF2000AC4200D138BD002CFCD02046FFF7ECFFDE
:10FF30002046FFF792FF2C680120A542F1E738B573
:10FF400004460D46F8F78AFEB5F1FF3F08BFB4F14D
:10FF5000FF3F0246204618D000204FF47A7447F63F
:10FF6000FF730146C2FB0431B3F5004F71F100028B
:10FF70000BD36FF400429A4243F6FF728A4132BFBC
:10FF80006FF00040D80B40EA414038BD38B5EFF380
:10FF90001185202383F31288BFF36F8F0468A0427A
:10FFA00013D0A4B1C4F8B01022612046FFF723FF9C
:10FFB00004F1180000F024F82046F8F73FFC012077
:10FFC00085F31188BFF36F8F38BD0020F8E7204616
:10FFD000F6E708B50246F8F7FFFF70B1D0E9043143
:10FFE0009B1A61EBE272B3F1004F72F1000104DA87
:10FFF000002AACBF1846002008BD6FF00040FBE7A8
:020000040001F9
:10000000024638B5EFF31185202383F31288BFF33E
:100010006F8F0368CBB1F8F7DFFF04461046F8F79F
:10002000EDFF00224FF000438442C0E9042306D1D3
:10003000F8F7DAFFFFF7CDFF0021F6F785FC002087
:1000400085F31188BFF36F8F38BD6FF01500F7E7A8
:1000500008B5F9F7DDF808BDF9F7DAB8B3F1FF3FF5
:1000600008BFB2F1FF3F70B506461D46144614D0D6
:100070001A4316D0002B08DBF9F7CAF8041941EB34
:100080000501C6E90041304670BD6FF001031C1B3D
:100090004FF0FF3363EB0501F3E74FF0FF342146E8
:1000A000EFE70024FBE7B3F1FF3F08BFB2F1FF3FEA
:1000B000F8B5074616461C4610D054EA020311D084
:1000C000F9F7A6F8B0420A46A14103460AD2F31A4C
:1000D00064EB0204C7E900343846F8BD4FF0FF3343
:1000E0001C46F7E70023FBE70023C0E9081200F1F4
:1000F0001802C0E90622C0E9003303634363704776
:1001000010B50446FFF77CFFA8B9636A0BB120461F
:10011000984704F11800FFF7E1FE60B1FFF79DFE7C
:10012000EFF31180202383F31288BFF36F8FBDE8B4
:100130001040F8F7EBBC10BD2DE9F041846805468E
:100140000E46D4B16378012B22D114F8533C9A07A0
:1001500011D5A4F160073846FFF7D6FE082E0CBF74
:100160006FF003030023236514F8533CDB0602D130
:100170003846FFF772FE002323700020EB68A8606A
:10018000C3F38632164366F39433EB60BDE8F08127
:10019000022BF0D12378002BEDD054F8048CB8F169
:1001A000000FE8D004F11400FFF72AFF0023A4F1A8
:1001B000140739464046E362FFF7AAFDDBE738B58E
:1001C000EFF31185202383F31288BFF36F8F046848
:1001D000A04211D0D4E9003213605A6000232046B7
:1001E000C4E90033FFF7A8FF85F31188BFF36F8FD1
:1001F000201E18BF012038BD0024F5E7043270B579
:1002000004460ED2EFF31185202686F31288BFF341
:100210006F8F41F00401984785F31188BFF36F8F0A
:1002200008B9002070BD40F8044BFBE720B1011F66
:1002300050F8040CFFF79BBB7047002070477047D5
:1002400010B5044608B1F9F7C9FA2046BDE81040D8
:10025000F9F7B4BA10B50446406A10B1A16AFFF7C5
:10026000EFFF0020C4E9090010BD38B50546FFF7CF
:10027000F1FF2B7F0446012B0ED0023B012B0ED841
:100280002B6A012B18BF6FF096042C220021284600
:1002900000F047F8204638BD2B6A002BF2E76FF0DC
:1002A0009604F2E70020704770470020704713B5AE
:1002B000002001AB1446F9F761FC30B9019BA34261
:1002C00018BF6FF0930002B010BD6FF09200FAE714
:1002D000002070470A44431E914200D1704710B578
:1002E00011F8014B914203F8014FF9D110BD88423A
:1002F00010B501EB020402D98442234607D8431EFD
:10030000A14208D011F8012B03F8012FF8E70244AD
:1003100001468A4200D110BD13F8014D02F8014D8B
:10032000F7E702440346934200D1704703F8011BEC
:10033000F9E70139024410B5904201D1002005E0EF
:10034000037811F8014FA34201D0181B10BD0130F2
:10035000F2E710B56AB10139841810F8012B11F8D1
:10036000013F9A4203D1A04201D0002AF5D1D01A10
:1003700010BD1046FCE710B50139044632B111F842
:10038000013F013A00F8013B002BF7D10021FFF7B4
:10039000C8FF204610BD0246014410B58A421346EC
:1003A00003D01C780132002CF8D1181A10BDF0B51A
:1003B000C3F13707044603F01F031046FFB2082BB2
:1003C000E6B232D0102B3DD06508A40845EAC175CD
:1003D00044EA81748A082D1942EB5102290941EA45
:1003E00002716D1842EB1212290A41EA02616D187E
:1003F00042EB1222290C41EA02416D1842EB1242F3
:10040000AD1842F10002EC0844EA4274D10804EB52
:100410008402A6EB4205EDB2092D0CD90134A5F1F9
:100420000A0541F10001EDB212E0E40806F007050B
:1004300044EA4174C908303554EA010200F8015B0E
:10044000BDD1F0BD240906F00F0544EA0174090985
:10045000092D84BFED19EDB2EDE7D1E904329342E5
:100460001EBF5A1C0A6118707047000001480068DE
:10047000704700007417002010FDFE7F010000008F
:100480007135000000000000451100000000000070
:100490000000000038050100397F00000000000066
:1004A0005D7F0000000000000000000078050100F2
:1004B000000000005805010083E500000000000076
:1004C000000000009805010000000000B8050100D0
:1004D00000000000D8050100CD5C00000000000015
:1004E000E967000000000000C535000000000000C2
:1004F00075170000000000006131000000000000DE
:1005000000000000F805010087E500000000000081
:1005100091820000000000000000000018060100A9
:1005200000000000380601005BE50000000000004C
:1005300065E500000000000073230100A80C010025
:10054000CC0801007403002060180020095A000044
:100550000000000000000000CC230100E00C0100BE
:10056000880801007A03002004190020695E000059
:100570000000000000000000D8230100F40C01007E
:10058000880801007C03002010190020695E00002B
:100590000000000000000000AD230100000000008A
:1005A00080080100760300200000000033E3000013
:1005B0000000000000000000BC230100000000005B
:1005C000D80C010078030020000000003FE3000089
:1005D000000000000000000001250100080D0100DE
:1005E000E808010080030020A4190020996400009D
:1005F00035E5000000000000C0240100A802002032
:10060000AC0801007E0300201C19002025600000BA
:100610000000000000000000402301003C01002019
:10062000880A010070030020200500205BD800002C
:10063000000000000000000039230100000000005D
:10064000C0080100720300206402002000000000C6
:10065000000000000000000000000000C7DD0000F6
:1006600000000000C7DD000000000000C7DD000042
:1006700000000000C7DD000000000000C7DD000032
:100680006DE6000099E5000000000000C7DD0000F5
:1006900000000000C7DD0000D8050100D5E400001F
:1006A00000000000C7DD000000000000C7DD000002
:1006B00000000000C7DD000000000000C7DD0000F2
:1006C000B401002033E4000000000000C7DD00009A
:1006D00000000000C7DD000000000000C7DD0000D2
:1006E00000000000C7DD000000000000C7DD0000C2
:1006F00000000000C7DD000000000000C7DD0000B2
:10070000000000007968000000000000C7DD000064
:1007100000000000C7DD000000000000C7DD000091
:1007200000000000C7DD000000000000C7DD000081
:1007300000000000C7DD000000000000C7DD000071
:1007400000000000C7DD000000000000C7DD000061
:1007500000000000C7DD000000000000C7DD000051
:1007600000000000C7DD000000000000C7DD000041
:1007700000000000C7DD000000000000C7DD000031
:1007800000000000C7DD000000000000C7DD000021
:1007900000000000C7DD000000000000C7DD000011
:1007A00000000000C7DD00004173000099E5000073
:1007B00000000000C7DD000000000000C7DD0000F1
:1007C00000000000C7DD000000000000C7DD0000E1
:1007D00000000000C7DD000000000000C7DD0000D1
:1007E00000000000C7DD000000000000C7DD0000C1
:1007F00000000000C7DD000000000000C7DD0000B1
:1008000000000000C7DD000000000000C7DD0000A0
:1008100000000000C7DD000000000000C7DD000090
:1008200000000000C7DD000000000000C7DD000080
:1008300000000000C7DD000000000000C7DD000070
:1008400000000000C7DD000000000000C7DD000060
:1008500000000000C7DD000000000000C7DD000050
:1008600000000000C7DD000000000000C7DD000040
:1008700000000000C7DD000000000000C7DD000030
:1008800037E3000000000000A55E000099E30000CF
:10089000A5E30000B9E30000C3E30000CDE30000DE
:1008A0001D5D0000E1E30000000000005561000054
:1008B00037E4000053E4000057E40000C16000008A
:1008C000B15800002D590000555600006D5A000027
:1008D0008DE20000EDE20000000000002BE20000CD
:1008E00000000000000000008FE40000E56300004D
:1008F00081E40000EA1F0100030000003D18010030
:10090000030000004418010003000000411E010024
:100910000300000050230100030000005E230100DB
:10092000030000005320010003000000911F01009C
:10093000030000000F20010003000000A2100100CE
:10094000030000009F230100030000003811010094
:100950000300000058110100030000005C110100B9
:10096000030000007D12010003000000CB24010001
:10097000030000005217010003000000D617010019
:1009800003000000DE170100030000001227010031
:1009900003000000ED170100030000000B2501001B
:1009A00003000000440B01006C0100206C120100E8
:1009B00001000000040000000F0000000100000022
:1009C0000800000020000000640000007400000027
:1009D0000D0000000C0000000E00000050000000A0
:1009E00078000000AC000000FFFFFFFFFFFFFFFFEB
:0809F000FFFFFFFFFFFFFFFF07
:100A00000000000000000000A0000000F000000056
:100A10000000000021750000060000003E1D0100DE
:100A2000431D0100471D01004B1D01004F1D01002A
:100A3000531D0100571D01005B1D01005F1D0100DA
:100A4000631D0100671D01006B1D01006F1D01008A
:100A5000731D0100771D01007B1D01007F1D01003A
:100A60000002000000020000000000000001000879
:100A70001200000000000000000000000000000064
:100A80000338FDD870470000C511000013D90000DD
:100A9000C11300000D140000F9140000F1D600008D
:100AA00065D70000F9D600002BD7000015D700004D
:100AB000FFD60000000000000000000043DA000044
:100AC00035DA00003FDA000033DA000000000000F1
:100AD00000000000000000000000000023DA000019
:100AE00090090020000100001BDB0000C5DA0000B7
:100AF00002000000C3DC0000000000000000000055
:100B000000000000000000004C120100541201001F
:100B10000000000000000000000000005C12010066
:100B2000601201006412010068120100340B010020
:100B30002C120020992100004C120020CD2A002008
:100B40000100000081DD000077DD000045DD0000D0
:100B500039DD0000000000002DDD00000000000075
:100B6000000000009FDD00009C0100209401002097
:100B70008C010020000000008401002021230000DF
:100B8000F121000045220000B922000000000020F1
:100B9000000000000600010002000000A00B0100A0
:100BA00000000000C217010006000000E0FF0F0077
:100BB00000000020CA17010021000000E0FF06200D
:100BC000A4010020ED31000000000000B1DE0000B3
:100BD000BD340000C3DF000000000000C40B0100B2
:100BE000EC0B01004700000000000000685E0020E0
:100BF000C40B0100000C01002E00000000000000EA
:100C000048620020C40B0100140C01000201000026
:100C1000000000001C630020831D0100A11D0100D5
:100C2000BC1D0100CC1D0100D91D0100E21D010009
:100C3000E91D0100F01D0100F71D0100FF1D01006D
:100C4000D91D0100071E0100191E01002E1E010002
:100C50000E030000F94600000F040000C546000026
:100C60003E010000CD380000FF0100000D390000FA
:100C70003E010000ED38000010010000D5370000F3
:100C80000201000099530000C40B0100980C010000
:100C9000470000000000000038640020C559000033
:100CA0009559000000000000295B0000A95A0000CF
:100CB0007E2301002FE300002BE3000084230100CA
:100CC00013E300001FE300008A2301000DE300008E
:100CD00019E300009423010055E300000000000028
:100CE000FFFF000000288450B40100200000000035
:100CF00001000000FFFFFFFF00258450B401002029
:100D00000000000000000000008000500100000012
:100D1000000000002C0D01000000D60100000000C2
:100D200000000000722B0020712B0020008000507A
:100D3000380D010002000000580D01000400000001
:100D4000480D01000401000014800000168000011D
:100D5000138000021580000314000000130000023D
:100D6000160600011506000308000000030000003D
:100D7000080000000300000056250100692501005D
:100D80007C2501008F250100A2250100B525010069
:100D9000C8250100DB250100BE260100CC2601008C
:100DA000E0260100EF260100FB260100800401007F
:100DB00080040100E0040100F00401003805010096
:100DC00038050100152701000001000000000000A7
:100DD000FF8FFFFFFF8FFFFFFE8FFFFFFE8FFFFFE5
:100DE000FD8FFFFFFC8FFFFFFC8FFFFFFB8FFFFFDF
:100DF0006D757465785F667265652063616C6C659E
:100E0000642077697468204E554C4C207061726183
:100E10006D6574657200000043616E277420696E11
:100E2000697469616C697A65206D757465782C20C8
:100E3000776173204E554C4C0D0A00004661696C79
:100E400020746F2061637175697265206D757465BA
:100E5000780A00004661696C20746F20696E6372C5
:100E60006561736520504D20636F756E7465720AFD
:100E7000000000004661696C20746F206465637235
:100E80006561736520504D20636F756E7465720ADD
:100E9000000000004661696C20746F2072656C650B
:100EA000617365206D757465780A0000436F756C19
:100EB00064206E6F74206C6F636B20706F77657247
:100EC0002073617665206D75746578004661696C84
:100ED00020746F20756E6C6F636B206D7574657810
:100EE0000A0000006374782063616E6E6F74206284
:100EF00065204E554C4C00000A63747820697320BD
:100F00004E554C4C0A00000067E6096A85AE67BB87
:100F100072F36E3C3AF54FA57F520E518C68059BDB
:100F2000ABD9831F19CDE05BD89E05C107D57C36B0
:100F300017DD703039590EF7310BC0FF11155868A5
:100F4000A78FF964A44FFABE0123456789ABCDEFA3
:100F5000FEDCBA9876543210F0E1D2C37075626C40
:100F600069630072616E646F6D007075626C6963B5
:100F70002D69640072616E646F6D2D6964002530A7
:100F800032583A253032583A253032583A253032E4
:100F9000583A253032583A253032582028257329BE
:100FA00000466F756E64205461726765743A20253F
:100FB000732028525353493A202564290A006E525F
:100FC00046353334303A205265706F7274696E67FB
:100FD000204E6F646520537461727465640A004228
:100FE0006C7565746F6F746820696E6974206661D2
:100FF000696C65642028657272202564290A0028BE
:10100000756E7369676E6564292063686172202A52
:10101000207573656420666F7220252570206172CB
:1010200067756D656E742E20497427732072656331
:101030006F6D6D656E64656420746F206361737499
:1010400020697420746F20766F6964202A2062659D
:101050006361757365206974206D617920636175C2
:101060007365206D69736265686176696F72206966
:101070006E206365727461696E20636F6E66696766
:1010800075726174696F6E732E20537472696E6726
:101090003A2225732220617267756D656E743A2558
:1010A000640063627072696E74665F7061636B6125
:1010B000676500496E76616C696420696E7374615E
:1010C0006E636500496E76616C6964206261636B72
:1010D000656E6420636F6E66696775726174696FAF
:1010E0006E00496E76616C696420696E7374616E1E
:1010F00063652C20656E64706F696E74206F72205A
:10110000636F6E66696775726174696F6E00496EB0
:1011100076616C696420656E64706F696E740045F9
:101120006E64706F696E74206E6F7420726567698B
:101130007374657265640A006970635F73657276C3
:10114000696365006D626F785F77712023256400A5
:101150006C6F6767696E67006C6F67006C6F675FC5
:101160006D676D74004D6573736167652028222576
:101170007322292064726F707065642062656361F8
:101180007573652069742065786365656473207381
:10119000697A65206C696D69746174696F6E202865
:1011A000257529004D6573736167652064726F70E2
:1011B000706564206265636175736520697420657C
:1011C0007863656564732073697A65206C696D69FD
:1011D000746174696F6E2028257529001B5B306D62
:1011E00000257320005B2530386C755D20005B2581
:1011F0003032753A253032753A253032752E253029
:1012000033752C253033755D200025732F003C2568
:10121000733E200025733A20002530327820007C70
:1012200000256300206D65737361676573206472C8
:101230006F70706564202D2D2D0D0A1B5B306D00C5
:101240001B5B313B33316D2D2D2D20001B5B313B62
:1012500033316D001B5B313B33336D0065727200BF
:1012600077726E00696E6600646267006C6F675F1C
:101270006261636B656E645F75617274006C6F6749
:101280005F75617274002A2A2A20426F6F74696E3A
:1012900067206E524620436F6E6E65637420534420
:1012A0004B2076332E322E342D3463336663306414
:1012B0003434353334202A2A2A0A002A2A2A20558F
:1012C00073696E67205A6570687972204F53207673
:1012D000342E322E39392D3936373365656337353B
:1012E000393038202A2A2A0A006D757465785F69BA
:1012F0006E69742063616C6C656420776974682022
:101300004E554C4C20706172616D6574657200437E
:101310006F756C64206E6F7420616C6C6F636174A8
:1013200065206D75746578206265666F72652069E9
:101330006E697469616C697A696E670072302F61D9
:10134000313A2020307825303878202072312F61D2
:10135000323A2020307825303878202072322F61C0
:10136000333A20203078253038780072332F6134BA
:101370003A2020307825303878207231322F697049
:101380003A2020307825303878207231342F6C7232
:101390003A20203078253038780020787073723AFF
:1013A0002020307825303878004661756C74696E7D
:1013B0006720696E737472756374696F6E206164FF
:1013C000647265737320287231352F7063293A2057
:1013D00030782530387800556E68616E646C6564CD
:1013E000204952516E3A202564002A2A2A2A2A20AE
:1013F0004D5055204641554C54202A2A2A2A2A006D
:101400002020537461636B696E67206572726F721E
:101410002028636F6E746578742061726561206D39
:1014200069676874206265206E6F742076616C69EC
:101430006429002020556E737461636B696E6720A8
:101440006572726F72002020446174612041636391
:101450006573732056696F6C6174696F6E0020202C
:101460004D4D46415220416464726573733A203099
:10147000782578002020496E737472756374696FE3
:101480006E204163636573732056696F6C61746984
:101490006F6E002020466C6F6174696E672D706FEF
:1014A000696E74206C617A79207374617465207040
:1014B0007265736572766174696F6E206572726FA2
:1014C00072002A2A2A2A2A2055534147452046419C
:1014D000554C54202A2A2A2A2A0020204469766959
:1014E00073696F6E206279207A65726F00202055D3
:1014F0006E616C69676E6564206D656D6F727920D1
:10150000616363657373002020537461636B206FA4
:10151000766572666C6F772028636F6E7465787479
:101520002061726561206E6F742076616C69642938
:101530000020204E6F20636F70726F636573736F4E
:101540007220696E737472756374696F6E730020B4
:1015500020496C6C6567616C206C6F6164206F66FC
:10156000204558435F52455455524E20696E746F62
:10157000205043002020496C6C6567616C207573B6
:1015800065206F6620746865204550535200202006
:10159000417474656D707420746F2065786563752F
:1015A000746520756E646566696E656420696E7326
:1015B0007472756374696F6E002A2A2A2A2A20427F
:1015C0005553204641554C54202A2A2A2A2A0020C5
:1015D00020537461636B696E67206572726F72006D
:1015E00020205072656369736520646174612062B4
:1015F0007573206572726F7200202042464152203E
:10160000416464726573733A203078257800202035
:10161000496D7072656369736520646174612062ED
:101620007573206572726F72002020496E73747238
:10163000756374696F6E20627573206572726F7264
:1016400000526573657276656420457863657074D1
:10165000696F6E20280053707572696F7573206909
:101660006E7465727275707420284952512000534F
:101670005053454C20696E20746872656164206D1A
:101680006F646520646F6573206E6F7420696E648B
:10169000696361746520505350002A2A2A2A2A203F
:1016A00048415244204641554C54202A2A2A2A2A8D
:1016B000002020427573206661756C74206F6E2067
:1016C000766563746F72207461626C652072656107
:1016D000640020204465627567206576656E74003D
:1016E00020204661756C7420657363616C61746958
:1016F0006F6E20287365652062656C6F77290041E5
:101700005243485F455843455054207769746820D8
:10171000726561736F6E2025780A002A2A2A2A2AA8
:10172000204465627567206D6F6E69746F72206505
:101730007863657074696F6E202A2A2A2A2A002A23
:101740002A2A2A2A20257320256429202A2A2A2A9F
:101750002A006D7075004661696C656420746F20A5
:10176000616C6C6F63617465206E6577204D5055B8
:1017700020726567696F6E2025750A00506172746A
:101780006974696F6E2025753A2073616E6974798A
:1017900020636865636B206661696C65642E00492F
:1017A0006E76616C696420756E6465726C79696EC1
:1017B0006720726567696F6E20696E6465782025A1
:1017C0007500464C4153485F30005352414D5F30E5
:1017D0000065786974006E65745F627566006E6599
:1017E000745F6275665F73696D706C6500736F63BB
:1017F000000000000121202524000000000000005E
:10180000FFFFFFFFFFFF0000000000003031323318
:101810003435363738396162636465660001040027
:1018200002000000020000000000000005000000AF
:101830000000000000000000000000000562745F6E
:101840006275660062745F6461746100486172640D
:1018500077617265206572726F722C2068617264A4
:101860007761726520636F64653A20256400436F79
:10187000756C64206E6F74207375626D697420726C
:10188000785F776F726B3A20256400556E68616EE1
:10189000646C6564206576656E742030782530321E
:1018A00078206C656E2025753A20257300546F6F83
:1018B00020736D616C6C20282575206279746573C6
:1018C00029206576656E7420307825303278005591
:1018D0006E68616E646C65642076656E646F722DEF
:1018E0007370656369666963206576656E74203020
:1018F0007825303278206C656E2025753A20257366
:10190000004E6F20636F6D6D616E642073656E7441
:1019100020666F7220636D6420636F6D706C6574F8
:101920006520307825303478004F70436F6465202F
:1019300030782530347820636F6D706C6574656421
:1019400020696E7374656164206F662065787065C8
:10195000637465642030782530347800496E766190
:101960006C696420484349206576656E742073690C
:101970007A65202825752900496E76616C69642096
:101980004C45206D657461206576656E74207369C1
:101990007A65202825752900574553545F544F50C8
:1019A0004449522F7A65706879722F737562737922
:1019B000732F626C7565746F6F74682F686F7374C2
:1019C0002F6863695F636F72652E63006576745F6D
:1019D000666C6167732026202831554C203C3C20E2
:1019E0002830292900415353455254494F4E20462F
:1019F00041494C205B25735D20402025733A2564C6
:101A00000A00496E76616C6964206275662074799B
:101A100070652025750062745F6863695F65767420
:101A20005F6765745F666C616773286864722D3EDA
:101A3000657674292026202831554C203C3C2028EE
:101A400031292900556E6B6E6F776E2062756620A6
:101A50007479706520257500756E6B6E6F776E00FA
:101A60005B305D00484349207472616E73706F7221
:101A7000743A20257300495043004964656E7469C7
:101A8000747925733A202573004964656E7469740E
:101A9000795B25645D3A202573004843493A2076F6
:101AA000657273696F6E2025732028307825303277
:101AB0007829207265766973696F6E2030782530D9
:101AC00034782C206D616E75666163747572657211
:101AD00020307825303478004C4D503A20766572AD
:101AE00073696F6E2025732028307825303278296D
:101AF0002073756276657220307825303478005511
:101B00006E61626C6520746F2073656E6420746F03
:101B100020647269766572202865727220256429B6
:101B200000556E636C65617265642070656E6469F2
:101B30006E672073656E745F636D640073756363B5
:101B40006573730009636F6D6D616E64206F706300
:101B50006F6465203078253034782074696D656F46
:101B600075740A00657272203D3D20300009436F94
:101B70006E74726F6C6C657220756E726573706FC7
:101B80006E736976652C20636F6D6D616E64206F76
:101B900070636F6465203078253034782074696D07
:101BA000656F75742077697468206572722025648A
:101BB0000A006F70636F64652030782530347820B8
:101BC00073746174757320307825303278202573F2
:101BD000004E6F6E2D4C452063617061626C652014
:101BE000636F6E74726F6C6C65722064657465638C
:101BF000746564210056656E646F72204843492005
:101C0000657874656E73696F6E73206E6F74206192
:101C10007661696C61626C6500485720506C617434
:101C2000666F726D3A20257320283078253034781D
:101C3000290048572056617269616E743A202573F5
:101C4000202830782530347829004669726D776114
:101C500072653A2025732028307825303278292083
:101C600056657273696F6E2025752E257520427535
:101C7000696C64202575004661696C656420746F29
:101C8000207265616420737570706F727465642072
:101C900076656E646F7220636F6D6D616E64730044
:101CA0004661696C656420746F207265616420739D
:101CB0007570706F727465642076656E646F7220E3
:101CC0006665617475726573004843492064726982
:101CD000766572206973206E6F7420726561647915
:101CE0000042542052582057510048434920647202
:101CF00069766572206F70656E206661696C6564D7
:101D0000202825642900556E6578706563746564C4
:101D100020484F53545F4E554D5F434F4D504C45F7
:101D20005445445F5041434B4554532C20737461D8
:101D30007475732030782530327820257300312E69
:101D4000306200312E3100312E3200322E3000321E
:101D50002E3100332E3000342E3000342E3100343A
:101D60002E3200352E3000352E3100352E32003522
:101D70002E3300352E3400362E3000362E3100360C
:101D80002E32005374616E6461726420426C75651A
:101D9000746F6F746820636F6E74726F6C6C6572B1
:101DA0000056656E646F722073706563696669635F
:101DB00020636F6E74726F6C6C6572004669726D31
:101DC00077617265206C6F61646572005265736340
:101DD000756520696D61676500726573657276650A
:101DE00064006E5246353178006E524635327800C6
:101DF0006E5246353378006E524635344878006E60
:101E0000524635344C7800496E74656C20436F72CD
:101E1000706F726174696F6E004E6F7264696320D7
:101E200053656D69636F6E647563746F72004E58AD
:101E3000502053656D69636F6E647563746F727360
:101E40000062745F6863695F636F726500636D64ED
:101E500020646973616C6C6F776564004F6E6C7998
:101E60002072616E646F6D207374617469632069A0
:101E700064656E746974792061646472657373203B
:101E8000737570706F7274656400496E76616C6909
:101E90006420696E70757420706172616D6574651F
:101EA0007273004661696C656420746F20726561AD
:101EB00064207075626C6963206164647265737319
:101EC00000526561642053746174696320416464E5
:101ED00072657373657320636F6D6D616E64206EE0
:101EE0006F7420617661696C61626C65004661693E
:101EF0006C656420746F2072656164207374617412
:101F0000696320616464726573736573004E6F204A
:101F1000737461746963206164647265737365735B
:101F20002073746F72656420696E20636F6E7472C3
:101F30006F6C6C65720043616E277420736574204A
:101F4000626F7468204944454E54495459202620F4
:101F50004E52504100556E61626C6520746F207363
:101F60006574206964656E74697479206164647253
:101F700065737300556E61626C6520746F207365C4
:101F8000742072616E646F6D206164647265737336
:101F90000062745F696400546F6F2062696720613A
:101FA00064766572746973696E6720646174610038
:101FB0004661696C656420746F207374617274206B
:101FC00061647665727469736572004661696C65F7
:101FD0006420746F2073746F70206164766572740E
:101FE0006973696E673A2025640062745F61647684
:101FF00000556E657870656374656420656E642055
:102000006F662062756666657200030502000A62EB
:10201000745F7363616E007073615F637279707473
:102020006F5F696E69742829206661696C65642038
:102030002564007073615F67656E65726174655FCA
:1020400072616E646F6D2829206661696C65642019
:1020500025640062745F686F73745F637279707473
:102060006F004661696C656420746F2073656E64EF
:10207000202865727220256429004E6F7420656ED9
:102080006F75676820646174612028257529206652
:102090006F72206576656E74206865616465722074
:1020A00028257A7529004576656E74207061796CF3
:1020B0006F6164206C656E677468206973206E6F51
:1020C0007420636F72726563742028257520213D2A
:1020D0002025752900436F756C646E277420616C30
:1020E0006C6F63617465206120627566666572203D
:1020F00061667465722077616974696E672031303A
:10210000207365636F6E64732E004E6F7420656E6E
:102110006F75676820737061636520696E206275F2
:102120006666657220257A752F257A75004E6F7464
:1021300020656E6F7567682064617461202825755D
:102140002920666F722041434C2068656164657286
:102150002028257A7529004E6F20617661696C61AF
:10216000626C652041434C2062756666657273211E
:102170000041434C207061796C6F6164206C656E26
:10218000677468206973206E6F7420636F72726564
:1021900063742028257520213D20257529004E6F68
:1021A0007420656E6F7567682064617461202825EE
:1021B000752920666F722049534F206865616465F8
:1021C000722028257A7529004E6F20617661696C2E
:1021D00061626C652049534F206275666665727353
:1021E0002028257A7529210049534F207061796C88
:1021F0006F6164206C656E677468206973206E6F10
:102200007420636F72726563742028257520213DE8
:1022100020256C752900556E6B6E6F776E204843D4
:1022200049207479706520257500484349207472EF
:10223000616E73706F72742073657475702066615F
:10224000696C656420776974683A2025640A0049DE
:102250005043207365727669636520696E7374619B
:102260006E636520696E697469616C697A6174690D
:102270006F6E206661696C65643A2025640A0052BD
:1022800065676973746572696E6720656E64706FE7
:10229000696E74206661696C656420776974682072
:1022A000256400456E64706F696E742062696E64A7
:1022B000696E67206661696C65642077697468205F
:1022C00025640044657265676973746572696E6739
:1022D0002048434920656E64706F696E74206661A2
:1022E000696C656420776974683A20256400436CE2
:1022F0006F73696E67204950432073657276696316
:1023000065206661696C656420776974683A202588
:102310006400484349207472616E73706F72742058
:1023200074656172646F776E206661696C656420A4
:10233000776974683A2025640062745F6863695F36
:1023400069706330006E72665F62745F6863690013
:1023500062745F6863695F64726976657200627453
:102360005F6863695F6E726635335F737570706F37
:10237000727400636C6F636B403530303000686698
:10238000636C6B006C66636C6B006866636C6B31CE
:1023900039326D006866636C6B617564696F0063E8
:1023A0006C6F636B5F636F6E74726F6C00656E74DD
:1023B000726F70795F62745F6863690063727970CD
:1023C000746F403530383434303030006770696FA6
:1023D00040383432383030006770696F40383432FA
:1023E0003530300074785F6D61736B20746F6F20CF
:1023F00062696720286F72204950435F434F4E4601
:102400005F4E554D20746F6F20736D616C6C2900A9
:1024100072785F6D61736B20746F6F2062696720E3
:10242000286F72204950435F434F4E465F4E554DD3
:1024300020746F6F20736D616C6C2900456E616252
:102440006C696E67206368616E6E656C2077697475
:10245000686F757420612072656769737465726551
:10246000642063616C6C6261636B0A0053656E6427
:10247000696E672064617461206E6F74207375707B
:10248000706F72746564005258206576656E7420B2
:102490006F6E20696C6C6567616C206368616E6E3D
:1024A000656C005258206576656E74206F6E2064EE
:1024B000697361626C6564206368616E6E656C004F
:1024C0006D626F78403261303030006D626F785FDE
:1024D0006E7266785F69706300000102030405068E
:1024E000070B4661696C656420746F20616C6C6FCA
:1024F0006361746520505049204368616E6E656C5D
:102500000075617274403830303000756172745FEC
:102510006E7266785F75617274650000000001017B
:102520000100000100000000203030303030303039
:10253000303030303030300001756E72656769734D
:102540007465726564202573206275730A0067657F
:102550006E65726963006D6574616C3A20656D65C6
:102560007267656E63793A20006D6574616C3A201C
:10257000616C6572743A2020202020006D657461C2
:102580006C3A20637269746963616C3A2020006D53
:102590006574616C3A206572726F723A2020202057
:1025A00020006D6574616C3A207761726E696E67A8
:1025B0003A202020006D6574616C3A206E6F74695A
:1025C00063653A20202020006D6574616C3A2069B3
:1025D0006E666F3A202020202020006D6574616CAB
:1025E0003A2064656275673A202020202000257318
:1025F0003A2066726565696E67206E6F6E2D656D37
:10260000707479207669727471756575650D0A004C
:10261000756E65787065637465642062756666655D
:10262000722068656C6420636F756E7465720D0A44
:102630000072785F76710074785F7671004E530097
:1026400048616C74696E672073797374656D0055A9
:102650006E6B6E6F776E206572726F72003E3E3EDB
:10266000205A455048595220464154414C20455229
:10267000524F522025643A202573206F6E2043501C
:1026800055202564004661756C7420647572696E0E
:102690006720696E746572727570742068616E640B
:1026A0006C696E670A0043757272656E7420746897
:1026B000726561643A2025702028257329004350F3
:1026C0005520657863657074696F6E00556E68613A
:1026D0006E646C656420696E7465727275707400E6
:1026E000537461636B206F766572666C6F77004B15
:1026F00065726E656C206F6F7073004B65726E65EE
:102700006C2070616E69630069646C65006D61695D
:102710006E006F7300737973776F726B7100286E40
:10272000756C6C29002A666C6F61742A00000000C9
:102730000000000000000000000000000000000099
:102740000000000000000000000000000000000089
:102750000000000000000000000000000000000079
:102760000000000000000000000000000000000069
:102770000000000000000000000000000000000059
:102780000000000000000000000000000000000049
:102790000000000000000000000000000000000039
:1027A0000000000000000000000000000000000029
:1027B0000000000000000000000000000000000019
:1027C0000000000000000000000000000000000009
:1027D00000000000000000000000000000000000F9
:1027E00000000000000000000000000000000000E9
:1027F000000000000000000049460000000000004A
:1028000000000000000000000000000000000000C8
:1028100000000000000000000000000000000000B8
:1028200000000000000000000000000000000000A8
:102830000000000000000000000000000000000098
:102840000000000000000000000000000000000088
:102850000000000000000000000000000000000078
:102860000000000038060100BFCF0000000000009B
:102870000000072000000100F80501000000000032
:10288000F805010001000000020000000000000047
:102890000000000000020000E5DA00002C0B01003F
:1028A00000000000180400203A000000040400208A
:1028B0003A000000F00300203A0000002C04002041
:1028C0003A000000DC0300203A0000004004002031
:1028D0003A00000000000000A7DE00000000000039
:1028E0000000000000D000500000000000000000C8
:1028F00000000000000000000000000000000000D8
:1029000000000000000000000000000000000000C7
:1029100000000000000000000000000000000000B7
:1029200000000000000000000000000000000000A7
:102930000000000000000000000000000000000097
:102940000000000000000000000000000000000087
:102950000000000000000000000000000000000077
:102960000000000000000000000000000000000067
:1029700000000000000000009FE0000000000000D8
:102980000000000000000000153C000000000000F6
:102990000000000000000000000000000000000037
:1029A00045230100000000000DE2000000000000CF
:1029B000A156000000000000380601008C02002033
:1029C0008C02002000000000010000009C0200209A
:1029D0009C02002018060100FFFF0000FFFF00001E
:1029E0000090D003FF000000FF0000004E25010012
:1029F00000000000817300000000000000000000E3
:102A000000000000000000000000000000000000C6
:102A1000000000000000000090020000EC02002016
:102A2000EC0200203F0201003B02010023030100F1
:102A3000559A0000499A00003D9A000000000000ED
:102A4000A59A000050030020480300204003002006
:102A50000000000038030020759C0000C19B0000AE
:102A6000F59B00003D9C0000C02100203A00003A88
:102A7000C42100203A00003AC82100203A00003A60
:102A8000CC2100203A00003A1427002064030020E3
:102A9000240300201C03002018030020140300203E
:102AA0000000000000000000000000000000000026
:102AB0000000000000000000000000000000000016
:102AC0000000000000000000000000000000000006
:102AD00000000000000000000000000000000000F6
:102AE00000000000000000000000000000000000E6
:102AF000000000000000000000000000684E002000
:102B0000001000000000000000000000DC030020B6
:102B1000DC03002000000000000000000E000000A8
:102B2000F0030020F003002000000000000000007F
:102B30000E00000004040020040400200000000037
:102B4000000000000E0000001804002018040020FF
:102B500000000000000000000E0000002C04002017
:102B60002C04002000000000000000000E00000007
:102B7000400400204004002000000000000000008D
:102B80000E00000054040020540400200000000047
:102B90000100000064040020640400200000000024
:102BA0000000000074040020740400207C04002055
:102BB0007C0400200300030000000000000000006F
:102BC000F00B0100D46200200000000000000000B3
:102BD000A0040020A0040020A8040020A8040020D5
:102BE000010001000000000000000000880C01004E
:102BF000806400200000000000000000CC040020E1
:102C0000CC040020D4040020D40400200A000A00D0
:102C10000400000031370000DC0B010030610020AF
:102C20000000000000000000F8040020F80400206C
:102C30000005002000050020010001000000000048
:102C400000000000040C01002064002015E015E0E5
:00000001FF
