:020000040100F9
:10000000D87D0021F1B70101C9110201DDB701015D
:10001000DDB70101DDB70101DDB70101000000001E
:100020000000000000000000000000004DB90101C8
:10003000DDB7010100000000EDB80101DDB70101ED
:10004000BDBA0101BDBA0101BDBA0101BDBA0101CC
:10005000BDBA0101BDBA0101BDBA0101BDBA0101BC
:1000600079190201BDBA0101BDBA0101BDBA010190
:100070008F190201BDBA0101BDBA0101BDBA01016A
:10008000BDBA01015F190201BDBA0101BDBA01018A
:10009000BDBA0101BDBA0101BDBA0101BDBA01017C
:1000A000BDBA0101BDBA0101BDBA0101BDBA01016C
:1000B000BDBA0101BDBA0101054B00221B78826067
:1000C00001330260034A4260C371FF230372704729
:1000D000080A002128010800064A074B02604FF475
:1000E00018729B7882800822C37100238271037288
:1000F000704700BFF9A50101080A0021064A074B15
:1001000002604FF43672DB7882800822C3710023CC
:1001100082710372704700BFC3A20101080A002167
:10012000064A074B02604FF4B472DB7A82800822E1
:10013000C371FF2382710372704700BF099E0101E2
:10014000080A00212DE9F341C41D0028064624F0C9
:1001500007040CBF0020204600F0E2FC071E04DA72
:100160006FF00B0002B0BDE8F081374DE988A88838
:1001700003316B7A03302A7A89B280B216F0F6FB2B
:100180000028EDDB3C44A978EB78002E04F1030451
:10019000194424F0030400FB01F10CBF00202046A9
:1001A00000F044FE20440EB90028D9DBEA7A044668
:1001B000B2B1EB7B697C13441944FF29D0D80330DA
:1001C000002EAA89C9B220F003040CBF00202046EB
:1001D00000F09EFE0028C3DB04440EB9002CBFDBF8
:1001E000012000F093FCB0B1A97BA1B195F82A30B1
:1001F00033B340234FF481720734002E24F00704F8
:100200000CBF0020204605F095FA0028A8DB044426
:100210000EB9002CA4DBAB7AFBB1EB7AB3B1073497
:10022000002EA97A24F007040CBF002020460BF012
:100230005BF8002894DB04447EB9002C0DDA8FE7CC
:1002400025232822D8E700BF080A0021012000F05A
:100250005DFC10B1AB7B002BE1D1734B1B6893B1FC
:10026000A97D81B10334002EEA7D24F003040CBF84
:100270000020204698470028FFF672AF044416B9C4
:10028000002CFFF66DAF694B1B688BB1297C79B1EF
:100290000334002E24F003040CBF002020469847AE
:1002A0000028FFF65DAF044416B9002CFFF658AFE6
:1002B0005F4B1F68B7B1697CA1B10334002E2B7D61
:1002C00024F0030408BF0020009318BF2046EB7CF5
:1002D000AA7CB8470028FFF643AF044416B9002CA7
:1002E000FFF63EAF072000F011FC98B1A97D89B15F
:1002F0000334002E2A7E24F003040CBF0020204685
:1003000000F0F4FE0028FFF62BAF044416B9002CD1
:10031000FFF626AFB6FA86F795F823007F09A0B15D
:1003200003346B7FA97E24F0070419443B4644F054
:100330000404C9B2224600F019FF0028FFF610AFEE
:10034000044416B9002CFFF60BAF95F824100029D1
:100350004CD004F10708002EEA8C28F007080CBFE7
:100360000020404616F016FB041EFFF6F9AE44448A
:10037000002E3ED1002CFFF6F3AEA97F002945D018
:1003800095F82230002B41D02A8C0734002E02F140
:10039000240224F007080CBF0020404692B216F059
:1003A000F9FA0028FFF6DCAE404416B90028FFF643
:1003B000D7AE03302B7FA97E20F0070019443B46BF
:1003C00040F0040495F82200C9B2224600F0C0FEB5
:1003D0000028FFF6C5AE044486B9002CFFF6C0AE77
:1003E000EB6AF3B1C6B1EC620020BBE6002EC4D0CC
:1003F0008846E98C404611F0F9FEBEE72A8C40465B
:10040000A97F083292B211F0F7FEE9E7002EE7D09B
:10041000002211461046F6E728343FF5A1AE2046EB
:10042000A0E6002EE0D1FAE7600000216400002180
:10043000680000211FB572B6194B1C6BECB9BFF3F5
:100440004F8F1849184BCA6802F4E0621343CB601F
:10045000BFF34F8F00BFFDE7B2FBF6F22B465D1CEA
:10046000002AF9D1DBB203F110056D4405F80C2C1C
:100470000A2233B901A8A047E1E7024600230A2671
:10048000EDE7013BDBB203F110050DEB0506B0FB18
:10049000F2F502FB1500303006F80C0C2846E8E7B0
:1004A000080A002100ED00E00400FA0513B5124C23
:1004B00068462389ADF80030E388ADF80430A3889E
:1004C000ADF8023008F0FEFC18B1FC219C20FFF7CB
:1004D000B1FF207D08F05AFD08B1FF21F6E7E07C6E
:1004E00008F04EFD10B14FF48071EFE794F828004A
:1004F0000FF04EFE02B010BD080A002138B50546C7
:10050000002840D015F034F810B94FF0FF3038BD56
:1005100014F0F4FDB0F5FA7FF7D81C4C1C482563A5
:100520001B2500F06FFA00212A4604F10F0084F821
:100530003410217084F82A10E16215F063FA012367
:10054000032108200222A370E370E372A3742376D0
:10055000F72321722384FB23A0721F20A17349215A
:10056000E3840A23A580E5806272A081E174E275CC
:1005700084F82830EFF3108472B600F007FE04B957
:1005800062B60020C3E76FF01500C0E7080A00213B
:10059000AD04000138B51446002840F0C480634D16
:1005A00095F83430032B00F0BB80B9B112B96FF06D
:1005B000150038BD0139172900F2B580DFE801F0D8
:1005C0000C1D20366069873C6C6F814248565B8DFC
:1005D000909FA2A596B3B3A81378AB700020FFF745
:1005E000B1FD0028B7BF012302236FF00B0085F88F
:1005F0003430A8BF85F83430DBE71378EB70EDE7D3
:100600001379002BD3D05379002BD0D01288FB2A3A
:10061000CDD863881B3B9BB2E02BC8D81A2AC6D919
:100620002368A2886B60424B9A80D7E71378EA7BF5
:100630009342BCD3EB72D1E71378EA7A9342B6D8EF
:10064000EB73CBE71378EA7A9342B0D86B74C5E7C3
:100650001378002BABD05378013BDBB2F82BA6D834
:10066000138892786B82334B9A70B7E7107868756D
:100670000FF088FDB2E71378002B98D02B76ADE70A
:10068000012000F043FA237808B1012B8FD9AB7316
:10069000A4E71388AB81A1E71378AB759EE7072029
:1006A00000F034FA10B92378012B80D9072000F02C
:1006B0002DFA18B12378002B3FF479AF2378EB752E
:1006C0008CE71378082B3FF672AF2B7486E71388FC
:1006D000FF2B3FF66CAFAB7280E713786B767DE74C
:1006E00013780E2B3FF663AFAB7677E72368124A99
:1006F000C5F81E3063685360238913816EE7137851
:10070000EB766BE713786B7768E713782B7765E701
:1007100013785A1E092A3FF64AAF85F828305DE75C
:100720004FF0FF3045E76FF02C0042E7080A002148
:100730000C0A00211A0A0021260A0021F8B50D46EC
:10074000064630B329B311F0070422D1124F97F8AF
:100750003430012B02D16FF00B00F8BD032B02D116
:100760004FF0FF30F9E700F07DF80028F8D0284678
:10077000FFF7E8FC0028EEDB0FF010FD3046F96AC9
:1007800008F0CAFCFFF792FE0323204687F83430B6
:10079000E3E76FF01500E0E7080A002110B5074C09
:1007A00094F83430032B03D108F0D2FC09F0CEFDCD
:1007B00016F03CFA002084F8340010BD080A00212D
:1007C00050B1074B03F1140253F8041B934240F855
:1007D000041BF9D1002070476FF01500704700BF6F
:1007E000D642020108B508F021FC03490320BDE808
:1007F000084000F083B900BF2101000108B508F0EE
:1008000029FC03490220BDE8084000F077B900BF89
:10081000FD00000108B5094B93F82A305BB108F0E0
:1008200059FC0749012000F069F906490020BDE89C
:10083000084000F063B908F02FFCF2E7080A002135
:10084000B9000001D900000102680020014B1A60C4
:10085000704700BF400A0021014B1B68184700BFCA
:10086000400A0021024B1868003818BF0120704769
:10087000400A0021F7B504462D4E071D2C4837606D
:1008800009F084FD0228054606D12949204615F0C5
:1008900005FA284603B0F0BD042842D13378092B6D
:1008A0000AD0262B1ED03146204615F071FAB0F53D
:1008B000817F2DD3722112E005213E2015F0C0F971
:1008C0000028F0D1F37801A93279684643EA02237F
:1008D000ADF8003015F028FE0028CFD053210820B5
:1008E000FFF7A8FD1A213E2015F0AAF90028DAD159
:1008F0007368694601A8C3F30F23ADF804301123D0
:100900008DF8063015F02AFE0028B7D06521E6E7FD
:100910000028B3D0A178207815F092F90028B8D13A
:10092000ACE70828B5D10249204615F0EFF9B0E749
:10093000440A0021074B4FF0FF3141F6FF72C3E933
:10094000001205490022C1E900221F21C3E9021259
:10095000704700BF00000021480B00213F280CD841
:1009600001380B4BC0F3421200F01F0053F8223045
:1009700023FA00F000F001007047FF2806D040384D
:10098000044BC0F3421200F01F00EFE70120704754
:1009900000000021480B0021074B01460068496810
:1009A0001A4603C240F48C221A6041F0107242F4DD
:1009B000FF625A60704700BF000000210246024BF0
:1009C0000068516803C37047480B00210246024B80
:1009D0000068516803C3704708000021431E38288F
:1009E000DBB21FBF064A590903F01F0302EB810265
:1009F0001DBF9068D84000F001000020704700BF84
:100A000000000021014B1860704700BF500B00210F
:100A100010B5FFF78FFF16F04BFB034B04461B6826
:100A200003B19847204610BD500B00210A8870B5CD
:100A300095B2C67CC2F30E020488023602F1180396
:100A40003444C35AA4B233442344013BB3FBF4F30C
:100A500003FB0422438892B29342044B8BBF2B408A
:100A6000AB4313439BB20B8070BD00BF0080FFFF00
:100A70004A1E062A08B50346084604D84FF4D17129
:100A80001520FFF7D7FC094A914202D940F2A31181
:100A9000F6E711B903B1196008BD2BB11B6800223C
:100AA000C3E901211A1D1A600430F5E7FAFFFF7F40
:100AB00010B5114B00EB41041A786389B3FBF2F3D4
:100AC00003FB0223013A1A44B2F5706F0279807871
:100AD00028BF00231A440B18B2FBF0F100FB1121D0
:100AE0005B1AB3FBF0F100FB113313446FEA43438D
:100AF0006FEA5343638110BD540B0021024B03EB9B
:100B000080035960704700BF540B0021034B03EB77
:100B100080035868003818BF01207047540B00212B
:100B20002DE9F04F10F0070A85B0054604D040F2D9
:100B300061111720FFF77EFC534F04464FF0010B65
:100B400007F14C06B146B04657F8043B8DF80BA0B0
:100B50003BB101A898479DF80A30082B01D9E8213C
:100B6000E7E79DF80B1041BB05B131604F4506F139
:100B70000406E9D1002D6ED00022DFF81091122773
:100B8000964689F8002058F827A0013FBAF1000FD7
:100B900054D09AF804609AF802C0FF2E5FD039460C
:100BA0000023481C37D19C44BCF1FF0F3ED90AB149
:100BB00089F800E040F22711BBE79DF80AC04B1D01
:100BC00060465A0004EB4303022838BF0220441E4B
:100BD00040422344BDF808406444CCF1000C03407B
:100BE000013C04EA0C04B4F5803F01D3F821A0E7EE
:100BF00075B19A1A32609170148082F803B09DF832
:100C00000C00107101984FEA104C1081A2F806C038
:100C100004FB0134AAE758F8210028B190F804B089
:100C2000B34504BF80781B180139BAE7DBB2E6454B
:100C30008AF804303CBF5FFA8CFE01227B1CA2D1F3
:100C40000AB189F800E0122640F6FF6A58F82670CB
:100C5000B7B9013EFAD2601B05B0BDE8F08F0023A2
:100C6000E5E707EB410309F101093846A3F80AA0BB
:100C7000FFF71EFF5FFA89F1BB788B42F1D8E8E7F6
:100C80004FF00009F6E700BF580B0021540B00217C
:100C900038B54FF6FF7302460380184B03EB810310
:100CA000186DA8B184780379B3FBF4F104FB113318
:100CB000DBB2194600EB4105B5F90A50002D0EDBF9
:100CC0000131B1FBF4F504FB1511C9B28B42F1D12E
:100CD000002038BD6381BDE8384015F023BE00EB2D
:100CE00041046389C3F30E031380C278002AF1D153
:100CF0004FF4D5711720FFF79DFB00BF540B002167
:100D00001C4B03EB810370B51C6D054644B3030413
:100D100004D54FF4DC711720FFF78CFB0146204609
:100D200015F0E3FDFF28014604D02046BDE87040E1
:100D300015F0F8BDA078B5FBF0F300FB1353DBB260
:100D400019460A1D04EB4206B6F90260002E09DBC3
:100D50000131B1FBF0F200FB1211C9B28B42F0D1AC
:100D6000002070BD8B4201D00023E37004EB4202EF
:100D70005580DAE7540B0021094B03EB8103014650
:100D800010B51C6D204615F0B0FDFF28014604D0BB
:100D90002046BDE8104015F0C5BD002010BD00BFC5
:100DA000540B0021F8B5104B074603EB81030146B5
:100DB0001C6D204615F099FDFF28054611D0E288EC
:100DC000238953EA024606D00146204615F0AAFDC3
:100DD00001463846B04720462946FFF769FE002005
:100DE000F8BD0520FCE700BF540B002138B50E4BC1
:100DF0000446827903EB8203186D08B9052038BDDB
:100E00008278E1799142F9D24B1CE37100EB410306
:100E10005D89B3F90A30002BF3DBA58015F082FD64
:100E200020600020EBE700BF540B002170B50446A2
:100E300010F003000E4603D04E211820FFF7FAFAF7
:100E4000FFF716FE054624B1034831460460FFF75C
:100E50000FFE284670BD00BFF00B00212DE9F14FB9
:100E6000DFF870B01E4607460D46DBF800309046AE
:100E70009DF828A09DF82C901BB960211820FFF741
:100E8000D9FA52460921404615F0AFFB4A4684B2D2
:100E90000921304615F0A9FB81B2DBF8000021449E
:100EA00015F0F7FC386018B9286001B0BDE8F08F84
:100EB00004445346414609222C60386815F058FB1B
:100EC0004B4609223146286801B0BDE8F04F15F0C5
:100ED0004FBB00BFF00B002170B50E46044615F065
:100EE00097FB0546304615F093FB044B2A18214624
:100EF0001868BDE8704015F0F1BC00BFF00B002190
:100F0000024B186808B115F0B8BC7047F00B00210F
:100F10001F2AF8B5044613460ED89200033222F079
:100F20000303B3F5803F2DD2184DACB1A00710D00C
:100F30005F210920FFF77EFAFF2B4FEA420204D916
:100F4000FF339A42A8BF1A46E8E77C2AB8BF7C2242
:100F5000E4E729706C602B8122F00302282301272B
:100F6000120403FB01F06B680025120CEEB2B142D3
:100F700000D8F8BD14B126181F705E60104401350A
:100F80002833F3E74FF0FF30F3E700BFF40B002105
:100F9000154A002170B553681578C8B2854203D848
:100FA000AB210920FFF746FA1C461846013114F818
:100FB000286B0EB92346F0E70021997001241289AD
:100FC000996103F126055C709208D96103F11E0452
:100FD000596824F8022FA54243F8041F1144F8D1A0
:100FE00000234361037070BDF40B00210A4B1B8981
:100FF000B3F5FF7F4FEA930006D25A089B1A9BB2C3
:10100000984238BF18467047B3F5EE6F01D8FF22FB
:10101000F4E740F27263F3E7F40B00214B782DE91B
:10102000F04106460C4602F0040702F0FB05E3B16E
:10103000A5BBFF23A3707B0804EB57073A7D032A67
:1010400002D1022D18BF0133E2180121117503F1FD
:101050000C01002204EB830324F811205B68A270CA
:1010600030463360B280BDE8F081002DE1D101232C
:1010700001F11E028D6120464B7004F1260C1A4BC3
:10108000CD611B8949689B0822F8023F944540F8CE
:10109000041F1944F8D100236361CAE7D1F8048022
:1010A00014220021A018617014F0ACFC0E4B1B89B7
:1010B000B3F5FF7F0FD25A089B1A9BB208EB0301CE
:1010C000C4F804802384A1606284C4F80C80A384E3
:1010D0002161E284ADE7B3F5EE6F4FF0FF02EBD98B
:1010E00040F27263EAE700BFF40B00212DE9F843F8
:1010F00005460C46F7200521914615F076FA061EA6
:1011000021DB1DB906FB04F0BDE8F88315F00307E9
:1011100003D098211920FFF78DF9DFF83080C8F847
:101120001050A8F81460BBB29C42EBD9B8F8145028
:101130004B46D8F810000522F72107FB05000137C0
:1011400015F016FAEFE74FF0FF30DDE7080C00214D
:1011500007B5CDE900230B4603490246081D15F0EB
:101160003FFD03B05DF804FB200C002113B5064CD5
:10117000CDE900230B46024604F1080104F10C00FE
:1011800015F02EFD02B010BD200C0021144B0122E1
:1011900000214FF0FF309A60C3F80012C3F8080333
:1011A000C3F80015C3F804259A60C3F808034FF488
:1011B0008040C3F80015C3F8042503F5805341F6B9
:1011C000F8720849C3F80825C1F88000BFF34F8FB3
:1011D000BFF36F8FC1F88001C3F80825704700BFC7
:1011E00000E0004100E100E08C463422064B00B5EF
:1011F0000CF8032B8E4607CBCEF80300CCF8041076
:10120000CCF808205DF804FB3C0C002110B5154C0F
:1012100010F016F90FF07EF90021636A608C984790
:10122000237E9BB9104B628C93E803000AF0DEF832
:10123000E36A18880AF00EF8636B94F8301094F89B
:1012400031009847002384F8383010BD94E8070037
:1012500004F10C0383E80700044904F1190017F0B6
:101260007FFDDFE7300C0021580C0021E91100015F
:10127000034B93F8383003B97047FFF7C7BF00BF7F
:10128000300C002140F29D41062008B5FFF7D2F84E
:1012900008B5094B93F83820022A07D1DA7A42F0D0
:1012A0000102DA72BDE80840FFF7B0BF40F24F21FB
:1012B0002720FFF7BFF800BF300C002138B5374DAD
:1012C000044695F828300BB1C3070ED4012918D86D
:1012D0002B6C20469847A0B195F8300088B995F856
:1012E000282082B98CB9204638BD6B8F1807EDD500
:1012F000EA6B137803F00303032BE7D1D378022BB7
:10130000E4D1012038BD002CEED195F844400CBB4F
:10131000E86C17F07DFCA0F101002B6DB0FA80F0B5
:10132000400923B395F828206B8F62B19A070AD53C
:10133000EA6B137803F00303032BE2D1D078023871
:1013400018BF012038BD002BDBD1204380F0010005
:10135000C0B238BD95F84530032B10D1EB6BDB786C
:10136000022B18D0A86C15F0D2F90446D0E7B5F8D6
:101370005430002B14BF002000F00100D2E7A86C0D
:1013800015F0C5F904460028C2D108F03FF980F0F5
:101390000100C4B2BCE70024BAE700BF300C002152
:1013A000F8B52A4C0646E56A94F85C3095F8942026
:1013B000E76C03EB820095F87510A765FF2804D150
:1013C0001EB995F874308B4226D00FF0E7FC95F8E3
:1013D0009430002B34D0206E10F04AF994F8283065
:1013E000D5F8F020003B216E626718BF0123D5F8C5
:1013F000F420A06D84F87C30A2670FF051F896B10C
:10140000A88E0FF03FFC002095F8741010F02CFA15
:10141000022384F83830F8BD002ADCD1384610F0B9
:1014200027F90FF077F895F875302A8F033B012BD9
:101430008CBF00202820104480B210F0BBF9DFE7F9
:10144000A06D10F015F90FF065F8D8E7300C002109
:10145000F0B5844C002383B0E56A8DF8053095F82B
:10146000942094F85C3095F8741003EB8203FF2B02
:1014700004D118B995F875308B4202D0FF200FF0D7
:101480008DFC95F88A30032B00F2E780DFE803F04B
:10149000021D837394F88B307348ADF80630A5F8BD
:1014A000643008F08DF8002840F0A8800DF10502A6
:1014B0000DF10601A06C15F0D2F80746E06320B1EB
:1014C00095F8CF30002B00F0AC80684B1F46E363EB
:1014D00095F88B203B78D20003F0030603F0F3036A
:1014E00002F00802032E43EA020395F88C204FEA2B
:1014F000820202F0040243EA02033B705ED0A06C59
:1015000015F005F9002840F0818008F07FF880F0A0
:101510000103E06B1B01DAB23B7823F010031343A5
:101520003B7043781BB195F89330002B51D110F0EC
:101530009FF80EF0EFFF08F0F7FF032E01D100280F
:1015400068D1E88E0FF09EFB95F8751001200125FB
:1015500010F08AF9E06B84F88D5017F059FBE36BBB
:1015600084F838501B7884F8440003F0030384F8AF
:10157000453003B0F0BD3C4808F022F8002862D0A6
:10158000E76BFB781B2B15D1012105F110000FF043
:101590004DFCE76B0EE0B5F864300DF105020DF17E
:1015A0000601A06CADF8063015F059F80746E06367
:1015B00000284DD0012384F88C3089E7FA78022A7C
:1015C0002CD0A06C15F0A3F80301E06BDAB23B78E5
:1015D000A3E7206E10F04CF894F82830D5F8E820F6
:1015E000B3FA83F3E16B62675B09D5F8EC20206EF8
:1015F000A26784F87C300EF017FF9CE70121E76BAF
:1016000085F88510FB781B2BD4D1BEE7E06B102248
:101610003B7882E7012012F03DFC92E73846002239
:101620007BE79DF8053033B1BDF8062001237A70C1
:1016300084F88C304CE7038001218370E06B17F055
:10164000D7FAE76BF0E740F2FB212720FEF7F2FE26
:1016500040F2F1212720FEF7EDFE40F2093127206C
:10166000FEF7E8FE300C00216C0C0021B80C0021C4
:101670002DE9F047414C82B094F83830012B76D1F7
:10168000E66B07465FFA83FA8846304696F8009084
:10169000E56A17F0B9FA304609F0030917F0B0FA15
:1016A000304617F0B5FA95F884307678002B38D1AB
:1016B000B9F1030F48D0002E18BF4FF0020A95F879
:1016C000943085F88AA0F3B1E36A94F8282093F85F
:1016D0007530003A03F1FF3318BF0122DBB284F802
:1016E0007C20D5F8F020032B6267D5F8F420A267A0
:1016F00094F85C2040D822490020CB5C0090012067
:1017000020490EF025FEB8F1010F05D127B9394661
:101710003846FFF7D3FD28B302B0BDE8F047FFF726
:1017200075BD638F0021042043F0040385F8841005
:101730006387636A984794F82830002BB8D0B9F1D2
:10174000030F85F886A0B6D195F88A303BB9638F30
:101750000220E16B43F002036387636A98474FF00E
:10176000030AACE702B0BDE8F047FFF719BE40F24C
:1017700004512720FEF75EFEFFF784FD300C0021A8
:1017800044370201940C002170B50D4B0D4C0E4AEC
:101790001A6094F838301BB1F4212720FEF74AFE76
:1017A00003F0FF0206460D46227609F017FE0121DE
:1017B00004F1880017F01CFAE664256670BD00BFCE
:1017C0006C000021300C0021C4210001074A10B533
:1017D00092F8383013B10C24204610BD03F0FF04FA
:1017E000147609F0FBFD204610BD00BF300C00212F
:1017F000024B012283F88E20704700BF300C00217D
:10180000F0B585B0BE4C02AD85E8030094F8381001
:101810000A98002940F06C81002B18BF002A00F0C4
:101820006781B0FA80F14909002800F061812364E2
:1018300004F12803606384F88E1084F8301084F873
:101840008F1084F8311084F88D1084F88C10618723
:101850006184626295E8030083E80300E56A0FF0A3
:1018600017FB0EF057FE95F97C000FF053FCAE6AA3
:10187000286A0FF055FC30460FF0DEFE95F8A40004
:101880000FF058FC94F82860002E00F0A68017F0A6
:10189000CAFF014695F8752001209C310FF074FDB8
:1018A000984B994E18680FF0CDFED5F8F800D5F892
:1018B000FC10D4F82CC0D5E905239CF87470A26400
:1018C000C4F89030D5F80021D5F804310FC6D5F80A
:1018D0000831D5F80C21C4F87D309CF88E30C6F85C
:1018E0000D20A3F12602012A40F28B809CF88F2064
:1018F000262A00F08680213B012B40F2E580242A35
:1019000000F0C380032F08BF042705F13C063946C9
:10191000304617F0A9FA394616F0E1FDB5F848301F
:10192000024695F875103046934228BF134684F856
:101930008B3017F04EFA95F8751095F894700429CD
:10194000B5F8506008BF032116F0C9FD0FB9043087
:1019500080B2864228BF0646F6B284F8946008F04A
:10196000E3FD002840F0858094F8282084F85C602E
:10197000002A60D195F89330D3B195F874300121E5
:1019800095F87E00013B84F87C10D5F8E8108000C3
:10199000DBB26167C0B2D5F8EC10032BA16700F28F
:1019A000AC805A490092FB22CB5C57490EF0D0FC28
:1019B0000120FFF74DFD0023B5F8880095F8A4201D
:1019C000A360C4E90033AB6F298860802180227155
:1019D0000BB101221A6005B0F0BD17F024FF95F895
:1019E00074204B4B014630464A4E33F8123003F513
:1019F000FA73A6FB036301EB931183310FF0C4FC70
:101A00004EE794F82830002B3AD19CF80A32002B8C
:101A10003FF47BAFFA1ED2B2012A60D9DA1E012A46
:101A20005DD9012B18BF012F0CBF01230023C3F187
:101A30000203DFB269E795F89430B3B1D5F8F0301E
:101A400001206367D5F8F43084F87C00A36795F82B
:101A50007530013BDBB2032B4FD82C493246CB5CAF
:101A60000021009128490EF073FC0120FFF798FC3B
:101A7000A1E708F05FFDB04238BF3046C6B273E759
:101A80009CF8A232002BC5D13FE794F82830002BF8
:101A90003FF438AF9CF86D209CF82E3113405A0764
:101AA0001DD413F001021CD19B077FF52EAFFB1E46
:101AB000DBB2012B13D9A7F10107B7FA87F77F092A
:101AC000C7F10207FFB220E7242ADED094F82830BD
:101AD000002B3FF417AF9CF82E315907E1D50427AE
:101AE00013E7FB1EDBB2022B2CBF174604270CE7C3
:101AF00040F283112720FEF79DFCFFF7C3FB00BFD8
:101B0000300C00216C000021940C002144370201AC
:101B1000D0390201D34D621008B5124B93F838202A
:101B200092B193F8282022B993F83830012B14D1C0
:101B300008BD93F83820022A0AD1DB6AD3F8D8010D
:101B4000BDE808400FF002BEBDE80840FFF75EBBED
:101B500040F231212720FEF76DFC40F22D21272095
:101B6000FEF768FC300C0021FFF750BB014B1876E4
:101B7000704700BF300C0021014B93F88D00704777
:101B8000300C0021044B93F88C0018B993F8230013
:101B9000C0F30010704700BF300C0021024B93F8D7
:101BA0002300C0F3C0007047300C0021014B93F8B4
:101BB0008F007047300C00212DE9F0433F4D83B07A
:101BC00004460F46AE6DD5F82C80304617F01CF851
:101BD000304617F015F8304617F01AF814F00109DE
:101BE000767815D00023A00785F8953036D498F87C
:101BF0008C10D8E93C320131013388F88C1042F165
:101C00000002C8F8F030C8F8F42003B0BDE8F08353
:101C100095F89530032B4CD8DFE803F01E0702023D
:101C2000A3073AD403B0BDE8F083A207FAD52B6D21
:101C3000002B39D0B5F854201846A96D033213F0A3
:101C40004BFF002203463146D5F89000AB6503B048
:101C5000BDE8F04314F09CBDA107E3D52B6D1BB389
:101C6000B5F854201846A96D033213F035FF0DF175
:101C7000020201A9A865D5F8900014F0F4FD0198BE
:101C800014F0D7FD012238603146D5F8900014F0E9
:101C90007FFDB9F1000FC5D0A9E7D5F8900003B0DA
:101CA000BDE8F04314F0DBBD40F2F6412720FEF71B
:101CB000C1FB40F2A2412720FEF7BCFB300C002103
:101CC0002DE9F04FC14C85B0002394F83820E56A27
:101CD000022ACDE9023340F06482A66D07468846A9
:101CE000304696F800B016F08FFF8146304616F069
:101CF00087FF8246304616F08BFF767895F8943051
:101D0000002F50D0002B40F0A081A4F85460002E8A
:101D100040F0AA81002095F88B20638C02F001022C
:101D2000206543F400735245638400F00681D4F8C3
:101D30002CA09AF88A20C2B1022A00F0D781002193
:101D400094F828308AF88A1023B19AF88630002B4C
:101D500040F0BF819AF88530002B40F08E819AF8D0
:101D60008B3001338AF88B30638C95F88C2043F4E8
:101D700000634FF0000A0BF0030B02F001026384D2
:101D80004A4500F0E48008F0CFFBBBF1030F02D11D
:101D9000002840F0538195F89330002B00F0FE802E
:101DA0000026B14626E0002B40F04C8194F88F309D
:101DB000013384F88F30638C43F48063638495F837
:101DC0007530033B012B04D908F0AEFB002800F06E
:101DD0008F80012012F05EF80EF062FF042895F863
:101DE000939000F00D81B9F1000F00F0868000267D
:101DF000B146B24694F82830D5F8E820B3FA83F318
:101E000095F87E0062675B09D5F8EC20800084F8C5
:101E10007C3095F87430C0B2A267013BDBB2032B73
:101E200000F2C4816A4A6B49D35C00220092FB2213
:101E30000EF08EFAB8F1000F07D194F88F10012040
:101E4000FFF73CFA002800F0C9800FF06BFD002E70
:101E500000F010814FF0010903A90320FFF7ACFE49
:101E6000638C5A0607D4636A002140209847638C2C
:101E700043F040036384BAF1000F09D094F828308E
:101E8000002B40F09780B4F809300133A4F80930F2
:101E9000002F47D0B4F805300022013384F88F209A
:101EA000A4F805304C4809F0C3F9029830B114F099
:101EB000C0FCE16A0022027208F0B2FA039B33B15F
:101EC000E16A00221A720C22039808F077FAB9F13D
:101ED000000F2DD1638C1B0607D4636A494680200E
:101EE0009847638C43F08003638405B0BDE8F08FAE
:101EF00095F89330002B7FF47AAFB8F1000F40F0E3
:101F0000928094F88F100120FFF7D8F9002840F054
:101F10008A804FF00009CA460020FFF799FA9FE730
:101F20004FF00109B4F807300133A4F80730B9E7DE
:101F3000FFF76CF905B0BDE8F08F95F88C20BA4634
:101F40000BF0030B02F001024A457FF41CAFBBF11A
:101F5000030FD4F82C9040F0AC8043F48053012060
:101F6000A16D6384638F89F8840043F00103638764
:101F7000636A984799F88C30013389F88C30002EC9
:101F80003FF401AFD9F8F0300133C9F8F030D9F897
:101F9000F43043F10003C9F8F430F4E6B8F1000F6F
:101FA0002AD194F88F100120FFF788F920BB4FF059
:101FB0000009B1E7B4F80530B4F80710B5F8882087
:101FC0000B4313433FF464AF5DE700BF300C0021C7
:101FD00044370201940C0021580C0021002E9BD0A4
:101FE00003A90120FFF7E8FD0020FFF731FA03A95C
:101FF0000220FFF7E1FD33E7B9460FF093FC2FE72E
:102000001B2E7FF6F0AEB9F1000F6CD1B8F1000FC6
:1020100009D194F88F100120FFF750F9824610B9CA
:102020004FF0010978E70FF07DFC638C59063FF50E
:1020300077AF4FF0000A4FF0010914E7012011F0CB
:1020400029FFA8E60EF0CEFAB0E60EF08BFA0028D3
:102050007FF45BAED6B395F88C3003F001034B45AB
:1020600000F09480A4F854603146D4F8900014F045
:102070006FFB50E64FF00109F2E600218AF8851067
:1020800007F0AEFA0021002800F09780638F082047
:1020900043F008036387636A9847DAF8E83001334E
:1020A000CAF8E830DAF8EC3043F10003CAF8EC3053
:1020B00055E6BBF1000F3FF45DAF4EBB99F88C3095
:1020C000013389F88C3008F02FFA64E6A4F85460E4
:1020D00020E6638F10208AF8861043F01003638790
:1020E000636A984736E60026B24683E602A9A06CEA
:1020F00014F0D7FA00285BD0DAF8E8300133CAF8D8
:10210000E830DAF8EC3043F10003CAF8EC3016E6B8
:1021100043F4805399F8949063840EF0C1FD042831
:1021200094F8943007D1B9F1000F0CBF1F221B2285
:10213000934228BF13469E421CD8236D1BB394F8CC
:102140008E90B9F1000F27D108F0EEF995F8936061
:10215000002E7FF44FAEB8F1000F08D194F88F1025
:102160000120FFF7ABF8814600283FF439AF0FF0AC
:10217000D9FB6FE694F83030012043F0100384F867
:10218000303011F087FE08F0CFF904E6012384F81F
:102190003130FFF73BF8A8E6636A0021202098471A
:1021A000F1E740F28B512720FEF744F9FFF76AF878
:1021B00040F23B412720FEF73DF940F252412720F3
:1021C000FEF738F991120001C11C000171160001DF
:1021D0007112000106220B4603F8032BB0F809C068
:1021E000C27AA1F803C09A70704700BF4FF42E71F5
:1021F000322008B5FEF71EF990F8DE2012B902F081
:10220000FF00704710B5363882B00C4604F0D8F99C
:1022100018230420237002B010BD00BF70B5002841
:1022200065D0437A04460D46002B3FD000214089FB
:10223000FEF7A2FD064600285ED0008807F082F96E
:1022400000213088FEF7AEFD00285AD194F8546082
:1022500094F8A6302BB194F8A7301E43002384F8DD
:10226000A630204604F0ACF9B30730D113212B4639
:1022700004F10902293403F8031BD2F800C010321C
:1022800052F80C6C103352F8080C52F8041CA2429D
:1022900043F810CC43F80C6C43F8080C43F8041CCA
:1022A000EBD1117800221970AA7170BD036DD0F8BE
:1022B0000E20C3F80320428AA3F80720437B026D57
:1022C00003F0FD03003B18BF01239370BEE726F027
:1022D000040600222046114684F8546004F04CFFA6
:1022E0000028C3D140F221313220FEF7A3F840F29A
:1022F00001313220FEF79EF840F20D313220FEF718
:1023000099F840F211313220FEF794F8044B002284
:102310001B68A3F8212183F8232183F870207047DC
:10232000C80C002108B507F0BFFD034B18700FF073
:1023300087F8032008BD00BF1000002108B507F092
:10234000B3FD024B024601201A7008BD10000021A7
:1023500038B5114C20686C3003F05EFA656803F004
:102360000BFA63682860186858B103F033FA68B153
:102370000FF07EF900200FF01DFA042263681A7135
:1023800038BD40F2EC413220FEF754F840F2EE4105
:102390003220FEF74FF800BFC80C002108B507F047
:1023A00083FD04490246044B48681A7003F0ACFAF6
:1023B000012008BDC80C002110000021F0B5524CCE
:1023C00000220E4683B02368054641F27070196DF5
:1023D0005A72CA69B1F800C0A3F80AC0A2F57A7CA3
:1023E000844575D94948A0FB0202C2F38F221A84A2
:1023F0008A8C5A84CA8C9A844FF47F42DA844FF6CE
:10240000FF721A85002D49D00121304616F0F5FAE9
:102410003278D209236893F8481009B1002A47D1CD
:10242000002159611983207B082859D003F10E023D
:1024300003F10D0107F074FB00285FD023685A7B7D
:1024400003F11A0742F002025A73002D3AD103F148
:10245000780002683A608288BA8093F95810186D43
:1024600007F0F8FC20682A4916F071FC2368294916
:102470001A6D1088A3F8330003F12A0092F8962011
:1024800083F8352016F06CFC0221206805F01EF858
:1024900020686C3003F0C0F903B0F0BDA068694655
:1024A00016F073F9A36868461A78C2F38012B1E790
:1024B000427902F0C002402AB2D102685A61828891
:1024C0001A83B0E70021304616F097FA2368C0E778
:1024D0001148A0FB0202920902F5506292B286E70F
:1024E00093F87E109A6FB3F87C0059730021C3F8FB
:1024F0000E205882C3F81A10D983AEE741F2044186
:102500003220FDF797FF00BFC80C00215917B7D143
:102510001D220001D5210001D34D621040F29231FD
:10252000322008B5FDF786FF10B504788CB004F0B2
:102530000F0402A9224603F0A9FC07F0B5FC234AC8
:10254000042C107002D003200CB010BD204C039955
:10255000236891F800E093F878C0E645F3D191F84C
:1025600001E093F879C0E645EDD191F802E093F8E7
:102570007AC0E645E7D191F803E093F87BC0E645E1
:10258000E1D191F804E093F87CC0E645DBD191F805
:1025900005C093F87D108C45D5D193F87E309DF819
:1025A00019109942CFD17F280DD04FF07F0C0090A9
:1025B00002A9606882F800C0237C227B03F0D0FB74
:1025C00003200CB010BDFFF7A9FF00BF10000021D1
:1025D000C80C00210E4A536810B5197902290CD98C
:1025E000197908290ED8197952690A4B92680B4457
:1025F000BDE8104052F82330184741F2AD41322077
:10260000FDF718FF41F2AE413220FDF713FF00BF86
:10261000C80C0021FDFFFF3F38B5194D6B681B79D1
:10262000022B28D82B680446027C83F8A4201A4485
:10263000C168996692F8242183F820214268C3F882
:102640008820037A022B0ED00EF022FC0FF0E2F865
:102650000DF0EEFD0B480EF0F5FF0B480EF0ECFF11
:102660000A480EF05DFD637C23B12B685B6E0BB1F5
:1026700001221A6038BD40F6FA013220FDF7DAFE79
:10268000C80C00217800002155555500D6BE898E12
:1026900070B53A4C064663681A79032A41D01A7914
:1026A000042A3ED0226892F8542092073ED1A568B1
:1026B000002D4AD0236893F85430002B3BD03EB114
:1026C000284616F060FAD8B9284616F077FAB8B955
:1026D00063681A79022A3DD91A79082A3FD81979EC
:1026E0006269274B52690B4452F8233098470C28F3
:1026F00026D86369DB68BDE8704053F8203018477E
:1027000063681A79022A2FD91A79082A31D81979D7
:10271000284662691A4B12690B4452F823309847D5
:10272000E5E7186803F056F80546C1E7186803F0B6
:1027300053F80546BCE741F2BB313220FDF77AFE83
:1027400041F2CE313220FDF775FE41F2B531322033
:10275000FDF770FE41F29B313220FDF76BFE41F236
:102760009C313220FDF766FE41F23B313220FDF70D
:1027700061FE41F23C313220FDF75CFEC80C0021C5
:10278000FDFFFF3F70B5154D2C6894F84830EBB154
:102790006FF00043D4E920129A4208BFB1F1FF3F25
:1027A00014D011F0C7F8D4E92023904299410DD3F9
:1027B0002E6896F8483053B907F0ACF9044611F08A
:1027C000B9F8074BE4FB0301C6E9200170BD012005
:1027D00007F062FA0028F9D02E68EDE7C80C002156
:1027E00040420F001B4B2DE9F04793F9008084B065
:1027F000B8F17F0F2CD0184C7F2281460F466668B7
:102800001A703379032B1AD03379062B14BF4FF08B
:10281000010A4FF0030A236803F142050EF040FA63
:1028200000903A462B4649463046CDE9028A257B40
:10283000019503F0B5F828B904B0BDE8F0874FF072
:10284000000AE8E7606804B0BDE8F04703F01CB890
:10285000FFF764FE10000021C80C002138B50546C2
:102860000C4606F0DBFC420704D4A37803F0E00337
:10287000402B0DD006F0D2FC830704D4A37803F0DC
:10288000E003202B04D0237803F03F03242B01D94D
:10289000002038BD0EF00AFA94F900206378002A6F
:1028A000A27802F01F0CB4BF4FF496711E2143EAC8
:1028B0000C2301FB03F3191AB1F5877FE8D3984283
:1028C000E6D80648294623880068A0F8213180F818
:1028D0002321BDE8384003F039BF00BFC80C0021F8
:1028E0002DE9F047334F84B0D7F8048098F80630CC
:1028F000002B4DD03D6804460E4695F8953033B90F
:102900000378002B14BF0223012385F8953098F833
:102910000430062BDAB23FD0072A0CBF4FF0020A70
:102920004FF0010A244B93F90090B9F17F0F3ED08C
:102930007F221A700EF0B4F9009005F1420332467E
:102940004046CDE9029A397B0191214603F028F8EF
:10295000F0B16378DB0618D5A1690220FFF77EFF8E
:10296000E8B100233A6882F896306369DBB15978A0
:10297000C1F3031182F8971059781B7801F00F0109
:1029800043EA0123A2F8983003E0786802F07CFF64
:10299000002004B0BDE8F0874FF0030AC2E7786872
:1029A00002F0B2FFF4E7FF2382F89730F1E7FFF778
:1029B000B5FD00BFC80C00211000002110B5044671
:1029C0008AB007F071FA194A2378107003F00F03E8
:1029D000072B02D001200AB010BD2046694603F043
:1029E000FBFA684603F0E0FB9DF80030002BF1D1C4
:1029F0009DF80130DB07EDD50D4C019922689DF85B
:102A0000110002F1780392F87E2015F01DFC0028D9
:102A1000E0D020680121A03015F096F9FF2168462A
:102A2000FFF75EFF0130C0B2D5E700BF1000002104
:102A3000C80C00212DE9F04304468BB007F034FAAE
:102A4000434A2378107003F00F03082B04D00125AC
:102A500028460BB0BDE8F0836946204603F04EFAE5
:102A60009DF80050002DF2D19DF8013003F00303D2
:102A7000032BECD1374F3E6896F84D308BB396F868
:102A80004E807B7B8BBB4FF0000906F1780396F8F4
:102A90007E2001999DF8110015F0D6FB10B9B9F10F
:102AA000000FD4D096F848203E6896F84190423600
:102AB000002A3CD19DF81200334602994A4601286B
:102AC0001FD015F0C1FB0028C1D038680121A0300B
:102AD00015F03AF97B7B9BBB21460120FFF76EFC8A
:102AE000B6E77B6893F80580CBE715F0F1FB082883
:102AF000C9D0A0EB08093873B9FA89F94FEA591916
:102B0000C3E74E7915F0A0FB80F0010306F0C00684
:102B1000DBB2A6F14006B6FA86F67609002BD2D0D3
:102B2000002ED0D00299404607F0EAF8CBE74046A5
:102B300007F020F90028BDD006464FF00109B9E79B
:102B40000EF068FE0DF074FB00237B73C4E700BF3A
:102B500010000021C80C00212DE9F04FDFF8DCA0A7
:102B600093469846827CDAF8003083B0012A044606
:102B700093F84850894685F001053DD00026374638
:102B80009AF80D203AB393F8542052072DD4636875
:102B9000B3B1DAF804305B79082B18D018460193EA
:102BA00006F0CCFE2843C5B2B7B19AF80F20019BBE
:102BB0006AB315F097FB002307468AF80F300BE045
:102BC000DAF80430186803F043F90028E1D11FB1A6
:102BD0009AF80E1009B300278BF8007089F800608E
:102BE00088F8005003B0BDE8F08F93F84D20002A1C
:102BF000CDD093F84E30CFE78268567906F0C00604
:102C0000A6F14006B6FA86F676093746B8E7A16817
:102C1000184607F075F80746DEE7A06806F098FF4B
:102C200007468AF80D000028D5D015F051FB08287A
:102C3000D1D0DAF804305871CEE700BFC80C0021BB
:102C40002DE9F04F044687B006290AD8DFE801F0E5
:102C5000522E0F0909090400B34D68688379002BCF
:102C600072D10EF0EDFB032007B0BDE8F08F0EF03F
:102C7000E7FBAD4A136893F854108F07F3D0506800
:102C800081790029EFD0A94D95F900107F2900F036
:102C90001C8202912146127B7F2442330192FF2243
:102CA000009202222C7002F0B3FFDCE79E4DA27C62
:102CB00029686868012A91F8483090F806A090F8D1
:102CC000079083F001035BD00027BB4691F854C006
:102CD0001CF0040600F0D78091F84D60002E5AD009
:102CE00091F84E80B8F1080F5BD191F84180002631
:102CF00040466FE08C4DD5E9003093F854205707DB
:102D00001AD5C279002A00F0C680626893F85B1079
:102D100016788E4200F0328193F85620012A00F096
:102D2000518193F84E30082B03D042799A4200F03B
:102D300049810EF085FB68688379002B40F0AF80F5
:102D4000C379002B8FD18CE72B6893F8542096071A
:102D500040F1CF80754A92F900107F2900F0B581CB
:102D6000029121462C7B42330194FF2400947F245E
:102D70001470062202F04CFF002309202B7473E725
:102D8000A268577907F0C007A7F14007B7FA87F79D
:102D90007F09BB469AE790F80580B8F1080F00F06C
:102DA000DD804046049306F0C9FD049B0590BBF10D
:102DB000000F40F0388129685E4691F854C091F8C0
:102DC00041800CF00402404692B3059A43EA020B9C
:102DD0005FFA8BF3626891F85BC092F800E0E64519
:102DE00000F0F3804FF0000B6A685279082A00F077
:102DF000308191F84EC0ACEB0202B2FA82F2520975
:102E00000492002E00F0B680B9F1000F0BD091F8BB
:102E10005630012B00F0D6804E4623B9049B53EA6E
:102E20000B0B40F0CF800EF00BFB2B6893F854C0D7
:102E30001CF0030F3FF417AF0EF002FBBAF1000FC6
:102E40003FF411AF2868A36800F14201A27C90F81A
:102E5000410015F0F9F916B9002800F01481334E3D
:102E600096F900307F2B00F03081029321462B7BB6
:102E70007F240122CDE90083D5E90030347042334C
:102E800002F0C6FEEFE690F80580B8F1080F88D191
:102E900091F84180CCE78379002B3FF4E2AE2B68B8
:102EA00093F85420960743D4D0077FF5DCAE510742
:102EB00000F1E6801D4B93F900207F2A00F0058188
:102EC0007F2002922A7B21461870FF202B680192F6
:102ED000002200904233686802F09AFE03206B687B
:102EE000DA79002A7FF4C0AE9B79002B7FF4BCAE68
:102EF000B7E6D1077FF5B5AE530700F1BE800B4BA7
:102F000093F900207F2A00F0E0807F200292214682
:102F10002A7B1870FF24D5E9003001920622423343
:102F2000009402F075FE9EE6C80C002110000021FE
:102F3000674A92F900107F2900F0C780029121466C
:102F40002C7B42330194FF2400947F2414700022D0
:102F500002F05EFE012309202B74C0E7626891F83D
:102F60005B0092F800C091F8418084452CD0B346B4
:102F700040460496002B6FD1002654E7567893F80C
:102F80005C108E427FF4C8AE967893F85D108E4246
:102F90007FF4C2AED67893F85E108E427FF4BCAE5A
:102FA000167993F85F108E427FF4B6AE517993F89C
:102FB000602091427FF4B0AE617C93F85A20914238
:102FC0007FF4AAAE0A204FE6404692F801E091F85D
:102FD0005CC0E6457FF406AF92F802E091F85DC070
:102FE000E6457FF4FFAE92F803E091F85EC0E64557
:102FF0007FF4F8AE92F804E091F85FC0E6457FF404
:10300000F1AE92F805C091F8602094457FF4EAAEE5
:1030100094F811B091F85A20ABEB0202D2F1000BF8
:103020004BEB020BE0E6A1684046049306F068FE15
:1030300029680646049B91F854C091F841000CF0B1
:103040000402002E3CD040F00208002A7FF4BDAEFE
:10305000EEE600220492D4E64231A368A27C15F089
:10306000F3F8002888D0B9F1000F85D02B6893F8C9
:103070005630012BA6D00026CFE60EF0E1F93EE750
:103080000EF0DEF916E72B6893F85520023A012A74
:103090003FF6E9AD002F3FF4E6AD0D4E96F9002066
:1030A0007F2A12D0029221462A7B7F24686842330D
:1030B0000192FE2200920122347002F0A9FDD2E5B5
:1030C0008046002A7FF481AEB2E6FFF727FA00BF00
:1030D0001000002108B5054B586802F0D5FB06F03A
:1030E000E3FE034B024601201A7008BDC80C002104
:1030F000100000212DE9F843724D00220746894651
:10310000AB68D5F8008018461A800EF0E9FA00285E
:1031100000F0B180AC68032F0646237800F0B7803A
:1031200023F02F03296843EA491343F00503237072
:10313000222363700B6D1B6AC4F80F300A6D936A0B
:10314000E374180A1B0C2075637592F87EC0108E0C
:10315000D36ABCF1000F40F0A280DFF86CC1ACFB79
:1031600000E0ACFB03C3800A9B0AE375C3F30723AB
:10317000A07541F270702376D369A3F57A7C8445FB
:1031800040F298805048A0FB0303C3F38F23002034
:1031900063F307001B0A63F30F20938C63F317405C
:1031A0001B0A63F31F60C4F81900D38C63771B0AF2
:1031B000A377D2F89730C4F81F3092F89B3094F878
:1031C000242084F823300B6D22F01F0293F8A230E4
:1031D00003F01F03134384F8243006F045F894F8F5
:1031E000243003F01F0343EA401384F82430AC6812
:1031F000D8F878302046C4F80930B8F87C30A4F804
:103200000D3098F87E1015F0D4FA2B6893F848200A
:1032100003F1420993F84180A2B393F85420520776
:1032200032D593F84D207AB393F84E0006F0A2FD04
:10323000044638B34FF0010823684146A868C0F837
:103240000330A388A0F8073015F0A6FA1F4BD3F877
:10325000043173B9052F12D12B68304621681A6DDD
:10326000C2F80A10A188D1811B6D83F80980BDE8DE
:10327000F8830EF0E5F80026032007F0BFF830468B
:10328000BDE8F8834C46D7E76B685879CEE723F062
:103290000F0343F0030323700C236370A8E7DFF8E8
:1032A00030C0ACFB00E0ACFB033CC0F347104FEA7E
:1032B0005C135AE70748A0FB03039B0903F550631F
:1032C0009BB264E7C80C00215917B7D100800041B8
:1032D0001F85EB51D34D621038B5154C236893F818
:1032E00054309B0718D1A568E5B12368FF2093F8F7
:1032F00020110DF053FD28460EF0BAF9236893F81B
:103300002031033B012B94BF282000200EF052FAFD
:10331000072263681A7138BD6368186802F05CFAA6
:103320000546E1E740F213513220FDF783F800BF74
:10333000C80C002138B51E4C0E20236893F82011CC
:103340000DF02CFD236893F854309B0724D1A56819
:1033500045B328460EF08CF9236893F82031033BDF
:10336000012B94BF282000200EF024FA2368681D4A
:1033700093F8205106F01AFC607348B1033D012D0B
:103380008CBF502555250CF037FF28460EF036FA35
:10339000636808221A7138BD6368186802F01CFA65
:1033A0000546D5E74FF4A0613220FDF743F800BF92
:1033B000C80C002170B50D4D0222D5E900031A7129
:1033C00003F002FF00B170BD2E68044606F16C00E8
:1033D00002F09AFA2868A6F8214186F8234186F877
:1033E0007040BDE8704004F047B800BFC80C002131
:1033F00010B50A4C06F058FD094A637B10701BB9E2
:103400000EF01EF8032010BD0EF004FA0CF010FFB1
:10341000002363730EF014F8032010BDC80C0021C4
:103420001000002170B52D4C0546236893F8232128
:103430005F2A2CD851092A4A565C93F8210100F0E2
:103440003F000DF077FE236893F958000DF062FEFF
:10345000FDB1236832460120996E0DF095FF236877
:10346000314693F89630022B14BFFF2040200DF018
:1034700095FC236893F85420920710D193F8953067
:10348000A568B3B12846BDE870400EF0F1B800263B
:10349000D3E73246AA2101200DF076FFDFE763680B
:1034A000186802F099F92368054693F89530002BC7
:1034B000E8D1681D06F07AFB60730028E2D0042E84
:1034C00014BF502455240CF097FE20460EF096F9B8
:1034D0002846BDE870400EF0CBB800BFC80C0021F4
:1034E00048370201F0B52E4C83B00646236893F8A6
:1034F00023215F2A30D851092A4A575C9A6E7ABB39
:10350000D3F888000EF022F9256895F854309A0710
:1035100003D595F89620022A33D05B072DD4636833
:10352000186816BB02F094FC63680646186802F03F
:1035300095FC024605F19A002568314695F89630CB
:1035400095F82051009502F0D9FD2268002382F8F9
:103550002071A37303B0F0BD9A6E0027002ACFD06C
:103560000120FFF75FFF2368CAE702F083FC0146F2
:1035700005F19A0002F0B6FDE7E795F89630012BC9
:10358000CDD1042F05D0394600200EF06DF9256805
:10359000C5E795F85930012B0CBF03210421F3E74F
:1035A000C80C00214837020110B50B4C637B63B98E
:1035B000A1680020FEF702FF23680022A3F8212162
:1035C00083F8232183F8702010BD0EF023F90CF04E
:1035D0002FFE00236373EBE7C80C002110B50E4CDF
:1035E000637B8BB920680121626800231171024658
:1035F000A0F821316C3082F8233102F00DF92068F7
:10360000BDE8104003F038BF0EF004F90CF010FED6
:1036100000236373E6E700BFC80C002107292DE9EA
:10362000F04F044687B00D461646406852D1002838
:1036300008BF002A0CBF4FF0010A4FF0000A72D0F9
:10364000002800F0D580627C012A00F0B180AB4FE9
:103650007B685879082848D00DF10F0104AA06F0BC
:103660005FFA002800F05E8104A99DF80F0016F0B3
:10367000BCF88246D7E9000890F8543013F00302F2
:1036800040F088805B0788F8062043D4002388F840
:1036900007309B4B1B6833B131462046984788F86A
:1036A0000800D7F80480636843B1617C3A6882F807
:1036B0007E10196891679B88A2F87C3098F80830D2
:1036C000002B00F03481A06808B1072D4FD007B05F
:1036D000BDE8F08F002800F08880627C874F012AC7
:1036E00079684FD048790828B6D16168607C16F0B7
:1036F0007CF87A68824661680532607C06F046F99B
:10370000D7F8048003460028B4D1A8F8060088F84A
:103710000800D8E7062D90F84D9000F2B28049EAF3
:103720000A00C3B2B3E7754FD7E9001091F85430DF
:1037300013F0030218BF012213F00403827105D0B5
:103740002378A3F10103B3FA83F35B09C37191F802
:103750009430002BBBD03B68D3F89000503016F06B
:103760004EF80028B3D17B6801221A72AFE798F8AF
:1037700005100829ABD0002BA9D006F007FA0123C9
:10378000FB73A4E7437903F0C003402BAAD17B7BF2
:10379000FBB9A7E7062D90F84C904FD849EA0A09E3
:1037A0005A0788F806907FF571AF90F84D90B6E70C
:1037B000427902F0C002402A7FF449AF4F4F7A7B32
:1037C000002A3FF445AF26B93A6892F82011012942
:1037D00060D0D7F8048014F07BFD7B6888F8050082
:1037E000587901233873BB7334E78246434F41E76E
:1037F000424FD7E9000890F854309A0745D1D14696
:1038000013F0040388F806903FF441AF90F84D9010
:10381000311E98F807B018BF0121BBF1010F02D08B
:1038200000297FF433AF6368002B7FF478AF002E5C
:103830003DD16378D9063AD5012328E7082D03D96D
:10384000002388F8063021E798F806B0311E18BF2B
:103850000121BBF1010F0DD061B14FF0000913F050
:10386000040388F806903FF412AF90F84D9098F852
:1038700007B0D2E762689AB149EA0A095FFA89F9A2
:10388000BEE7082D3FF602AFC2E790F84C9098F8DB
:1038900006B0DBE706F05CF97873002899D1D7E62B
:1038A000A6B96278D20611D54FF00109D7E7D8F84A
:1038B000000002F0CDFA10B1BBF1000F02D1B9F156
:1038C000000F14D0D7F804800123E0E6D8F80000F8
:1038D000019102F0BDFA1BEA000001991CD1B9F177
:1038E000000F0FD0D7E9000890F85430B7E706F082
:1038F00047F8D7F804800346C9E600BFC80C00218A
:1039000074000021019106F03BF881460199D7E946
:10391000000890F85430A2E78146D7E9000890F8F3
:1039200054309CE740F6A7313220FCF783FDB8F80D
:103930000630003B18BF0123C5E600BF70B5194E25
:103940008AB0054606F0B0FA3368174A93F8543047
:10395000107013F0060F16D12C782846694604F033
:103960000F04224602F092FA214600226846FFF731
:1039700055FE21466846FFF763F9737B044643B959
:1039800020460AB070BD0122962100200DF012FDE4
:10399000E2E70DF03FFF0CF04BFC00232046737371
:1039A0000AB070BDC80C00211000002110B5104CE9
:1039B00006F07AFA0F4A637B10708BB920680121F8
:1039C0006268002311710246A0F821316C3082F840
:1039D000233101F021FF2068BDE8104003F04CBD09
:1039E0000DF018FF0CF024FC00236373E6E700BF22
:1039F000C80C00211000002110B50F4C606801F0C8
:103A000083FF637B8BB920680121626800231171F9
:103A10000246A0F821316C3082F8233101F0FCFE1F
:103A20002068BDE8104003F027BD0DF0F3FE0CF058
:103A3000FFFB00236373E6E7C80C002110B5114CAF
:103A4000606801F061FF06F02FFA0F4A637B107087
:103A50008BB9206801216268002311710246A0F829
:103A600021316C3082F8233101F0D6FE2068BDE8A8
:103A7000104003F001BD0DF0CDFE0CF0D9FB00238A
:103A80006373E6E7C80C00211000002110B5134C49
:103A900006F00AFA124A00212368107003F1A00010
:103AA00014F052F9637B8BB920680121626800230E
:103AB00011710246A0F821316C3082F8233101F0F7
:103AC000ABFE2068BDE8104003F0D6BC0DF0A2FEAE
:103AD0000CF0AEFB00236373E6E700BFC80C0021C7
:103AE0001000002110B5144C606801F0CDFE06F006
:103AF000DBF9024620680021104BA0301A7014F048
:103B000023F9637B8BB9206801216268002311715E
:103B10000246A0F821316C3082F8233101F07CFE9E
:103B20002068BDE8104003F0A7BC0DF073FE0CF058
:103B30007FFB00236373E6E7C80C0021100000211F
:103B400010B500210320164CFFF7D4FA20B1032151
:103B5000206802F0FBFD98B9637BCBB92068012196
:103B60006268002311710246A0F821316C3082F89E
:103B7000233101F051FE2068BDE8104003F07CBC09
:103B8000012108460DF070FE092263681A7110BD0C
:103B90000DF040FE0CF04CFB00236373DEE700BF2A
:103BA000C80C002110B51C4C0C220121D4E90003E3
:103BB0001A7103F08BFC00210520FFF79BFA20B15E
:103BC0000621206802F0C2FD98B9637BEBB920683A
:103BD00001216268002311710246A0F821316C3086
:103BE00082F8233101F018FE2068BDE8104003F090
:103BF00043BC2368012093F820110DF035FE2368A3
:103C000001221B6D83F8962010BD0DF003FE0CF011
:103C10000FFB00236373DAE7C80C002170B5244C56
:103C2000236893F823215F2A29D85109214A565C39
:103C30009A6E42BBD3F888000DF088FD256895F890
:103C400054309A0703D595F89620022A20D05B07B6
:103C500003D595F89630012B1AD06368186802F0E6
:103C600009F9014605F19A0002F03CFA0022D4E974
:103C70000013A273062281F820611A7170BD9A6E3A
:103C80000026002AD6D00120FFF7CCFB2368D1E71D
:103C9000042E05D0314600200DF0E6FD2568DCE756
:103CA00095F85930012B0CBF03210421F3E700BF25
:103CB000C80C00214837020138B5234C63681868E6
:103CC00001F088FD00283AD063680A2205460021E9
:103CD0001A71206803F0FAFB22682B780520126D18
:103CE00092F8965005EA531505F001052946FFF7AD
:103CF00001FA48B10421206802F028FD20B12368B0
:103D00001B6D83F8965038BD637B8BB92068012109
:103D10006268002311710246A0F821316C3082F8EC
:103D2000233101F079FD2068BDE8384003F0A4BBE1
:103D30000DF070FD0CF07CFA00236373E6E74FF49E
:103D4000AB613220FCF776FBC80C002138B5174C6C
:103D50000521206802F0FAFC48B12368012093F89D
:103D600020110DF081FD0B2263681A7138BD0546E4
:103D7000606801F0C9FD637B8BB92068012162682E
:103D8000002311710246A0F821316C3082F82331F2
:103D900001F042FD2068BDE8384003F06DBB0DF036
:103DA00039FD0CF045FA6573E7E700BFC80C002148
:103DB000F0B52B4C83B0236893F823215F2A37D8C2
:103DC0005109284A575C9A6E002A35D1D3F88800E9
:103DD0000DF0BCFC256895F854309A0703D595F88A
:103DE0009620022A2DD05B0703D595F89630012B3B
:103DF00027D06368186802F02BF8636806461868D5
:103E000002F02CF8024605F19A002568314695F833
:103E1000963095F82051009502F070F90022D4E90F
:103E20000013A273052281F820711A7103B0F0BD4E
:103E30009A6E0027002AC9D00120FFF7F3FA236801
:103E4000C4E7042F05D0394600200DF00DFD25688C
:103E5000CFE795F85930012B0CBF03210421F3E77C
:103E6000C80C00214837020110B501291D4C6368B8
:103E700010D178B91A79082A2AD91A790C2A2CD89B
:103E800019796269184B52680B44BDE8104052F82A
:103E900023301847184601F037FD637B8BB9206843
:103EA00001216268002311710246A0F821316C30B3
:103EB00082F8233101F0B0FC2068BDE8104003F027
:103EC000DBBA0DF0A7FC0CF0B3F900236373E6E74F
:103ED00041F27D413220FCF7ADFA41F27E413220C1
:103EE000FCF7A8FAC80C0021F7FFFF3FF0B55A4CC9
:103EF00083B020686C3001F08FFC656801F03CFCF9
:103F0000636828601868002800F09C8001F062FC5B
:103F10000546002800F09B80236893F8A630002B0C
:103F200048D1D4E9000290F8A430034493F82471F6
:103F300080F82071137913B11379012B4BD190F8CC
:103F4000A520464B134418790DF0F4F8236893F834
:103F5000A420134493F82461022E3AD04DD8012EA8
:103F60004ED101F003FC31460CF018FF28460DF04D
:103F70007FFB314601200DF0EBF8012F31D1E81C19
:103F800005F014FE607328B140250CF035F9284681
:103F90000DF034FC62680821002320685171217300
:103FA0000321D3801372E38180F89530237411715B
:103FB00003B0F0BD236893F8542093F8A700196D5F
:103FC0000243C3F8101183F85420002283F8A6207E
:103FD000A7E70D20C7E7002102F0B8FBA8B12068D1
:103FE000ADE7681D05F0E2FD60730028D2D0033F05
:103FF000012F8CBF50255525C7E7F31E012BB0D9E3
:1040000040F2FA713220FCF715FA637B93B920680D
:1040100001216268002311710246A0F821316C3041
:1040200082F8233101F0F8FB206803B0BDE8F040CE
:1040300003F022BA01900DF0EDFB0CF0F9F80198B5
:104040006073E4E740F249413220FCF7F3F940F2B3
:104050004B413220FCF7EEF9C80C00214837020131
:1040600008B505F021FF044B18700DF0E9F9BDE823
:104070000840FFF73BBF00BF1000002110B50C4CFB
:1040800005F012FF0B4A637B10702BB90DF0D8F9C5
:10409000BDE81040FFF72ABF0DF0BCFB0CF0C8F8DC
:1040A000002363730DF0CCF9BDE81040FFF71EBF8D
:1040B000C80C00211000002110B50446FEF7ACFA30
:1040C000237A032B34D01D4A12683BBB92F8A530EB
:1040D0001B49013392F84B00A1FB034C0CF4FF7415
:1040E00004EB5C041B1B40FA03F4E40713D4013314
:1040F000A1FB034C2CF0010404EB5C041B1B40FAF5
:1041000003F4E00707D40133A1FB034121F00104CC
:1041100004EB51015B1ADBB282F8A53092F958002A
:104120000CF0F8FFFFF7E2FEBDE81040FEF72ABBF7
:1041300040F629113220FCF77DF900BFC80C0021A0
:10414000ABAAAAAA10B50446FEF766FA237A032B97
:104150004AD0012B51D039D82F4C304A216891F8E0
:10416000A53091F84B000133A2FB03CE0EF4FF7C87
:104170000CEB5E0CA3EB0C0340FA03FC1CF0010FEC
:1041800013D10133A2FB03CE2EF0010C0CEB5E0C1D
:10419000A3EB0C031841C00707D40133A2FB0302B1
:1041A00022F0010000EB52029B1ADBB281F8A5302D
:1041B00091F958000CF0AEFF2368002283F8952097
:1041C000FFF794FEBDE81040FEF7DCBA023B012B7E
:1041D00009D8114C236893F8950088B9FFF782F944
:1041E000052263681A7110BD0B4B1B68986E70B97D
:1041F000FFF718F9237A012BADD1074C2168D7E7D7
:104200000120FFF76FF9062263681A7110BD40F6AE
:104210003F113220FCF70EF9C80C0021ABAAAAAA64
:104220002DE9F047AE4F86B0D7F8008098F85730A8
:10423000A3B17E680446B379A3B12578012D1AD0C5
:10424000022D5CD055B998F85420910706D0002B68
:1042500040F08980337A002B40F08580032006B03F
:10426000BDE8F087F279002AE7D1327A002AF5D04A
:104270002578012DE4D198F820216378022A00F0F6
:10428000EA8003F01803182BE8D198F854305A0745
:1042900000F1E780934B93F900507F2D00F053819C
:1042A0007F221A700CF0FCFC00210090029508F1AE
:1042B00042030391FF22397B30460191214601F0F0
:1042C0006FFB0028CAD0A1690120FEF7C7FA0028B9
:1042D000C4D001233A6882F896306369002B3ED03F
:1042E0005978C1F3031182F8971059781B7801F0BF
:1042F0000F0143EA0123A2F898300220AFE798F8B3
:1043000054309B07AAD0637803F01803182BA5D16B
:10431000744B93F90090B9F17F0F00F014817F2264
:104320001A700CF0BDFC00220090CDF8089008F146
:104330004203039230463A7B21460192FF2201F06C
:104340002FFB00288AD0A1690120FEF787FA0028F8
:1043500084D03A6882F896506369002BC0D1FF235D
:1043600082F89730C9E7637813F0100FC3F3001693
:104370000CBF012208229A437FF470AF0023A26889
:104380008DF815308DF81630002A00F0A4800DF15C
:1043900017030DF116010DF115022046FEF7DCFBA7
:1043A00039689DF8153091F84190002B40F0C1809C
:1043B0004231A368A27C484613F046FF68B93B68C7
:1043C00093F85530023B012B3FF648AF9DF816306D
:1043D000002B3FF443AF4FF0FE09424B93F90080AE
:1043E000002E00F08180B8F17F0F00F0AC807F22BA
:1043F0001A70D7E9003603F142050CF051FCCDF8F4
:1044000008804A462B460025009030460395397BAC
:104410000191214601F0C4FA00283FF41FAFA169C1
:104420000120FEF71BFA00283FF418AF3B6883F821
:1044300096506269002A00F082805178C1F303111E
:1044400083F897105178127801F00F0142EA0122A7
:10445000A3F8982051E703F01903192B7FF4FEAE5F
:1044600013E763686BB9A368002B7FF4F7AEA36909
:104470009B781F2B24D898F84930002B7FF40AAF83
:10448000ECE608F15B0398F85A2008F1780198F8F7
:104490007E0013F0D9FE7E68D7F80080737998F813
:1044A0005620082B03D098F84E10994244D0012A88
:1044B000D9D0002A7FF4D2AE00283FF4CFAED2E7A5
:1044C00003F0E003402B7FF4E5AE98F84A30002B70
:1044D0007FF4E0AEC2E64FF0FF098DF817207CE7CD
:1044E000C80C002110000021B8F17F0F2BD07E688E
:1044F0007F221A703379032B04D03379062B14BF33
:10450000012503253B6803F1420A0CF0C9FB214653
:10451000009053464A463046CDE902853C7B0194E3
:1045200001F03EFA00283FF499AE786801F0ACF94A
:1045300094E649F0020950E7012A94D98EE6FF2259
:1045400083F89720D9E6FDF7E9FF00BF30B50546AF
:104550008BB005F0A9FC3E4B2C78024669462846F4
:1045600004F00F041A703B4D01F036FD072C2B6848
:104570003DD093F8542012F0060210D1214668462F
:10458000FFF74CF82B6893F82031042B1BD8022B33
:1045900054D903246B7BDBB920460BB030BD93F8B4
:1045A000A420134493F82421012A4CD00022214650
:1045B0006846FFF733F82B6893F82031012B10D0B1
:1045C000023B022BE5D941F236213220FBF732FFC4
:1045D0000DF020F90BF02CFE002320466B730BB07E
:1045E00030BD062C1BD018D90CF02AFFD1E793F868
:1045F0002011684601F028FD002221466846FFF799
:104600000DF82B6893F82031042BDCD8022B0CD941
:104610006846FFF705FE0446BCE7022CE4D82146B5
:104620006846FEF70DFB0446B4E7012BF0D0022BE1
:10463000C9D19DF80030012BABD1E9E7012BD0D0D7
:10464000022BA6D0BFE7962100200CF0B3FEADE709
:1046500010000021C80C00212DE9F04F93B0AD4CA3
:104660000D4608A901F0B8FC206808A99A3001F0AD
:104670006DFD23689DF8201093F89620914205D196
:10468000032D17D09DF82120120766D4606801F031
:104690003BF90125637B1BB9284613B0BDE8F08FB9
:1046A0000DF0B8F80BF0C4FD00232846637313B077
:1046B000BDE8F08F93F89720FF2AE3D108A82A4697
:1046C0000721FEF7ABFF6068C38813B9037A002B9C
:1046D000DDD000230A9F8DF81D308DF81E308DF837
:1046E0001F30002F4AD00DF11F030DF11D020DF1F7
:1046F0001E0108A8FEF730FA23689DF81D8093F884
:1047000041509DF8206045EA48059DF81E90012E15
:104710009DF81F70EDB238D0022E00F0AA80002E56
:10472000B4D1206890F854309E07B2D09DF8213063
:10473000990700F1D180FF2563681B7A33B1764B6E
:104740001B681BB10F9808B111999847294608A812
:10475000FEF7C6F8451CEDB29CE70D9993F897005B
:104760004A78B0EB121F91D1097802F00F02B3F82A
:10477000983041EA02229A4288D19FE79DF8206052
:10478000B946B846FF25012EC6D19DF821302068D4
:1047900003F0090290F89A10092A05D000293FF485
:1047A00078AF1B077FF575AF90F85430D4F804A0AC
:1047B0005A0713D59AF8073083B1002900F00D810C
:1047C0000A9B1BB1B8F1000F00F05B81A03013F021
:1047D000DDFA002840F0B681D4F804A09AF806303B
:1047E000002B3FF456AF276897F854309B073FF4EF
:1047F00050AF9DF8213013F0020300F0CA80B8F1E9
:10480000000F0AD10A9B07F142019DF8322097F868
:10481000410013F019FD00284ED0404B93F9009051
:10482000B9F17F0F00F09481D4F804807F221A70D0
:1048300098F80430032B00F0F28098F80430062B2F
:1048400008BF0326236803F142070CF029FA2A4621
:1048500000903B4608A94046CDE90296257B01958C
:1048600001F09EF800283FF414AF606801F00CF8E6
:104870000FE7266896F854309A073FF40AAFD4F849
:1048800004A09AF80620002A3FF403AF9DF82120E7
:1048900002F0090109297FF4FCAE13F0020B02F0CB
:1048A00002013DD0002900F0BC80B8F1000F40F0BB
:1048B0002181002F40F01281236893F85530023B8C
:1048C000012B3FF6E6AEB9F1000F3FF4E2AEFE2158
:1048D00008A8FDF787FFDCE6B8F1000F7FF42CAFE6
:1048E00000F142010A9B9DF8322090F8410013F03C
:1048F000ABFC00287FF420AF236893F85530023BCF
:10490000012B3FF6C6AEB9F1000F3FF4C2AEFE2553
:1049100012E700BFC80C0021700000211000002128
:10492000002900F0BE80B8F1000F0AD10A9B06F101
:1049300042019DF8322096F8410013F085FC0028D2
:10494000BAD0844B93F90080B8F17F0F00F000815A
:1049500067687F221A703B79032B06D03B79062BC0
:1049600014BF4FF0010B4FF0030B236803F1420615
:104970000CF096F92A460090334608A93846CDE94E
:10498000028B257B019501F00BF800283FF481AEE6
:104990006BE7704A92F900507F2D00F0D9807F219B
:1049A00011709AF80420032A00F096809AF80430D7
:1049B000062B08BF03260CF073F907F142030090A1
:1049C000CDE90256257BFF2208A95046019500F04B
:1049D000E7FF00283FF45DAE47E700F15B0390F886
:1049E0005A2000F1780190F87E0013F02DFC034668
:1049F000D4E9000A9AF8051090F85620082904D046
:104A000090F84EC08C4500F09F80012A3FF4D8AE4C
:104A1000002A7FF4E3AE002B3FF4E0AED0E60026A0
:104A200010E74C4B93F90080B8F17F0F00F09080B5
:104A30007F2203201A70FEF75DFB23680646D4F838
:104A4000049003F142070CF02BF92A46012500904F
:104A50003B46CDF8088008A903954846257B01957B
:104A600000F09EFF002E3FF411AE00283FF40EAE82
:104A70002068A03013F08AF900283FF4F6AE0B2529
:104A800008E6002F3FF4AAAE00F142019DF8322063
:104A900090F8410013F0D8FB00283FF49DAE206849
:104AA00094E62C4B93F900507F2D51D07F221A7041
:104AB0009AF80430032B05D09AF80430062B14BF63
:104AC0000121032105910CF0EBF8059906F1420351
:104AD0000090CDE9025175E71E466CE70A9B06F18E
:104AE00042019DF8322096F8410013F0ADFB0028FA
:104AF0003FF4E2AE174B93F90080B8F17F0F27D057
:104B00007F22002103201A70FEF7F4FA236806467C
:104B1000D4F8049003F142070CF0C2F82A460125AC
:104B200000903B46CDF8088008A903954846257BB0
:104B3000019500F035FF002E3FF44BAF00283FF405
:104B4000A8AD95E70C25A5E5012A7FF639AE45E627
:104B5000FDF7E4FC1000002110B5044605F0A4F9AF
:104B6000094A2378107003F00F03072B05D1204664
:104B70000121BDE81040FFF76FBD044B586800F0FD
:104B8000C3FE012010BD00BF10000021C80C002191
:104B900010B5044605F088F9094A2378107003F02F
:104BA0000F03072B05D120460321BDE81040FFF776
:104BB00053BD044B586800F0A7FE012010BD00BF94
:104BC00010000021C80C002190F83E00003818BFEA
:104BD00001207047007A003818BF0120704700BFDD
:104BE000036D10B583B10222FF21044642721A8878
:104BF0004FF6FF7380F8271003850649428114F0B1
:104C0000A6F80023236510BD4FF456713220FBF740
:104C100011FC00BF1D22000138B50121054600200E
:104C2000FCF7AAF820B3044601F0B8FC02E094F8BF
:104C300070301BB194F87030012BF8D13F22002165
:104C4000204610F0DFFE002340F20111072284F815
:104C5000543084F8A530A4F84C1084F8585084F8E7
:104C60004B20636684F89430C4F8903084F8A63002
:104C700001210846FCF780F8044618B301F08EFCC9
:104C800002E094F870301BB194F87030012BF8D129
:104C90003F220021204610F0B5FE002340F2011112
:104CA000072284F8543084F8A530A4F84C1084F816
:104CB000585084F84B20636684F89430C4F89030E0
:104CC00084F8A630BDE8384000F046BDF8B502468D
:104CD0001C4D0E4600200121AA60FCF711F830B3EC
:104CE0004FF494720021044610F08CFE0121084616
:104CF000FCF706F86F69054680B14FF49472002105
:104D000010F080FEC7B13046FFF786FF204601F065
:104D100027FC2846BDE8F84001F022BC67B13046C8
:104D2000FFF77AFF2046BDE8F84001F019BC40F6D5
:104D300083013220FBF77EFB40F68D013220FBF72A
:104D400079FB00BFC80C0021014B024A5A61704731
:104D5000C80C002168010021014B024A5A617047CA
:104D6000C80C002180010021036810B54BB1074A2F
:104D700003F16C045169C2E900340B68BDE81040CE
:104D8000184740F66E113220FBF754FBC80C002187
:104D900010B50F4C606800F0B7FD637B8BB92068DD
:104DA00001216268002311710246A0F821316C30A4
:104DB00082F8233100F030FD2068BDE8104002F099
:104DC0005BBB0CF027FD0BF033FA00236373E6E7BF
:104DD000C80C002180F84B10704700BF11F0010390
:104DE0001FD04FF0010C0222634680F824C111F05D
:104DF000020F0ED000EB030C490700B54FF0020E76
:104E00008CF824E103D51044042380F824315DF8A4
:104E100004FB4A0704D51844042380F82431704762
:104E200070470122E3E700BF80F85710704700BFCA
:104E300038B590F840C0ACF1020EBEF1010F98BF3A
:104E400000290CBF0124002408D00CF0FD0000381C
:104E5000BDE8384018BF012004F018BC02F0FD0284
:104E600005461946101E18BF012013F027FA08281E
:104E700001D0204638BD95F840C0E6E790F84000E4
:104E800000F0FD00003818BF012004F0FFBB00BF98
:104E900090F8A6303BBB10B5044603F0FF0094F831
:104EA0005430022B07D0012B08BF04290CBF01206E
:104EB000002002D010BD0429FCD1D4F81031A3B9D0
:104EC000236DBBB106F0A2FB216D04F1E80001F0F7
:104ED00097FC06F0A1FB042384F8A730FF2384F895
:104EE000A630012010BD0020704740F6ED113220A1
:104EF000FBF7A0FA40F6EE113220FBF79BFA00BF59
:104F000080F84010704700BF38B5044690F8400064
:104F100000F0FD0004F14201003818BF012084F8C0
:104F2000410004F099FB94F84030023BDBB2012BC6
:104F300094BF0123002384F8483000D938BD04F021
:104F4000E9FD05460EF0F6FC094BE5FB030194F87C
:104F50004830C4E92001002BF0D0002004F09CFE72
:104F60000028EBD140F616213220FBF763FA00BF90
:104F700040420F00B1F1000C4FF0080110B504469B
:104F80000CBF0120002084F856C084F84D0084F83E
:104F90004E1009D102F0FD021946101E18BF012063
:104FA00013F08CF984F84E0010BD00BF08B5A2B113
:104FB00080F85A10D2F800C0036DC0F85BC090F8BA
:104FC00041109288A0F85F205972D0F84220C3F8AF
:104FD0000A20B0F84620DA8108BD40F6342132209C
:104FE000FBF728FA80F84910704700BF80F84A1094
:104FF000704700BFF0B5D0F8C8409DF814E0944267
:1050000003D190F840208A4201D00020F0BD1EF06C
:10501000020190F81D5123D00024A44621462246C7
:1050200011E0314300EB820253F82C600CF10107D0
:105030000134D2F8CC205FFA87FC7632B242E4D158
:10504000E2B2AA4226D8861896F82461F71E012FEC
:10505000E7D80CF1010C41F004015FFA8CFCE1E7A8
:105060000E460A468418013694F82441E71E012FA3
:1050700053F8227088BF214300EB820498BF41F0AF
:105080000401F2B2D4F8CC4004F1760C6745BCD1EF
:10509000AA42E7D90EF00500401AB0FA80F04009A4
:1050A000F0BD00BF90F854305A070ED413F003033C
:1050B00001D11846704790F8550000F0FD00A0F1AE
:1050C0000100B0FA80F04009704790F85600A0F156
:1050D0000100B0FA80F04009704700BF012938B5DF
:1050E000044610D094F8543004F16C059B071AD193
:1050F000284600F091FB0023A4F8213184F82331E5
:1051000084F8703038BD0A4D6B7B002BEAD00CF070
:1051100081FB0BF08DF800236B7304F16C0594F8A0
:1051200054309B07E4D0284600F0EEFBE0E700BFD8
:10513000C80C0021A03012F032BE00BF0149363049
:1051400013F008BEF921000110B50121044600202A
:10515000FBF712FE80B36278034680F85420217872
:1051600011F0010223D1012011F0020F05D003EB51
:10517000020C024602208CF82401490703D51A4488
:10518000042182F82411A27883F84020E17801F00C
:10519000FD0283F85510B2FA82F2520983F84C20CE
:1051A000227983F84B20627983F8572010BD0122C1
:1051B000022083F82421D7E740F6CD213220FBF7E7
:1051C00039F900BF10B504466C3000F09DFB002398
:1051D000A4F8213184F8233184F8703010BD00BF69
:1051E00008B501210020FBF7C7FD28B190F8940015
:1051F000003818BF012008BD40F64C313220FBF7C3
:1052000019F900BF2DE9F04705468CB00E46002085
:105210000121FBF7B1FD002800F075820446A8309B
:1052200001F0D8F9002846D094F85430042B42D02D
:10523000AF6A002F00F05281BD4B9F4263D0043B08
:105240009F4260D003F0A6FF07F13B09804602A908
:10525000484600F0C1FEEB7AB8F1000F00F0BC80C8
:10526000DC0606F10D0100F1F481002F00F0508200
:105270009DF80830022B00F04B8295F83230E52281
:10528000484613F004FC95F832300446484623445F
:1052900085F8323013F0F3FB95F83290A9EB000952
:1052A000B9FA89F94FEA5919B8F1000F31D104F16F
:1052B0001803DBB29FE02046FFF786FC0028B7D139
:1052C0009C4C04F1080604F10C070023AA6A002A8A
:1052D00000F03481A96A0A68B142AA620B704B706F
:1052E0008B70CB70F2D0B942F0D0206811F08AFBFD
:1052F000231DD3E84F3F0133211DDBB2C1E8423FFC
:10530000002AF5D1E1E703F045FF814600286ED081
:105310000024EA7AD10640F1FB815207AB7A697B1F
:1053200003D5EA7EFE2A00F0748104F10A02F370CC
:10533000717102FB03F30322023332707370D5F8EC
:105340000E30C6F806306B8A3473344473812B7E7A
:105350006373EB7A13F0080000F00481754C0423AA
:1053600004F108083371474579D13379022262F399
:105370004613AA6A33716AB1EFF3108272B6AB6A50
:105380001968A962002A00F0C58000221A705A70BC
:105390009A70DA70A5F10801206811F033FB231D23
:1053A000D3E84F3F0133211DDBB2C1E8423F002A61
:1053B000F5D102274FF004088DF804808DF80570B0
:1053C0009DF8042000209DF8053062F3070063F388
:1053D0000F200CB0BDE8F087D80606F11C0100F1E3
:1053E000418127B19DF80830022B7FF446AF182386
:1053F00000244FF0010904223270AA7A02FB03F361
:10540000F27002337370D5F80B20D5F80F30D5F851
:105410001300D5F817107260B360F0603161D5F8F1
:105420001B20D5F81F307261B36195F8148095F890
:1054300015A003F0EDFE08F1FF338A05DBB253D56A
:10544000032B00F269813C4AD35C7373BAF1000FFD
:1054500062D1F476374C04F10808474585D004F151
:105460000C0A574500F08780002F00F0AC80B9F19E
:10547000000F2AD0AB6A63B1EFF3108272B6AB6A49
:105480001968A96202B962B600221A705A709A703D
:10549000DA703946206811F0B5FA231DD3E84F3F82
:1054A0000133211DDBB2C1E8423F002AF5D1AB6ACE
:1054B00085F83220434500F0DF80534500F000813D
:1054C0009DF80830022B00F0BD803379012262F391
:1054D0004613337101274FF004086DE703F05AFEBD
:1054E00005F133098046B2E6032B00F21E81124A11
:1054F00013441B797373BAF1000FAAD00AF1FF3A73
:105500005FFA8AFABAF1030F00F20F81524413795D
:10551000B3739EE762B638E70AF1FF3A5FFA8AFA98
:10552000BAF1030F00F2F88012F80A30B37390E773
:10553000EC0C0021E00C002150370201A5F108011C
:10554000206811F05FFA231DD3E84F3F0133211D7E
:10555000DBB2C1E8423F002AF5D14FF40073ADF849
:1055600004302DE703F00301032949D0580749D53A
:10557000012333716EE7AB6A63B1EFF3108272B649
:10558000AB6A1968A96202B962B600221A705A7031
:105590009A70DA706B7D83BB32794FF0040863F345
:1055A00046123271A5F10801206811F02BFA231D73
:1055B000D3E84F3F0133211DDBB2C1E8423F002A4F
:1055C000F5D10227F8E695F80B8018F010083FF4A3
:1055D000F3AE3379A5F10801206867F34613337100
:1055E00011F010FA231DD3E84F3F0133211DDBB228
:1055F000C1E8423F002AF5D1DBE64FF00008D1E7D1
:10560000307127E7022922D0002940F08A803271C8
:1056100020E7F3701B017171023373701123337033
:1056200001233371D5F80E30C6F806306B8A327319
:105630007381EB69C6F80D302B8CA6F811302B7EE8
:10564000F37407E7337923F06803337142E731716C
:1056500000E79DF8184008460599C146224610F01B
:105660003BFA56E69DF81840084605994FF00109A7
:10567000224610F031FA1AE63379022262F3461319
:10568000AA6A337162B1EFF3108272B6AB6A19681D
:10569000A96202B962B600221A705A709A70DA7062
:1056A000A5F10801206811F0ADF9231DD3E84F3FA3
:1056B0000133211DDBB2C1E8423F002AF5D178E673
:1056C000337962F34613AA6A337162B1EFF3108241
:1056D00072B6AB6A1968A96202B962B600221A7082
:1056E0005A709A70DA70A5F10801206811F08AF9F1
:1056F000231DD3E84F3F0133211DDBB2C1E8423FF8
:10570000002AF5D155E64FF4EF713320FAF792FEF7
:105710005B213320FAF78EFE4FF4E8713320FAF75D
:1057200089FEA2213320FAF785FE4FF4617106202D
:10573000FAF780FE343270B5044692B21E460D462A
:1057400011F028F924B1034B1C601D745E741D71A7
:1057500070BD00BFE00C002110B5034C206811F0B3
:105760003BF9237C237110BDE00C0021014B587CD8
:10577000704700BFE00C002138B5154C206811F0CF
:1057800031F900B30546231DD3E84F3F013B221DED
:10579000DBB2C2E8413F0029F5D105F1080334220C
:1057A0000124184610F02EF9EA7C0346FF2147F643
:1057B000FF7064F346126975E883184685F8231074
:1057C000EA74ED6238BD40F255113320FAF732FE2B
:1057D000E00C00213330704738B50446406A08B108
:1057E0003B3038BD0B4D286811F0FCF8606260B1A9
:1057F0002B1DD3E84F3F013B291DDBB2C1E8423FDF
:10580000002AF5D1606A3B3038BD4FF4B7713320C0
:10581000FAF710FEE00C002138B503684BB39A6A22
:1058200052BB596A054629B301F10800154C834261
:10583000206808BF2A6011F0E5F8231DD3E84F3F28
:105840000133211DDBB2C1E8423F002AF5D12B68AC
:105850007BB1A3F10801206811F0D4F8231DD3E82F
:105860004F3F0133211DDBB2C1E8423F002AF5D191
:105870002A6038BD034CECE740F28B113320FAF775
:10588000D9FD00BFE00C002170B505680646F5B1F2
:105890001B49284613F067FA1A4C0023E360EFF324
:1058A000108272B6AB6A23B3E96A04F10C030B6091
:1058B000EB6202B962B63368596A29B101F1080591
:1058C000AB421AD100236B620023336070BD696A5A
:1058D0000029F9D00B4C206811F094F8231DD3E86F
:1058E0004F3F0133211DDBB2C1E8423F002AF5D111
:1058F000E8E704F10C03AB62DAE71D46EBE700BF13
:1059000005520001E00C002170B50668002E3CD065
:10591000716A0546002939D001F108031E4C9E42E8
:105920000DD0206811F06EF8231DD3E84F3F0133EE
:10593000211DDBB2C1E8423F002AF5D12B680022CD
:1059400072625A7D8AB10022A260EFF3108172B6B2
:105950009A6AF2B1D86A114A0260DA6201B962B693
:105960002846BDE87040FFF78FBFA3F1080120680B
:1059700011F048F8231DD3E84F3F0133211DDBB25E
:10598000C1E8423F002AF5D12A6070BD3346024C7F
:10599000D7E7024A9A62E0E7E00C0021E80C002118
:1059A0002DE9F04704680D4698469DF820109DF8B3
:1059B00024309DF928C09DF82C90002C00F00A811D
:1059C000DFF840A2174606469AF80420002A7FD046
:1059D000626A002A00F0088182F81190EA684AB1F0
:1059E00095F810E0228E724440F2726E724500F318
:1059F000BA802286012284F818C0A272B9F1000F81
:105A000072D061756A691AB15278C2F30312A27535
:105A1000EA6912B15288A4F819202A78E17AA2F131
:105A20000100B0FA80F0400960F30001C8B2E172F1
:105A300011F0020140F08E80022A00F0BE80E07A70
:105A400061F34100C0F34001E072002A14BF00215D
:105A500001F00101E27A61F3C302E272AA68002A4E
:105A600000F08B80E17A41F00401E172296A00299B
:105A70003CD091F90010E1756968002939D0082BF4
:105A800004F10E0200F08F80184604F10D0104F0BD
:105A900047F8002800F0B180637B43F00203637392
:105AA000AA6832BBAA69B9F1000F30D13AB1937834
:105AB000527803F01F0352EA032200F08780636AE2
:105AC000002B00F09580002301206362BDE8F08781
:105AD000B9F1020F5BD03FD8FFF79EFE3368002B71
:105AE0007DD10020BDE8F08721758BE7696800292A
:105AF000C5D1BB1E04F11C01012B4CD91368E36115
:105B000093888B80E776AA69B9F1000FCED0002187
:105B1000636A197059709970D970A16A002950D0C0
:105B2000E16A0B60E36282B19178507801F01F0264
:105B300050EA022009D1A26ACAF80800002A42D01D
:105B4000314A1A600023E26233603049204613F084
:105B50000AF9B4E7012172E7B9F1030F3FD1FFF76A
:105B6000D3FE3368BBE7FFF7CFFE3368002BB8D016
:105B700040F271313320FAF75DFC2A6A12B192F9D2
:105B80000020E2756A68002A7FF479AF8AE7FFF7A0
:105B90007BFE3368A3E7D8F80030E361B8F804303F
:105BA0008B80E776AFE76B7C63736B681968C4F82A
:105BB0000E109B889380AA6873E740F00200E072A1
:105BC00048E7A362AEE7104AA262BBE73046FFF7A0
:105BD00023FE86E740F237313320FAF72BFC4FF4EF
:105BE00055713320FAF726FC40213320FAF722FCC6
:105BF0004FF4D7713320FAF71DFCC1213320FAF797
:105C000019FC00BFE00C0021E80C00210552000146
:105C10002DE9F843504D0F4600260468297998462F
:105C200006609DF820909DF824009DF9283081B9E8
:105C3000A4F10801286810F0E5FE2B1DD3E84F3FC2
:105C40000133291DDBB2C1E8423F002AF5D1BDE88E
:105C5000F8830121C4F80960C4F80D60C4F811602C
:105C6000C4F81560C4F81960C4F81D60A4F8216078
:105C7000A172062A66D8DFE802F02B3239653E654C
:105C80000400E27A22F0120242F01202E27223765B
:105C90000123082804F10E02237547F6FF73E382FF
:105CA00030D004F10D0103F03BFF00284FD0637B9F
:105CB00043F002036373E37A5B072ED4FF23E3769A
:105CC0000023237225492046BDE8F84313F042B86B
:105CD000E27A22F0130242F01302E272D7E7E27A8C
:105CE00022F0150242F01502E272D0E7E27A42F0A9
:105CF0001002E272CBE7E27A22F01A0242F01A02B4
:105D0000E272C4E77B7C63737B681968C4F80E1089
:105D10009B889380E37A5B07D0D5A9F1020304F155
:105D20001C02012B07D9BB681968E1619B8893802D
:105D300084F81B90C4E7D8F80030E361B8F8043069
:105D40009380F5E740F242413320FAF773FBC1211B
:105D50003320FAF76FFB00BFE00C00210552000171
:105D6000F8B5394D8446002610462A790F46DCF8EE
:105D700000409DF91810CCF800607AB9A4F1080130
:105D8000286810F03FFE2B1DD3E84F3F0133291D3B
:105D9000DBB2C1E8423F002AF5D1F8BDC4F8096082
:105DA00041F60125C4F815600122217645EA032554
:105DB000618941F6FF33C4F81160082821F4DF51EE
:105DC00003EA0503227547F6FF7221F01F01C4F8AC
:105DD0000D60E28204F10E0243EA0103C4F8196087
:105DE000C4F81D60A4F82160638115D004F10D0191
:105DF00003F096FE18B3637B43F002036373E37A08
:105E00005B0714D4FF23E376002323720F49204657
:105E1000BDE8F84012F09EBF7B7C63737B68196815
:105E2000C4F80E109B889380E37A5B07EAD5BB68C1
:105E3000FF221968E1619B88E2762384E4E7C121AF
:105E40003320FAF7F7FA00BFE00C002105520001F9
:105E500018B1407BFF3818BF0120704720B1C07EC9
:105E6000FF3818BF0120704740F29741332008B532
:105E7000FAF7E0FA20B1807DFF3818BF01207047A3
:105E800040F29F41332008B5FAF7D4FA70B50C46BA
:105E90001646054612F089FC03462846637412F044
:105EA0008FFC062EA07424D8012303FA06F212F008
:105EB000550F11D0E91C00226370C4E901126B7800
:105EC000063B13F0FF0303D11D462374E56070BD4C
:105ED00009352374E56070BD9E420AD10322AB18D8
:105EE00009356270C4E9013500231D462374E5605D
:105EF00070BD00236370C4E90133F5E738B50C4683
:105F0000C17811F03F0161D0054612F04EFC034606
:105F10002846637412F054FCA0742B796370E878FF
:105F2000830923702B7913F0010146D14FF0050C42
:105F30004FF00B0E6246616013F0020102D005EBD8
:105F40000C017246A160590701D50132D2B213F09B
:105F5000080104D002F1020CA9185FFA8CF2616109
:105F600013F0100104D002F1030CA9185FFA8CF2AF
:105F7000A16113F0200104D002F1120CA9185FFAFC
:105F80008CF213F04003E16102D0AB180132D2B2BF
:105F900000F03F002362031D9B1A13F0FF0114BFA2
:105FA000AB180B4663626B78013B1B1ADBB22374A0
:105FB00053B10A441544E56038BD4FF00B0C691D20
:105FC0004FF0110E6246B6E7E36038BD2046282246
:105FD000BDE838400FF016BD70B5057805F00F0527
:105FE000072D2DD00C46064612F0DFFB0346304647
:105FF000637412F0E5FB0122A07402FA05F313F0BA
:1060000055030CD00023F11C6270C4E901137378AE
:10601000063BDBB223748BB10936E66070BD954256
:1060200008D103212374E360721809366170C4E952
:10603000012670BD63702374C4E90133E36070BD51
:10604000BDE87040FFF75ABF0378012B10B43AD077
:10605000022B0CD093B903394278012902F01004C5
:1060600019D974B964F3C3024461427009E04378FA
:10607000002223F00303C0E9012243700339012900
:1060800017D94378002210BC23F02003C2610274A8
:10609000C2604370704734B122F003024270D206EE
:1060A000C0E9013308D44378002223F00803426199
:1060B00043704378DB06E4D54378002223F04003A5
:1060C00002624370DDE743780022022923F00203D5
:1060D00082604370D5D0DBB2426062F3000343704C
:1060E000CCE700BF0122002340F2011C51400271A5
:1060F000A0F800C0C37043718170704710B4012BC9
:10610000114C9DF804C0C0F802400ED0022B06D0FE
:106110001BB901704270A0F8033010BC7047002218
:10612000012310BC028043717047ACF1020C4FF0A8
:10613000000310BCBCFA8CFC4FEA5C1C6CF3070338
:106140006CF30F23038070470001010003782BB12B
:106150004B78002223F001034A604B7043782BB147
:106160004B78002223F002038A604B7003792BB135
:106170004B78002223F02003CA614B7083782BB147
:106180004B78002223F008034A614B70C3782BB18F
:106190004B78002223F010038A614B70437913B1CE
:1061A00000230B74CB6070474378002223F0220356
:1061B0008260C26143707047D0F81011F0B5D0F81A
:1061C000C86090F81D5189B100210C460B4600EBC8
:1061D00083030131D3F8CC20CBB27632AB421444E6
:1061E000F5D9A6420CBF02200120F0BD8C460F4617
:1061F00000EB81010CF1010CD1F8CC405FFA8CF17D
:1062000004F1760EA9427744F2D90721BE42A6FBDB
:10621000011422D0D0F8C070C919D0F8C47044EB72
:106220000704D0F8CC701DB3D0F8D0C0012D67445E
:1062300007F1EC0703D0D0F8D40076300744BE4213
:1062400005D08A4273EB040416D30120F0BD8A42C4
:1062500073EB040410D20320F0BDD0F8B070C9195C
:10626000D0F8B47044EB0704D0F8CC70002DDBD12B
:106270007637BE42E5D1EAE70220F0BD03280346A7
:1062800007D040F2347240F62450022B08BF10466B
:10629000704741F6F64070474FF46971212008B508
:1062A000FAF7C8F870B50446FF2380F8153190F866
:1062B00017010DF08FFC94F817010DF0B3FD94F861
:1062C0001E010DF087FC94F81E010DF0ABFD0021BE
:1062D0002046FEF703FF94F816313BB1D4F808319D
:1062E00053B104F1E80005F06FF909E0D4F81001AA
:1062F00010B1D4F808311BB304F1E80005F0F4F84C
:10630000002384F8153194F8165115F0FF0518BFD5
:106310000C2584F81631C4F8103184F8143194F83F
:1063200017010DF021FB80B1202694F81E0184F89E
:1063300017610DF019FB68B1284684F81E6170BD25
:1063400000F5E47005F0D0F8D6E740F2F9212120FD
:10635000FAF770F840F2FD212120FAF76BF800BF40
:10636000022910B52AD013D8012934D10446084691
:106370000BF010FE4AF2A133194A0344D4F810116D
:10638000A2FB0320800900F5257001B1400010BD7B
:10639000CB1E012B1FD840F2DA3340F2AC74084612
:1063A000042918BF1C460BF0F5FD4AF2A1330C4A34
:1063B0000344A2FB032304EB931010BD08460BF02B
:1063C000E9FD4AF2A133064A0344A2FB03208009F7
:1063D00000F5BE7010BDFD219E20FAF72BF800BF1E
:1063E000D34D62102DE9F04104460DF0A3FA0546A5
:1063F0000E46D4F81021D4F8C8E094F81D71002A94
:1064000053D04FF0000C6046634604EB83030CF15D
:10641000010CD3F8CC205FFA8CF37632BB421044E7
:10642000F3D986450CBF0227012738460DF0F0FC52
:106430003F2837D9411CD4E9363266D0C118914281
:1064400028BFD01AD4F8A830D4F8AC205B1B62EB7C
:106450000602012B72F100015EDB0021984291419E
:106460006BDA41F28836864228BF0646C5F19005B0
:106470000DF060FA0544B54214D8394630460DF0A7
:1064800017FC78B9D4F8D830D4E9372133447018E0
:106490009342C4F8D830C4F8E00055D0BDE8F041CC
:1064A0000DF0E6BB0020BDE8F0811046134604EB7A
:1064B00083030132D3F8CC10D3B27631BB42084407
:1064C000F5D907238645D4E92C1CAEFB03382ED022
:1064D000D4F8C0209B18D4F8C42048EB0208D4F8A4
:1064E000CC20DFB1D4F8D000012F024402F1EC023D
:1064F00003D0D4F8D40076300244964511D09942A6
:106500007CEB080817D301278FE7D61A41F28833AE
:106510009E4228BF1E46A9E70026A7E77632964589
:10652000EDD199427CEB080805D203277DE7CB1813
:106530004CEB0808D3E7022777E741F28832934211
:1065400028BF13461E4691E7D4E93A23C4E9302315
:10655000A4E700BF014B1870704700BF1100002175
:106560000D4B002141F6690210B519601B6893427A
:106570000CD8044690F8143123B190F814310BB1C3
:10658000FFF790FE0023A4F80C3110BD40F66E0119
:106590002120F9F74FFF00BFF40C002110B504468D
:1065A00090F8143113B190F814311BB90023A4F8FA
:1065B0000C3110BDFFF776FE0023A4F80C3110BD9E
:1065C00090F8143103F0FF020BB910467047FFF743
:1065D00069BE00BF90F86C00003818BF01207047FA
:1065E000F0B585B090F81421002A40F09A8002F0AE
:1065F000FF030A7802F0020402F0040512F001021F
:106600000393CDE9013320D08E680196002C6FD121
:10661000002D73D00B6914460122763E029380F858
:106620001D214B68C0E93236C0F8F83040F27123C2
:10663000A0F8FC303DB10DEB840300EB84045B68F3
:10664000763BC4F8CC3005B0F0BD7CB9002D63D0EA
:106650000D6940F2712280F81D414B680195A0F848
:10666000FC20C0F8C830C0F8F830E4E74FF0010C67
:106670009646674604AE06EB8E0ECE684EF80C6C5E
:106680000DBB40F2712480F81D214B68A0F8FC403E
:10669000C0F8C830C0F8F8302AB9019B763BC0F882
:1066A000CC3005B0F0BD019B763BC0F8CC30012367
:1066B0000DEB83025C1C00EB83035268E4B2763A74
:1066C000C3F8CC20B6E70E690DEB8C0C80F81D7179
:1066D0004968CCF80460C0F8C810C0F8F81040F25F
:1066E0007121A0F8FC10002ADDD1002CA3D0DFE737
:1066F0004FF0020C4FF0010E6746BBE740F27122EB
:10670000763E80F81D514B68A0F8FC20C0F8F830A8
:10671000C0E9323605B0F0BD4FF434712120F9F7ED
:1067200089FE40F2B7212120F9F784FED0F810212C
:1067300042B190F8143103F0FF020BB910467047D4
:10674000FFF7B0BD0C221046704700BF70B590F83F
:10675000153113B10026304670BD04460D460DF0CC
:10676000E9F894F82031062D45D8DFE805F0290432
:106770000407310404000126304670BD033B012BA1
:106780008CBF4FF457724FF46172D4F8B010D4F844
:10679000D830401AA3F58E738518AB428CBF012602
:1067A0000026D8D82046FFF71DFE0028D3D0D4F805
:1067B000D860A6F58E76B5422CBF00260126CAE722
:1067C000022B12D007D8012B11D14FF40472DCE751
:1067D0004FF40272D9E7DA1E012A08D8042B40F2DE
:1067E000563208BF4FF4E562CFE7F822CDE7FD212E
:1067F0009E20F9F71FFE40F246312120F9F71AFEDC
:10680000F8B50E4605460021D6F8D00106F5E47726
:1068100004F0C0FEA84204460BD00146384604F0FE
:1068200081FE00232B628CB900220023C6E972236B
:10683000F8BDD6F8D03182689A4217D2826912B375
:106840000146384604F06EFE0023236204F0EAFE9F
:10685000E8B1A168B4F92400D4E900325B18A6F8C5
:10686000EC0142F10002C6E97232F8BDC569076267
:10687000002DD9D004F0D6FE48B1A968B5F924009E
:10688000D5E90032EAE7C56907628360F0E740F2C4
:1068900053712120F9F7CEFD2DE9F04F91B0044658
:1068A0001D460E46BDF86830039207930DF042F87E
:1068B000D4F8CCA0804604910AF1760094F81D111A
:1068C000834651B1012304EB83020133D2F8CC207B
:1068D000DBB276328B429344F5D9D4F8C890D945CF
:1068E0004BD1002D49D094F81431002B40F0BF80DB
:1068F000039B002B40F072826FF00043D4E92A1210
:106900009A4208BFB1F1FF3F00F0CC8194F81C31EE
:106910002046234493F82411FFF722FD039B0546EC
:106920000B908DF8283018F5B3730AA80E93049BCA
:1069300043F100030F930223ADF830300DF070F9EE
:10694000002800F098820E9AD4F8A8300F999B1A6C
:10695000D4F8AC2062EB01025B1B62F10003002B58
:1069600080F2A081DDF80CA001234546049FD346A8
:10697000CDF814A0CDE9063A0EE1039B002B40F0C0
:10698000AC80D4E93A37A8EB0302B2FBF9F209FB79
:1069900002F2002D76D19D1808F5B373A3EB050321
:1069A00047F10007994594BFA3EB090999460029CF
:1069B00000F049828145C0F02882A9EB0A09012232
:1069C000A9F17609012914D0D4F8D00000F1760C91
:1069D000CC4505D8A9EB00000132A0F17609D2B26E
:1069E000022906D0D4F8D41001F17600814580F058
:1069F0002182A1189346204691F82411CDE9053251
:106A0000FFF7AEFC484404EB8B01D1F8CCA08245E3
:106A1000DDE90532C0F0E781AAEB090ABAF1000FFF
:106A2000C0F224825D19D4F8E800D4F8B03047F100
:106A30000007D4F8EC101B1A00F11682D4F8C82015
:106A4000B3FBF2F302FB03F31B1841F10001C4E9AD
:106A50003A31EB1A00F108829342B3FBF2F134BFF2
:106A600000230123079105930023069394E0B4F9D2
:106A70000C31002B3FF43CAF039B73BBD4F8C890A0
:106A8000D4E93A37A8EB030513EB09024FF0000BEA
:106A900047F10007B5FBF9F509FB05F5AD18A5EBC6
:106AA000080247F10007B2F5B37F80F00481D4F803
:106AB000B820D21AB2FBF9F209FB0233EB1A19EB38
:106AC0000505B3FBF9F247F100074B45079234BFC8
:106AD00000230123CDE9053B5EE001210023CDE940
:106AE000051318F5FA65049B43F1000704F08EFDC9
:106AF00004F046FD034604F1E8001946CDE90830EC
:106B000004F010FDD4F81011089B19B10998FFF793
:106B100077FE089B002B00F07A81B3F92420D94539
:106B20009868A4F80C211A680CBFD4F8F090D4F837
:106B3000C890801859684A4641F10001CDE90057D4
:106B400012F07FFE81458346C0F08981451947F1E7
:106B5000000704F061FD079BD4F8C810002B00F07B
:106B60009C809AB242F2107C28463B46E2FB0C0322
:106B7000C4E92A0301F2CF735B444FF0000BB3FB6F
:106B8000F1F301FB03F3EB1AC4F8E83067F10003FB
:106B9000C4F8EC300123079304EB0B03204693F871
:106BA0002411FFF7DDFBD4F8A83081465A1BD4F836
:106BB000AC3063EB0703012A73F10001C0F2EC80F3
:106BC00000219245994100DB924604EB8B0BDBF8E8
:106BD000CC30534528BF5346C4F8DC30059B002B0E
:106BE00040F09880039B2BB1D4E93A03C4E9300309
:106BF000C4E92C574FF0000A3B46C4F8D8902A4607
:106C00002046C4E92E5786F809A0FFF7D5FA069B5F
:106C10003072C6F80490002B00F0B980012304996B
:106C20003370D4F8A830D4F8AC20B3EB080362EB8F
:106C30000102012B72F10001C0F2CC809048984211
:106C40007AEB020200DB1846D4F81021D4F8C850C1
:106C5000002A00F0A4804FF0FF331F4698450499A6
:106C600071EB07020FD2B3EB08034FF0000267EBA2
:106C700001076FF001019942BA41C0F0AD8098421E
:106C800028BF184605463561D4F8DC00484534BFB6
:106C90000020012011B0BDE8F08F4FF0FF306FF001
:106CA000004365E7002301224546049F9B46059368
:106CB0000692079370E794F824112046FFF750FBE3
:106CC000D4F8E820D4F8B830D4F8C8509B1A0B9008
:106CD00020468DF828B08DF831B0B3FBF5F305FBF5
:106CE00003F39A18D4F8EC3043F100030E920F939B
:106CF000FFF762FA29468DF830000AA811F0BFFBB1
:106D0000031E079018BF0123CDF818B0DDE90E5718
:106D1000059341E7079BB4F90C01590089B212F0C1
:106D200022F9B4F80C21D4F81011C317121A12B2B8
:106D3000A4F80C2161B1A1F8EC21D1F8C8211218F6
:106D4000C1F8C821D1F8CC2143EB0202C1F8CC2113
:106D5000D4F8E8202D1843EB07078018D4F8EC206E
:106D6000C4F8E80043EB0203039AC4F8EC30002AAD
:106D70007FF43CAFC4F8D8903B462046C4E92E5778
:106D800072722A46FFF718FAC6F804903072002390
:106D9000C6E90457337077E74FF0000A15E794F817
:106DA0001D711146134604EB83030132D3F8CC3036
:106DB00076331944D3B29F42F5D207238D42A5FB07
:106DC000033726D0D4F8C0209B18D4F8C42047EB52
:106DD000020743E7504637E7054654E70022012300
:106DE000CDE905237DE694F81D01D4F8C810904242
:106DF00017D901328B42D2B227D204EB82039346D9
:106E0000D3F8CCA00AF1760308E60022DAE59B4627
:106E10009FE6D4F8B0209B18D4F8B42047EB0207C3
:106E20001CE78B420DD3B3EB410F4FEA410211D265
:106E30001346F3E5A9EB01010132A1F17609D2B2C3
:106E4000D7E50B46EAE50A46D3E540F24241212068
:106E5000F9F7F0FA40F25F412120F9F7EBFA40F23E
:106E600067312120F9F7E6FAFFF716FA4FF48D6142
:106E70002120F9F7DFFA4FF496612120F9F7DAFAC9
:106E80000040420FF0B5044689B0072900F2A980FE
:106E9000DFE801F03D07090925A72AA22046FEF7F1
:106EA0004DF909B0F0BDB0F82231C3F30C03002B4B
:106EB00040F08F800022012302A920460092FFF7B4
:106EC000EBFC0028EAD002A994F817010CF0F6FDBB
:106ED0000028E6D140F287712120F9F7ABFA09B01A
:106EE000BDE8F0400AF03ABD90F8153153B9B0F85A
:106EF0002231C3F30C03002B65D090F82031033B03
:106F0000012B79D909B0BDE8F040FDF741BF90F8F9
:106F1000153103F0FF054BB10121FEF7DFF80AF050
:106F20001FFB09B0BDE8F0400CF008BD0CF098FF65
:106F3000D4F8E830B0EB030CC4E92C017ED494F80B
:106F40001D61D4F8C87002940595002E74D02946AE
:106F5000BCFBF7F207FB02332A46C01A2B4604EBB0
:106F60008303D3F8CC3003F1760E864503D8763808
:106F70000131C01AC9B20132D3B29E42EFD2B4F885
:106F8000223184F81C11C3F30C038DF818106BBB6D
:106F9000BC4534BF0125012302A88DF810508DF89F
:106FA0001930FDF7E1FED4F8D800A0F58170C4F8DF
:106FB000E0000CF05DFE00287FF473AF40F2931107
:106FC0002120F9F737FAFFF70DFA00287FF469AFAF
:106FD00098E7FEF7F7F86DE740F2C9112120F9F7BD
:106FE00029FA40F2CD112120F9F724FAD4F818211A
:106FF000032500230392CFE790F81F31002B81D1A6
:10700000012144F2365084F81F110CF051FE002883
:107010007FF478AF44F23650D4F8D830D4F8E0207A
:1070200003441044C4F8D830C4F8E0000CF020FE4B
:1070300000287FF436AF65E72946A0E7FFF72CF973
:1070400030B589B090F81421002A4ED1044602F0E0
:10705000FF03FF2280F8142180F8153190F81D51AC
:107060009C4680F81C31A0F80C31184604EB8303D1
:107070000CF1010CD3F8CC205FFA8CF376329D42F0
:107080001044F3D2D4F8C830984221D0D4F8CC20A0
:10709000E5B1D4F8D030012D1A4402F1EC0203D04E
:1070A000D4F8D43076331A44C4F8F0200023009189
:1070B000012202A92046FFF7EFFB60B102A994F874
:1070C00017010CF0FBFC58B109B030BD7632EBE78C
:1070D00041F28832E8E740F27F212120F9F7AAF94E
:1070E0004FF420712120F9F7A5F940F26A212120FF
:1070F000F9F7A0F938B590F814318BBB0D4651B3B0
:10710000044601461B480CF041FC202884F8170176
:107110001AD0214617480CF039FC202884F81E01AB
:107120000DD0C4F8105195F8F03103F0FF01E3B928
:1071300084F816112046FFF783FF012038BD94F82C
:1071400017010CF011FC08B1002038BD40F28F216E
:107150002120F9F76FF940F29B212120F9F76AF914
:1071600040F29A212120F9F765F94FF42971212085
:10717000F9F760F9856E000138B504460D461148EF
:1071800021460CF003FC202884F8170112D0214678
:107190000C480CF0FBFB202884F81E0105D020468B
:1071A0002946FFF74DFF012038BD94F817010CF078
:1071B000DBFB08B1002038BD40F28F212120F9F718
:1071C00039F900BF856E000190F823315F2B2DE95E
:1071D000F04F044687B047D85A09A1498F5C042F65
:1071E00000F0F68094F9212103F01F0394F8225156
:1071F000002A45EA032594F82131B4BF4FF4967272
:107200001E22DB0902FB05F50CBF1E264FF4967605
:1072100009F04CFDA5EB000809F072FD94F821314E
:10722000814608EB060A13F0400FA9448D4D0CBFB0
:107230004FF4FA7B4FF0320B10F0B7FD8A4B5844F5
:10724000B8F5F47F0AFB0055A3FB05354FEA9545D9
:107250006DD994F815314BB10AF082F90CF06EFB40
:10726000012007B0BDE8F08F0027BBE73846DFF804
:10727000FCA10AF087FE7E4B53F827804AF2A13327
:107280004344AAFB032306EB9316E23606EB4506BE
:10729000064438460AF076FEA6EB000B38460AF0A4
:1072A00079FE94F85410A8EB00080BF58E7B0129A9
:1072B000AAFB08A84FEA981800F08F803846FEF71E
:1072C000DDFFD4F8B030ABEB0807D4F8B420BB3BFB
:1072D0000744684842F1FF3213EB0903007842F19A
:1072E00000025B1B4FF00005019762F10002FE28CF
:1072F0008DF800508DF80950CDE9043200F0A380DC
:10730000490740F1A0808DF80800694694F81701FC
:10731000C4F8D870C4F81861C4E92E320CF0CEFB62
:10732000002899D140F204712120F9F783F83846FA
:10733000DFF838A10AF026FE4D4B0246384653F8D6
:10734000278008F2E733AAFB031306EB93162036D7
:107350004E442E4416440AF015FE834638460AF081
:1073600019FEA8EB0008A6EB0B0BAAFB08A894F8E3
:1073700054A0BAF1010F4FEA98185BD03846FEF7D7
:107380007DFF0BF58E73D4F8D8B0A3EB08031F185C
:10739000BB453AD2374B93F80080B8F1FE0F23D0AB
:1073A0001AF0040F20D040460CF032FDA7EB0B037F
:1073B0004146402B38BF4023834228BF034618462E
:1073C0001F460CF075FC98B1002007B0BDE8F08FA7
:1073D0000022032780F81F2104E7023FFFB2022F9B
:1073E00039D940F648006CE70CF006FD8046DAE734
:1073F000D4F8D8303B44A3F58170C4F8D830C4F831
:10740000E0000CF035FC0028DED0A9F1100994F85A
:107410001C7102210022A9EB050568468DF8107049
:1074200003958DF808108DF81120CDE90046FDF781
:107430009BFC15E7023FFFB2022F09D8084B03EB74
:10744000870358689DE70CF0D7FCDDE904325AE762
:1074500040F6480095E7024B03EB8703586830E796
:10746000583702013F420F0083DE1B43D34D6210A9
:10747000BC3902011100002110B588B090F8152127
:1074800072B902F0FF0302A904461A460093FFF7FF
:1074900003FA60B102A994F817010CF00FFB80B158
:1074A0000AF05EF808B0BDE810400CF047BA20467C
:1074B000FDF744FE0AF054F808B0BDE810400CF0A7
:1074C0003DBA40F26E712120F8F7B4FF01292DE991
:1074D000F04F054683B030D9022940F0D480D0F86F
:1074E0001031002B00F0D4800024224683F8F041B4
:1074F00090F8201161F3070261F30F22A3F87420C2
:10750000FF2683F876600339D0F81001012900F1D5
:107510003C008CBF0021012111F08EFCD5F8100138
:1075200012F07EFFC5F8104185F816610AF018F8D0
:1075300003B0BDE8F04F0CF001BA01F0010A0026DB
:10754000D0E92C9809F0D4FB95F820718346504679
:10755000394610F0FAFF044638460AF01BFD014692
:10756000BAF1000F03D0BB1EDBB2022B75D94FF46A
:10757000FC7214EB0B0346F1000613EB09044C4BB1
:1075800048EB060633F8173003F2E7330B4449495A
:10759000A1FB03139B09E31A66F100069C1846F150
:1075A000000612F040F98330D5F81071241AD7F88C
:1075B0001C8066F1000603F0DDFF05F1E80383425D
:1075C00032D04246D7E97201CDE9004612F039F9CE
:1075D000804567D3384BD5F810211B6892F87E1090
:1075E000834212D9D369D3620344002947D141F6BB
:1075F0006A010D46884215864FD21B1946F10006D6
:10760000C2E9723603B0BDE8F08F59BB2B4BA3FB28
:10761000001340F2E2419B0A01FB03F3D36241F6FF
:107620006A0313860346E8E797F87D000028D1D067
:10763000D5E93A9A03F0F6FF38B9B7F9EC31A7F873
:10764000EC0113EB09094AEBE37A424648465146FE
:10765000CDE9004612F0F5F8BCE7194A02EB8303C6
:107660001A6986E7174BA3FB001364215B0901FB32
:1076700003F3D3624FF4FA7313860346BDE74FF466
:10768000FA710D46B6E740F652012120F8F7D2FE16
:1076900040F2EF712120F8F7CDFE40F2E471212095
:1076A000F8F7C8FE40F27B312120F8F7C3FE00BF97
:1076B000D0390201D34D6210F40C00215917B7D113
:1076C000583702011F85EB5110B504460FF0B0FA90
:1076D00008B9002010BDE0430FF0AAFA0028F8D046
:1076E000E31683EAA4635A1E1A42F2D0E3B25A1E8A
:1076F00013405A1E1342ECD0A0B211F088FC0B28A4
:10770000E7D8204611F07FFC1828E2D8A3B2B3EBEB
:10771000144F04D184EA142313F0FF1FD9D0044B73
:107720006340581E1840003818BF0120D2E700BF40
:10773000D6BE898EF0B5070C164BA7F5AA4203EA10
:107740009023543A012A20D927F4004042F6AA2275
:10775000801A18BF0120002216211F24164687EA2E
:10776000060562EA0505013511D0DD0301394FEA4E
:107770005303ADB245EA56064FEAC4354FEA540406
:10778000ADB245EA5202EAD1F0BD0020E3E70020A5
:10779000FAE700BFE0FF3F00F8B50D46074640F6A8
:1077A0007A4CBDF81860A81FBDF81C1080B2604567
:1077B00015D8941FA4B264458CBF0020012087B95E
:1077C000194C247984B188B96FF45067EC19062CF0
:1077D00004D86FF450641419062C07D9F8BD0020A2
:1077E000EDE797F87D40EDE70028F7D0954218D8EF
:1077F00003FB0111B1F5FA7F13DCA6F10A0340F691
:1078000076409BB283420CD810460FF0FCFA42F24D
:10781000107341435E43B6EB410F8CBF0120002043
:10782000DCE70020DAE700BF980D0021F7B500255E
:1078300006462C463278ABB29A4207D8104B00204D
:10784000B3F854201444A3F854400FE006EB850726
:107850006946B7F8010010F047FD70B90199B7F813
:107860000330B1F8A620934202D9122003B0F0BD34
:10787000D21A23449CB2A1F8A6200135DAE700BF52
:10788000980D0021F7B5002304460E461746CDE9B2
:1078900000336846F9F7AAFA08B1002016E0009D07
:1078A000A542F6D03046EB1C0FF0A7FA3946AA786D
:1078B00010F0CAFC0028ECD005F10A036A7A04F142
:1078C0000A01607A10F0C0FC0028E2D003B0F0BDDD
:1078D000054A134692F8202053F8211B11F8030B98
:1078E000C0F3801010F0B0BCEC12002101281ED8AB
:1078F000022B0DD1A2F57A700F4B984219D8A1F541
:107900007A70984215D88A428CBF122000207047A6
:107910000A4882420DD8012B0CBF40F2527340F648
:10792000C3139A4205D9A1F6C410054BE9E712200A
:1079300070473020704700BFA7F970028FFD7002BA
:10794000CBF370020138C0B2032808B504D94FF454
:1079500061710620F8F76EFD014B185C08BD00BF91
:107960007C3702010138C0B2032808B504D94FF4AE
:1079700061710620F8F75EFD014B185C08BD00BF81
:10798000D43702010138C0B2032808B504D94FF436
:1079900061710620F8F74EFD014B185C08BD00BF71
:1079A000C038020107B50E4AB2F85430ABB1013B02
:1079B0006946A2F8543010F097FC20B140F21671DD
:1079C0003920F8F737FD019A0120B2F8A6300133CB
:1079D000A2F8A63003B05DF804FB1846FAE700BF32
:1079E000980D002110B504460A48FDF7ADFB0A4981
:1079F0002046FEF7F5FD2046FDF740FA38B1204657
:107A0000FDF782FA2046FDF795FB002010BD1220FD
:107A1000FCE700BFB40D0021BC0D00212DE9FF41A2
:107A200006788046012E40F09A8031460020F9F712
:107A3000A3F9054620B940F62C713920F8F7FAFC75
:107A4000B8F80430002B40F08280FDF7BDF8002824
:107A50007FD195F81431002B7DD12846FFF7C2FF66
:107A60000446002879D1594F31463046F9F784F958
:107A700097F83810064619B110B940F64871DCE79E
:107A80003A7F0023CDE9023312F001031CBFF86AEC
:107A90000290520741BF04AA02EB83037A6B43F8BA
:107AA000082C002945D096F81431002B41D0B8F8A5
:107AB0000230002B3DD13B7F3046009302ABBA6AC7
:107AC000B97FFDF797FAA0B33046FEF72FFE06F117
:107AD0004003804605F14002683653F8041BB34268
:107AE00042F8041BF9D12846FFF77CFF024610B18B
:107AF00040F66F71A1E7B8F10C0F07D10146284697
:107B0000FFF73AFBF8B940F6737196E7B8F1000F4A
:107B100002D040F6787190E77B7F2846296D43F0CC
:107B2000040385F85430FFF7E5FA60B940F67A713E
:107B300083E7B8F804202846B8F80210FFF71CFBCA
:107B4000002808BF0724204604B0BDE8F0811124B6
:107B5000F9E73A24F7E70C24F5E71224F3E70121CB
:107B60000020F9F709F9054610B940F68D7164E770
:107B7000FEF726FD04460028E5D195F8543095F827
:107B8000A62022B195F8A720134385F8A600053B4F
:107B9000012BD8D82B6D13B940F69D714DE701210B
:107BA0000846F9F7E9F829464FF4947206460DF0B5
:107BB00093FF0423316D304686F85430FFF79AFA6C
:107BC0000028C0D140F6A27137E700BF980D002110
:107BD0002DE9F04F9A4685B0754B04460DF1080922
:107BE000744F186888461B791646029089F804304D
:107BF00097F8563013B1484602F080F96E4D0021D7
:107C0000204610F0D3FBAB68A4F80080E36396F83D
:107C10004A2006EB4202B2F82AB058460FF0F3F8B9
:107C200001466FF4506000238344BBF1060F6BD90B
:107C3000908C4FF0961284F87E302387626340F276
:107C4000E2420FF0E0F803F0F3FC40F2E2430146B9
:107C5000A4F8DC312046E161C4F8D81112F0D0FB61
:107C6000834601F0D5FA8306297C53BF1B236B881A
:107C7000AA881A46A4F86630504BA4F868201B68FE
:107C800084F84410A4F846B01BB194F97C10404627
:107C900098473B79003B18BF012384F87D30484B5F
:107CA0001B6813B147492088984701236386464BD8
:107CB0001B6813B1454920889847454B1B6813B191
:107CC000444920889847444B1B680BB1208898474B
:107CD000424B1B680BB120889847AB8804F1140015
:107CE0006A8869780333033201919BB2297892B292
:107CF000009104F11801F9F7B1F8636973B941F221
:107D0000DB113920F8F796FB4FF04D122387012342
:107D1000626384F87E304FF47A7399E7A36913B9EC
:107D200041F2DC11EDE70FF048F82062BAF1000FE4
:107D300004D002F01DFC20F07F40A06296F84A308B
:107D40002046E96806EB4306338EA384F38EE38472
:107D500012F053FB494604F1960010F068FC97F8C6
:107D6000563013B9FF2384F80532BB6D23B10122CD
:107D700004F59171204698471949204610F0D0FB30
:107D800002F0F6FB0C230121B0FBF3F202FB13001F
:107D9000C0B2431DDBB2082B9CBF0D30C3B22046DE
:107DA00084F8A23010F002FB05B0BDE8F08F00BFF0
:107DB000EB420201980D00212C120021A8010021A4
:107DC000A0010021A00D0021BC010021D20D002145
:107DD000AC010021DC0D0021B0010021B401002123
:107DE0004612002110B503210020F8F7C5FF044614
:107DF00070B90321F8F784FF044620B940F29131AD
:107E00003920F8F717FB034B93F95C1011F0C0FF12
:107E1000204610BD980D00212DE9F04F87B0074690
:107E20008846008804A910F05FFA064600287CD135
:107E3000059D95F86F31002B6DD0B8F1020918BF80
:107E40004FF0010995F88F30232B95F8E13043EA84
:107E5000D3030CBF89F0010A4FF0000AD90702D4FE
:107E6000BAF1000F63D0B8789DF8104008B901F05E
:107E7000D5F98DF80B00F87808B901F0CFF92E4B41
:107E80008DF80C00D3F800B0BBF1000F0BD00AF056
:107E9000010320460DF10B022946009303ABD8479E
:107EA000044600283AD19DF80B20B2B39DF80C305F
:107EB0009BB3164695F87D2032B1B20703F002035A
:107EC00037D5B3B302231E46FF2285F82D21B9F121
:107ED000000F28D195F82C2102F0FF041ABB85F879
:107EE0002C8103A985F82E61284685F82F31BB889F
:107EF000A5F83031BA78ADF80E308DF80C20FA784C
:107F00008DF80D2010F00CFB002385F82D31204654
:107F100007B0BDE8F08F814694E70924BAF1000F5D
:107F2000F5D00023C6E73A24EEE70446EFE71A242B
:107F3000EDE70924EBE700BFB801002110B510F010
:107F400082F9214C01F006FD01F076F910F0E0FE17
:107F500003F0DCF901F0F2FF01F0C8FF012001F0AD
:107F600013F90021194B1A4A19601A4BA4F854103E
:107F70001A601B2259839A80F9229983997719767E
:107F8000154B22835868154A1B8922601422E06130
:107F900004F12400A176A180A17523840DF032FDA7
:107FA000012342F2107204F13A0084F8243084F87C
:107FB0003930C4E90A2212F0BCFB04F14400BDE8E8
:107FC000104012F0DBBB00BF980D0021980100218A
:107FD00003021B002C1200217C3702011B00480108
:107FE000044B41F64C521B215A611974C3E9022219
:107FF000FFF7A4BF2C12002173B5344D0446AB68C3
:10800000C363334B1B79003B18BF012380F87D30DD
:10801000304BC36111F0DDFC064601F0F9F8830630
:10802000297C53BF1B236B88AA881A46A4F86630A4
:10803000294BA4F868201B6884F84410A4F8466013
:108040001BB194F97C1020889847244B1B6813B10E
:108050002349208898472349204610F061FA0123DC
:108060006386214B1B6813B10021208898471F4B62
:108070001B6813B10021208898471D4B1B680BB16A
:10808000208898471B4B1B680BB120889847AB880A
:1080900004F114006A8869780333033201919BB2BA
:1080A000297892B2009104F11801F8F7D7FE6369BC
:1080B00023B940F2C5613920F8F7BCF9A36913B9B7
:1080C00040F2C661F7E7002002B070BD2C1200211B
:1080D000980D002100093D00A8010021A001002108
:1080E000A00D002146120021BC010021AC0100219D
:1080F000B0010021B40100212DE9F34104460E46F0
:1081000011F087FE002800F0B080204611F005FF36
:1081100030B1B6F80130013B7F2B01D9122004E0C9
:10812000204611F0FEFE18B90C2002B0BDE8F08127
:10813000204611F0E0FC0028F6D1204611F012FE96
:1081400007460028F0D1204604F0B8FF0028E5D00B
:1081500042F21073B6F80180F178204603FB08F86C
:1081600011F0C6FE04213078F8F706FE0546062118
:108170003078F8F701FE2DB140B141F67B4139204E
:10818000F8F758F908B3054690F8BD70384E3368D3
:10819000DBB14035284611F03EFBB0B1284611F066
:1081A0002EFB90B93FB1334B28461B68984760B10E
:1081B00041F68F41E3E730493A463368284649693A
:1081C000984710B141F69441D9E7204611F09DFE41
:1081D000014640B94246204603F000FF002842D045
:1081E00041F69D41CBE7204611F097FE40B90221B0
:1081F0000DF10600F8F74CFD054658B90D2094E73F
:10820000204611F09DFE0028F1D11C4B1B79002B5C
:10821000EDD183E7002110F07DF8BDF8063020464F
:1082200029462B8011F0B7FE204611F089FE88B94F
:10823000216A204611F08EFE01462846FFF7DCFE3B
:1082400042462946204603F0C9FE024620B14FF4BB
:10825000E65194E70121F0E7084B9B6D1BB105F552
:1082600091712846984700205FE742205DE700BFF4
:108270009C010021A40100212C120021980D002155
:1082800008B50378032B0ED803F0FD03012B074B31
:1082900006D1074A07481A6002F08AF8002008BD94
:1082A00000201860F8E71120F9E700BF98010021CD
:1082B0002D780001A5790001074B02889B889A421E
:1082C00008D3B0F803309AB222B1044A0020A2F8D1
:1082D00054307047112070472C120021980D002156
:1082E000024B1B6803B118470C207047980100210E
:1082F000014B93F95C007047980D0021034B5A889D
:1083000002801B7883700020704700BF2C12002170
:108310007FB5837806461A2B08D8042B04D9334A34
:1083200022FA03F3DB0705D412251AE0292B01D02A
:108330003B2BF9D13088B0F5706FF5D269460FF05C
:10834000D3FF88B9019B93F8202102F0FF05C2B941
:10835000B27883F82121FF2283F82021684610F0AB
:10836000B0FC284604B070BD09213088F8F704FD40
:108370000446002837D002A9B0F8AC010FF0B4FFD2
:1083800008B10C25EDE70821B4F8AE01F8F7F4FCCC
:1083900020B940F62E213920F8F74CF803781BB9A4
:1083A00094F8C831032BECD1039B93F83621002AB3
:1083B000E7D194F8F02102F0FF05002AE1D1B4F8EA
:1083C000B021A3F8382194F8B82183F83A21027D2E
:1083D00083F83B21B27883F83C2184F8F021FF2216
:1083E00083F83621BDE70225BBE700BF2000380433
:1083F00038B50278447802F0010302F0020254EA30
:10840000030101D1112038BDBAB98578002DF9D00A
:10841000002B18BF002400E01D4620460EF01CFD76
:108420000028EFD028460EF017FD0028EAD0054BB3
:1084300000209C76DD769883E5E7002BECD00024C5
:108440002546EAE72C12002113B5008869460FF093
:108450004BFF18B10224204602B010BD9DF8003039
:1084600001984BB90EF0DCFC0028F3D0019890F88D
:10847000323123B13A24EEE70EF0E0FCF4E790F855
:10848000DA3003F0FF04002BF4D190F8D1309B07D1
:1084900006D1FF2380F83231684610F012FCDAE78B
:1084A0000249D23010F05CFCD5E700BF5B970101B8
:1084B0002DE9F84F03780446032B03D912252846EB
:1084C000BDE8F88F4378032BF8D8437E8578002BDE
:1084D00050D1012DF2D100F0A1FE854340F09D80E6
:1084E00094F8029019F0010506D001232269A168D1
:1084F000E078FFF7FBF9054619F0020F07D00223D9
:108500002269A168E078FFF7F1F92843C5B219F0B4
:10851000040F00F0868094F803B00423D4F808A078
:10852000226958465146FFF7E1F9284310F0FF054C
:10853000C5D1B9F1050F0ED194F804900423E16878
:1085400062694846FFF7D2F905460028B7D1CB4506
:1085500063D18A4561D1237E013B062BAED8012130
:108560000020F8F709FC054690B940F62D61392046
:10857000F7F760FF072DA1D8A90706D5022D9DD1D9
:10858000294B5B79002BA6D198E7002D96D0A2E766
:10859000A830FEF71FF818B195F854309A073ED16D
:1085A000657EE278003DA178A06818BF0125012A08
:1085B000B4F800E014BFB2FA82F2022294F818C0B4
:1085C00018BF5209CB071FD54B0726690BD5676922
:1085D000F319984207D243089E4228BF1E46831BC8
:1085E0009F4228BF1F46104B83F821500025197762
:1085F0005A77A3F81EE083F820C083F82410C3E95B
:108600000A06C3E90C875AE7022902D1D4F8108080
:10861000E9E74B0748BF2769E5E711254FE70C2538
:108620004DE7002D97D04AE7980D002100B589B09D
:10863000437940F271218DF8043083798DF805304B
:1086400001238DF8063003788DF80730B0F801303B
:108650004B430393B0F803204A430D4991F820108F
:108660000592A2F6C4128DF81C1000218DF81D1081
:1086700008498A4209D8A3F6C4138B4205D801A839
:10868000FFF716FF09B05DF804FB3020FAE700BFE2
:10869000980D00213C369C002DE9F04F457A8BB0B7
:1086A0000446A90706D46A070AD1122630460BB041
:1086B000BDE8F08F994B1B7913B945F00105457260
:1086C000072DF2D800F0AAFD35EA000040F08E80B8
:1086D00094F8483053B9012DE7D1A369904AA3F229
:1086E0005373934200F27C81012602E015F00106EB
:1086F000F3D1AB0745BF731CB1464FF0FF09DEB2A3
:108700006F070AD5B31D874A54F82330A3F6C41364
:10871000934200F265810136F6B204F1080704F1D4
:1087200022054FF000085FFA88F39E422BD8237889
:108730009A1E022A5AD9012BB7D813B9A378012B54
:10874000B3D86378032BB0D894F84930013B062B9B
:10875000ABD8724E01210020F8F70EFB96F83830A6
:108760000546002B5BD101210846F8F705FB0028E0
:1087700018BF054605F1A800FDF72CFF07460028A5
:1087800067D00C2692E7994532D0D7F804A03B6910
:1087900053458AD86A8B2B8C9A4286D80120B5F82B
:1087A00014B06988EB892A89CDE900B00020CDE9B1
:1087B0000213FEF7F1FF002800F01281B8F1000F5C
:1087C00028D02888029988427FF46FAFE9889142C7
:1087D0007FF46BAFAA89039B9A427FF466AF6B8AE2
:1087E0005B457FF462AF3B689A4513D011265DE785
:1087F000012E0FD13A694C49A2F57A738B4200F2EF
:10880000EF807B68A3F57A70884200F2E9809A4293
:108810003FF64BAF08F101080437023583E7A83073
:10882000FDF7D8FE00289ED06FF00043D5E92A124C
:108830009A4208BFB1F1FF3F95D1637A2846009371
:1088400004F11803E2686178FCF7D4FB07460028BE
:1088500089D02846FCF7BEF908B13A2626E7284613
:10886000FCF7B2F90028F8D1B37E4BB905AE0593F9
:10887000736006238DF81A303046F8F7B7FA28B33C
:1088800000210DF11200F8F703FA8046002800F0ED
:10889000A58001232246BDF81210FFF799F9404642
:1088A00006F0D2FA0646DFB9E0B961782846FCF74F
:1088B00027FB04F10309A278217828464B46FCF7F0
:1088C000B7FA002840F08E8012260BE0059B93F843
:1088D000A520802AD0D093F8BD30002BCCD050E713
:1088E0000028E6D0B8F8000000F02CFE0021B8F80F
:1088F0000000F8F757FA00283FF4D8AE41F2B24131
:108900003920F7F797FD4A46A1784046FEF7BAFFAF
:10891000002800F08F800B26E4E700BF980D0021AF
:108920003CF67002CBF37002A7F97002637AE1683B
:1089300013F001028DF8147006911FBFA069079013
:1089400001208DF814009E070DD5022B09D1901D32
:1089500054F8200008909DF8140040F002008DF8B3
:1089600014000132D2B258071BD59DF8140006320C
:1089700003F0050354F8222040F00400052B09926F
:108980008DF814000DD107981318994209D24B089D
:10899000834228BF0346C91A0793914294BF0991A5
:1089A000099205A92846FDF71BFE94F848102846B1
:1089B000003918BF0121FCF737FA94F8491028460E
:1089C000FCF708FA2846FCF7B5FB41462846FEF7B7
:1089D00091FB08B1002669E6072683E70D2665E6C8
:1089E000302663E617B92846FCF78EFA4B46A27884
:1089F00021782846FCF7BEFA667A022E04D000F0F1
:108A00000DFC064006F0050631462846FCF7E6F95F
:108A100017B9042385F85430C5F850804A46A07829
:108A20000EF0EBF901462846FCF7C0FA2378002B3C
:108A30003FF469AF01212846FCF7D4FA012128460A
:108A4000FCF7D4FA002F3FF471AF04212846FCF75D
:108A50001FFA0028BED10C2644E700BF10B54379A9
:108A600094B0032B57D823F00203027940F271210E
:108A70008DF80630D0F806308DF80420CDF8073098
:108A80004389027BADF80B3001238DF805208DF86A
:108A90000D3003884B43049342884A430792A2F661
:108AA000C412847B417B41EA0421ADF82810047C88
:108AB000C17B41EA0421ADF82E10847C417C41EA5F
:108AC0000421ADF83410047DC17C41EA0421ADF8E5
:108AD0003A10417D847D41EA0421ADF84010C17D0A
:108AE000007E41EA00210E48ADF8461000218DF8C5
:108AF0004C108DF84E100B4990F820008A428DF8EA
:108B00004D000AD8A3F6C4138B4206D801A8FFF77C
:108B1000C3FD14B010BD1220FBE73020F9E700BF01
:108B2000980D00213C369C0073B506230025CDE945
:108B300000558DF806306846F8F758F908B1002658
:108B400010E0009D95F8A530802BF4D095F8BD601D
:108B5000002EF0D095F80931002BECD195F8A43017
:108B6000002BE8D101210020F8F706F9044620B9CE
:108B700041F2E5413920F7F75DFCA830FDF72AFD09
:108B8000244B93F8383083B3F0B194F85430053B5C
:108B9000012B19D82046FDF7C9FD054610B141F259
:108BA000F041E7E72046FCF71BF894F854302A46DA
:108BB000294623F00403204684F85430FEF7DCFAFB
:108BC000C8B941F2F541D5E701210846F8F7D4F8D4
:108BD000044610B941F2FC41CCE7A830FDF7FAFC9D
:108BE00068B90C25284602B070BD30B9002EF8D007
:108BF000FF2385F8A4300025F4E7002EF8D12046A5
:108C0000FDF794FD05460028ECD12046FBF7E8FF70
:108C1000E8E700BF980D0021F7B5067804460F4637
:108C2000EF2E03D91226304603B0F0BD90F9012093
:108C30004378002AF6DB82789207F3D113F0100014
:108C400048D19D0603F0030241D5002AEAD1190755
:108C50004FD503F06702012AE4D1627A013A062A6D
:108C6000E0D8A27A032ADDD813F0040102D1023A37
:108C7000012A03D8E27A012AD4D811B9A27C032AA6
:108C8000D0D8227D002847D0012ACBD1237E012BCA
:108C9000C8D8002850D06378D90703D500F0F6F97A
:108CA000002850D06378227D03F01803082B5AD196
:108CB000022A48D103213046F8F75EF8054600281D
:108CC00057D010F018FF00285FD00C26ABE7032A1E
:108CD000BDD1A7E713F0600FA4D103F00702052A66
:108CE00005D003F00F010D22CA40D2079AD51D0707
:108CF000B3D42179E278E57942EA0122617942EA46
:108D00000142A17941EA0521257A41EA05418A42D9
:108D100088D81F2AA1D885E7022A04D103F06F035F
:108D2000092B7FF47FAFA37D013B022B3FF67AAF87
:108D3000E37D0F2BAAD975E700F070FA820707D4FC
:108D4000237D022B01D111266DE7A37D022BFAD0E2
:108D500000F064FA43079ED4237D032BF3D0A37D58
:108D6000032B98D1EFE7022AA4D0237F002BA1D0B8
:108D7000E9E703213046F7F7C3FF0546002843D053
:108D8000224B93F95C1011F003F80021304611F0EA
:108D9000ACFC28BB284611F0B5F821463870E074C9
:108DA000284604F0E5F9E37E0646002B3FF43BAF8E
:108DB00000287FF438AF0246E96C6846F8F72EF9D0
:108DC0003246E86C01210DF059FEE96C6846042238
:108DD000F8F724F932463146E86C0DF04FFE22E7F1
:108DE000403010F018FD0028D4D0637813F0330F12
:108DF0007FF418AFA67D2846296A11F0ABF8FEF77C
:108E0000A1FD8642C6D060E707260CE7980D002139
:108E100030B502798BB00346042A4FD84088B0F5AC
:108E2000804F4BD8264900241144ADF800408DF8FE
:108E300008408A7C4D7B42F010028DF8244042EAC3
:108E40004502CD7D097F42EA850242EAC1026946B8
:108E500002F01F028DF80020BDF80020ADF80920B7
:108E60001A888DF80E00000A8DF80B20120A8DF872
:108E70000D408DF80C208DF80F008DF810405A7BB6
:108E8000D3F807008DF811205A79059002A88DF8C3
:108E900012209A798DF81320B3F80B209B7BADF844
:108EA00018208DF81A307F238DF81B304FF00113F6
:108EB000CDE90734FFF7B0FE0BB030BD1220FBE761
:108EC0007C3702010278034672B1427862B142886F
:108ED0001A2A09D982881A2A06D90068034A10601A
:108EE00000209B8893807047122070472C1200212D
:108EF00002680020014B9A60704700BF2C120021CD
:108F000002680020014BDA60704700BF2C1200217C
:108F10000378A3F10A02112A9BBF024A0020122003
:108F2000137470472C1200210378FF2B15D143785E
:108F3000FF2B12D18378FF2B0FD1C378FF2B0CD1DD
:108F4000037923F0E0021F2A07D11F2B05D05B090C
:108F5000034A002082F8203070471220704700BF7B
:108F6000980D00210378012B9DBF03F00103034AF4
:108F70000020122098BF82F839307047980D0021E8
:108F8000014B187600207047980D0021014B587650
:108F900000207047980D0021024B1B6803B1184751
:108FA00011207047C001002108B502F063FA05F0F6
:108FB0003DFFFFF79DF901460248BDE80840FBF779
:108FC00085BE00BFF80D002108B504F059F803F084
:108FD00003F90248BDE8084004F03CB8F80D002150
:108FE00008B50FF02EF9074B184603F58471F8F712
:108FF000CBFB02200DF09EFC0020BDE808400DF0E8
:1090000099BC00BFF80D002108B50122064B83F87A
:109010000A2204F03DF804F0E7FEFFF7E1FFBDE8A7
:10902000084001F0ABB900BFF80D002110B5064CA7
:10903000064904F503700EF000FE04F504700449BF
:10904000BDE810400EF0F9BDF80D0021C40100216B
:10905000CC01002110B5094C094904F503700EF04C
:10906000ECFD04F5047007490EF0E7FD04F505700A
:109070000549BDE810400EF0E0BD00BFF80D00212D
:10908000D4010021DC010021E4010021014B93F80F
:109090000A027047F80D002110B50A4C072000F0B5
:1090A0007FF8094904F503700EF0C7FD04F504705C
:1090B00006490EF0C2FD04F505700549BDE81040F3
:1090C0000EF0BBBDF80D0021EC010021F4010021E0
:1090D000FC01002110B507200B4C00F061F80C20BA
:1090E00000F05EF804F5037008490EF0A6FD04F5E3
:1090F000047007490EF0A1FD04F505700549BDE8AF
:1091000010400EF09ABD00BFF80D002104020021AE
:109110000C020021FC01002138B5094C0D4601F07C
:1091200001F9D4F80C02C4F804510EF07EFDFEF7EC
:1091300057FF01F035FA012384F8183238BD00BF1B
:10914000F80D0021014B93F818027047F80D00212B
:1091500010B50C4CD4F810020EF067FDD4F81402D0
:109160000EF063FDFEF7EAFE202000F02DF8262029
:1091700000F02AF8292000F027F8002384F818329C
:1091800010BD00BFF80D0021014B83F81902704794
:10919000F80D0021014B93F819027047F80D0021DA
:1091A000C208074900F0070001238340885C03439D
:1091B0008B5404490B78934238BF13460B707047A9
:1091C00018000021121000210F4B012110B503EBF4
:1091D000D002C40800F0070001FA00F0195D21EA8E
:1091E0000001195509490B78A34205D1002012F856
:1091F000014914B100B10B7010BD002BFAD0013B36
:109200000120DBB2F3E700BF18000021121000219B
:10921000014BD3E90001704718000021054B186885
:10922000C0F3C022C0F30020400040EA820040F0BA
:10923000010070471800002108B50BF05FFF002304
:10924000074A32F82310814205D302EB8302937858
:10925000044A137008BD01330C2BF2D10023F7E749
:10926000A437020113100021024B1878072828BFE9
:10927000072070471310002110B54468238884F834
:109280007D11A4F87E3194F87400FEF76BFB84F82E
:10929000800194F87500FEF765FB054984F88101AB
:1092A00004F5BA700FF05CFD002384F82C3110BD7A
:1092B000AF7D010130B5C1F30723CCB21E4985B0A3
:1092C000C5B2C0F307220978019049B91946204672
:1092D0000EF078FD20B9114628460EF073FD10B34C
:1092E0002A40224003EA02010B46880720D411F0ED
:1092F000010203D1C1F380018900CAB2990719D4D0
:1093000013F0010003D1C3F380039B00D8B2042AF9
:1093100004D1BDF80630012B08BF0322D2B242EAC5
:10932000002005B030BD05EA030102EA0403DCE7D2
:109330000222E3E70220EAE714100021406807490F
:10934000038800F26710A0F8093010F8FB3CC372E4
:1093500010F8FA3C03730FF0FDBC00BFE97D01017A
:109360002DE9F04389460979456885B099F805806B
:1093700001F00701044695F88E7008F007084B1EAF
:1093800008F1FF320B4002EA0802134395F88F20E0
:10939000242A3DD105F18F060BBB40460EF065FD3A
:1093A000002840D095F8743098423CD095F82E2192
:1093B00018EA020F13D0222F35D095F86D2018EA45
:1093C000020F30D10138013B574AC0B2DBB2104422
:1093D000032B007922D81A441379834223D995F8B4
:1093E0002C31012B60D11E212046FFF745FF222F93
:1093F0005ED16368182283F811210A2283F88E2037
:1094000093F8CA30002B4BD14FF43171AE2008E0F5
:10941000222F40F0868005F18E06BDE74FF40F71D4
:109420000620F7F707F808460EF01FFD38B195F84B
:109430007530834203D095F82F311942CFD0B9F857
:10944000067003AB2846424600933B460EF01AFDD9
:10945000656800283FD195F82C31012B38D1B5F83B
:10946000883005F5287295F87410B5F830010EF0C3
:1094700068FD074640BB01462046FFF7FDFE3770FA
:10948000636803F18F02964202D1002283F88F2095
:10949000636803F18F0296423FD120460FF01CFE15
:1094A000002005B0BDE8F083002385F82C319EE74D
:1094B0000023204633700FF00FFE1821204605B020
:1094C000BDE8F0430FF034BE282385F88E30D7E78F
:1094D00085F82C01D4E7B5F88830A5F8A072013FD3
:1094E000FF1A47F6FD73BFB29F4206D928232046D4
:1094F00085F8B13001F02EFCCAE795F88F300E2BBD
:1095000002D00B3B012B01D82A23F0E7BDF80C3029
:10951000A5F8A23226233370BAE7002283F8CA20C6
:10952000BEE70220BDE700BFD4370201044B002292
:1095300083F832204FF6FF729A86DA861A877047D0
:1095400016100021054B9A8E824201BF002283F83B
:1095500032204FF6FF729A86704700BF1610002126
:10956000014BD886704700BF16100021084B4FF6FC
:10957000FF72998E914206D193F83220012A04D0CD
:10958000036001207047002303600020704700BF84
:1095900016100021064B93F83220012A1BBF012030
:1095A000DA8E002083F8320018BF9A86704700BF19
:1095B00016100021014B1887704700BF16100021BC
:1095C000064B0246198F988E884205D193F83200D7
:1095D00018B1012013607047002070471610002159
:1095E000094B998E1A8F914201D0002070474FF697
:1095F000FF729A8693F83220002AF6D000220120CA
:1096000083F83220704700BF16100021054B998E59
:109610001A8F914203BF93F83200B0FA80F04009EC
:10962000012070471610002150B90A4A0120134644
:1096300003F8010B0868C2F801008A889A80704715
:10964000012805D1034B0A68D8719A608A889A81EB
:10965000704700BF5010002150B90B4B187888B1EB
:10966000D3F80120B3F805300A6001208B807047E1
:10967000012806D1044BD87920B19A689B890A60E9
:10968000F3E70020704700BF5010002110B9044BD1
:1096900018787047012806BF014BD8790020704721
:1096A00050100021F7B58A8800238DF80600ADF828
:1096B000042008680B4A8DF807300146147802F53B
:1096C000A872019DD8B2844201D8082007E052F860
:1096D000087F01335668AE4208BF8F42F2D103B013
:1096E000F0BD00BF60100021084B0146002230B5DC
:1096F0005C7803F20113D0B2844201D8082004E060
:1097000013F8015F01328D42F5D130BD60100021A8
:10971000F8B52D4C63782218013B92F80251DBB268
:109720008342637030D01A010101961C8F1C2644BD
:10973000274406F1100C56F804EB664547F804EB95
:10974000F9D1823282312244214402F1100652F8CA
:10975000047BB24241F8047BF9D1E118221891F858
:10976000026182F8026106267343704303F5857334
:1097700000F58570E618E35827182350B388BB809E
:1097800091F83A3182F83A312846FFF7ADFF0828C0
:1097900018D12378013BDBB29D42237012D02B33CA
:1097A00005F12B0204EBC30304EBC20293E80300B0
:1097B00082E803002078FFF797FF08281CBF2418D1
:1097C00084F80251F8BD00BF60100021F0B5254DAE
:1097D00089B095F8984105F29911684622460CF037
:1097E0007BF9214668460EF04DFD0446B8B300EB08
:1097F000400102A8C9B2F7F72FF8631E95F8A161DE
:109800000124DBB295F8981105E0721CB2FBF1F06F
:1098100001FB1022D6B206F120020DEB020010F877
:10982000202C002AF1D103EB430100F8204C06EB79
:10983000460220312A44694411F8187C82F8A2714A
:1098400011F8177C11F8161C82F8A37182F8A41184
:10985000013BAA19DBB282F89941FF2BD2D109B0A2
:10986000F0BD00BF6010002170B5064688B00C4600
:10987000002A4ED0294A92F8A131D01890F89911B7
:1098800019B9FF212820F6F7D5FD03EB4301013379
:10989000114491F8A251E57091F8A35191F8A411E7
:1098A00025716171002180F8991192F89811B3FB2C
:1098B000F1F001FB103382F8A13192F8C23123B9E3
:1098C000174902F5DD700FF048FA65790D22002185
:1098D000684605F03F0545F0400565710CF092F8CB
:1098E000E37804AA69468DF80F30304623798DF865
:1098F0000D508DF80E3004230BF004FF9DF81F303F
:1099000023709DF81E3063709DF81D30A37008B061
:1099100070BD03216018F6F79FFFD6E760100021A5
:10992000CD970001044B5A78824286BF1B1893F8EA
:109930004A010020704700BF60100021044B5A7894
:10994000824286BF1B1893F842010020704700BF77
:1099500060100021064B00224FF461711A8083F8D9
:10996000C32183F8C421A3F8C61183F8C22170472C
:1099700060100021014B83F8C40170476010002182
:10998000014B93F8C40170476010002110B51446D4
:10999000FFF788FE082813D0FFF7A6FE094B5A7878
:1099A00082420DD904B12070184490F83A3190F8F1
:1099B0004A01012B08BF40F0010000F0010010BD7A
:1099C0000120FAE7601000212DE9F0478246894620
:1099D00017469846FFF766FE08280546064603D058
:1099E000FFF782FE082860D1324C6378072B5ED8DF
:1099F000082D15D12678731C072E237003D96C21EE
:109A00002820F6F717FD06F12B02D9F8000004EB29
:109A1000C20344F83200B9F8042083F806A09A8003
:109A2000657807F110026B1C290163704B1C2344FD
:109A300012F8010DBA4203F8010FF9D1813108F192
:109A40001003214413F8012D984501F8012FF9D195
:109A50002544102140460EF006FD102185F84201F4
:109A600038460EF000FD85F802616678002385F81F
:109A70004A013146104885F83A310EF003FC0128BE
:109A8000054607D831460D480EF0FCFB002818BFEC
:109A90000135EDB284F898510025284684F8A1518B
:109AA000FFF794FE2846BDE8F0871220FBE7072069
:109AB000F9E700BF60100021A2110021AA110021C6
:109AC000064B10B55878013840B2002800DA10BDB6
:109AD000C4B22046FFF71CFE601EF5E760100021AF
:109AE000014B83F8C301704760100021014B93F8CC
:109AF000C301704760100021431E4AF2B7129BB2A7
:109B000093429DBF024BA3F8C6010120002070477D
:109B100060100021014BB3F8C601704760100021AE
:109B20000A4B30B55C7884420ED9184490F8020193
:109B30002B3003EBC004A5790D7053F83000106092
:109B40000120A388938030BD0020FCE76010002135
:109B500070B506460D4607F05DFE06F069FB0A4843
:109B600090F8C34164B1417861B100F182030230E1
:109B70003246002D08BF184606F026FB06F07EFB95
:109B8000204670BD0C46FBE76010002108B5064B6F
:109B9000024603EB0113012103F1820006F014FBDE
:109BA000BDE8084006F06ABB601000210246074885
:109BB00010B590F8C34124B1417821B1023006F0CC
:109BC00003FB204610BD0C46FBE700BF60100021E0
:109BD0002DE9F74F2F4C9A46804689466378834299
:109BE00056D9231893F8425185F00105F9B193F83D
:109BF0004A31E3B945F002070135BAF1000F18D137
:109C0000FA070AD5062104EB0810524601FB084169
:109C1000823001F58571FFF727FEBB0734D504EBD1
:109C20000810524649460230FFF71EFE2CE02F4630
:109C3000E3E794F8A1614FF0010B002DE0D0A319E8
:109C400093F89911019399B90092DAB100F078FC78
:109C5000019B06EB4601009A4FEA102C83F899B15C
:109C6000214481F8A201000C81F8A3C181F8A4016C
:109C7000013694F89831013DB6FBF3F103FB116610
:109C8000F6B2DAE747F00407384603B0BDE8F08FD4
:109C90000027F9E760100021F8B50646174C48B3D5
:109CA000617804F5A1700EF0EDFA94F8985107462A
:109CB00004F2991029460EF0E5FA2D1AEDB2AF42E2
:109CC0001AD800256278EBB29A4201D80120F8BD7B
:109CD000E21892F842215AB90621324601FB0341AB
:109CE00004EB031301F5857103F18200FFF7BCFD5E
:109CF0000135E7E70546E5E70020E8E760100021C9
:109D0000F0B51B4E89B007460D46737883422CD9B7
:109D1000331893F8424144BB0D22214668460BF0AC
:109D200071FEEB7806EB071004AA8DF80F30694638
:109D30002B7982308DF80E306B798DF80D3004233D
:109D40000BF0E0FC2A789DF81F309A420AD16A781D
:109D50009DF81E309A4205D1AC789DF81D30E31A6B
:109D60005C425C41204609B0F0BD0020FBE700BF2B
:109D700060100021074B5A78824209D91A1892F8CC
:109D800042212AB9062202FB003000F58570704797
:109D90000020704760100021064B5A78824281BF34
:109DA0001B1893F83A01B0FA80F0400998BF0020E0
:109DB000704700BF60100021F8B50E460746062127
:109DC000154630460EF04FFB044670B10C4B002296
:109DD000587803F23913D1B2884202D801242046C0
:109DE000F8BD013203F8015FF5E7314638460EF061
:109DF00065FA0828F3D0024B034483F83A51EDE7A3
:109E00006010002130B5002442F21075A0F84040E7
:109E1000B0F844404C43B4FBF2F4A0F84440541E64
:109E200005FB0343B3FBF2F3A0F84230084BB3FB4E
:109E3000F2F30133A0F84830838F05FB0344436BF2
:109E40005943B4FBF2F4B1FBF2F18463416330BDDA
:109E5000005A6202034B80F87C101B680BB100882B
:109E600018477047140200210B2808B504D940F2A6
:109E7000C7112920F6F7DEFA014B33F8100008BDB0
:109E8000DC370201074B93F900301844142804DC36
:109E900010F17F0F03DB40B27047142070476FF062
:109EA0007E007047281200217F2307B50DF10700BF
:109EB0008DF8073007F0BCFC03469DF9070053B14D
:109EC000094B5B785B425BB21844142806DC10F146
:109ED0007F0F05DB40B203B05DF804FB1420FAE706
:109EE0006FF07E00F7E700BF28120021024B00222E
:109EF0001A705A70704700BF28120021054B1B785A
:109F000033B9054B1A681B79026003710120704751
:109F1000002070472A12002128000021054BFF2253
:109F20001A70054A016811600179117100221A70D6
:109F3000704700BF2A1200212800002107B5064AF9
:109F400010681279009068468DF80420FFF7E6FF4C
:109F500003B05DF804FB00BFEB420201034640780A
:109F6000B0B1DB783F2B0BD80A4AD35C03F07F02F9
:109F700090420CD08CBF0120002000EAD310704723
:109F800003F10A02D2B2022A01D8B63BECE7012063
:109F9000704700BFF43702013F2908B5C17005D8EA
:109FA0000C4B5B5C03F07F03437008BD01F10A03B7
:109FB000DBB2022B04D8074B0B4413F8B63CF1E795
:109FC000FF2904D040F243412A20F6F733FA012357
:109FD000EAE700BFF43702012DE9F34789466946F5
:109FE000154698460EF080F9044620B9019E35B911
:109FF000012386F89530012002B0BDE8F08777692B
:10A00000294638460CF0D5FA01460028F4D0174B03
:10A010005B88AB4227D338460CF007FC96F89530A6
:10A0200082460480002B84700CBF494602210EF04A
:10A03000DFFD41462A460AF103000BF04DFD29469B
:10A0400038460CF0F1FA18B97E212B20F6F7F2F918
:10A050009DF800302BB168460EF033FE019BA3F84B
:10A06000CA410023C5E72046C6E700BF2C120021E5
:10A07000024B987FC04300F0010070472C12002172
:10A0800083230B70014B1B78CB7070474C1200215F
:10A090002DE9F84FD0F804800D46D8F81860304606
:10A0A0000CF0B5FB044618B9FF211020F6F7C2F9F1
:10A0B000014630460CF0B9FBB4F800B082461FFAF6
:10A0C0008BF9B9F1000F02D140F20311EDE71E4BFD
:10A0D000C71C1B688BB9B8F80030A5F806B0AB8078
:10A0E00000236B729AF8003003F00303012B0FD0AA
:10A0F000022B0DD040F21D11D7E74A463946B8F879
:10A100000000984704460028E5D12046BDE8F88FB6
:10A1100030462B720CF08FFB044610B94FF493714C
:10A12000C3E7B9F1FB0F02D940F23511BDE728684A
:10A1300010B94FF49B71B8E74A4639460BF0CCFC96
:10A1400030460CF0D3FAE0E7180200212DE9F3477E
:10A1500005468A460527DFF86C81DFF86C91DAF84E
:10A16000103053B11B7A1BB980211020F6F762F929
:10A17000DAF81040B4B900207EE0DAF80440237A1F
:10A18000012BF8D0EFF3108372B6DAF804201268CE
:10A19000CAF8042003B962B6CAF81040237A0BB992
:10A1A000A621E2E7267AF6B22772731E0B2B78D827
:10A1B000DFE803F074061E36713F4E3F3F3F3F65B8
:10A1C000636813B94FF4D771CFE720462946984703
:10A1D0000420EFF3108272B6237A052BD9B24FF028
:10A1E000000368D12372CAF81030B2B962B614E025
:10A1F000636813B940F2B711B7E72946204698477C
:10A200000346ADF80400C0B2C3F30723012B4BD0C3
:10A21000022BDED10023CAF8103000289FD02BE09B
:10A22000636813B940F2BF119FE7204698470020AA
:10A23000CFE7D9F80030002BF9D0324660682946C4
:10A240009847A6F10A020420534253415B00DFE71E
:10A2500063680BB9B52188E70D2200242A7001221A
:10A2600019885869AA70A5F803106A71AC710CF0CE
:10A270003DFA0420CAF8104002B0BDE8F087D8F8D3
:10A280000030294620469847034668B10023022043
:10A29000CAF81030F0E74FF4FB7166E740F2F911AD
:10A2A00063E74FF4FE7160E726720028E4D1002BCB
:10A2B0007FF455AF5FE711B940F21D2155E718460D
:10A2C00093E700BF200200211C02002138B5134C87
:10A2D00014220021201D0BF095FB0125257404F1AB
:10A2E00008031422002104F11800C4E901330BF023
:10A2F00089FB84F8245004F11C03094AC4E906339D
:10A300000023E362236384F83430C4F83530C4F8A2
:10A31000393084F83D30136038BD00BF4C12002145
:10A320001802002110B5084C2378FF2B04D04FF4FD
:10A33000A0711020F6F77EF80BF02AFA2070BDE825
:10A340001040FFF7C3BF00BF2D00002110B5034C24
:10A3500020780BF037FAFF23237010BD2D00002169
:10A36000014B18780BF03EBA2D000021014B024A38
:10A370001A6070472002002191A00001014B024A9F
:10A380001A6070472002002191A0000110B5064913
:10A390000446FFF7DBFE28B920460449BDE810401B
:10A3A000FFF7D4BE10BD00BF64120021501200217F
:10A3B000014B1860704700BF18020021134610B50A
:10A3C000027A22B140F299211020F6F733F80A46BA
:10A3D00001460248BDE810400EF09CBC501200211E
:10A3E000044890F834301BB903492C300EF0AFBC50
:10A3F000704700BF4C120021078D0101034606483B
:10A4000090F83E203AB190F83D2022B9034900F877
:10A41000353B0EF09CBC70474C12002181A000011E
:10A420000A4610B5037A23B140F2A1211020F6F7B5
:10A4300001F8014607230248BDE810400EF06ABC4F
:10A44000641200211346027A0AB1037270470A4669
:10A45000014601480EF05EBC50120021034608463A
:10A46000F0B4B3F86020B3F8544093F875509442B8
:10A47000B3F85810A5F10305B3F84A7028BF144685
:10A48000B3F86220EDB2B3F84E608A42A3F84A40B6
:10A4900028BF0A46012DB3F8501087BFB3F852C049
:10A4A00015464FF4296C4FF42965A142A3F84E508C
:10A4B00038BF2146624538BF6246A742A3F8501014
:10A4C000A3F8522026D1741B18BF0124B3F85C20D6
:10A4D000B3F85610B3F848609142B3F84C5028BF17
:10A4E000114693F87420033A012A15D9B3F85A207B
:10A4F000B3F85E70BA4228BF3A468E42A3F84810BD
:10A50000A3F84C2002D1954200D144B10549F0BCDA
:10A510000EF026BC0124D9E74FF42962EDE7F0BC28
:10A52000704700BF6D8D0101014B1878704700BF67
:10A530008B120021014B1878704700BF2E000021BC
:10A54000094AD2E90003434083EAB01181EA43217A
:10A550004FEAF34311605360044B58434FEAF060F5
:10A5600000EB8000704700BF8C120021BB79379E42
:10A57000094AD2E90003434083EAB01181EA43214A
:10A580004FEAF34311605360044B58434FEAF060C5
:10A5900000EB8000704700BF30000021BB79379E80
:10A5A00010B50A4C08210948F6F756F9D4E90032EB
:10A5B0001343F7D0064CFFF7DBFF2060FFF7D8FF0F
:10A5C000236860601843F6D010BD00BF3000002142
:10A5D0008C12002138B5A0F10C0314460D46DBB2F5
:10A5E00020463F2B96BF0A4AFE21D15C0EF026FD85
:10A5F00068B965B12978272907D03F2908BF3E21CE
:10A600002046BDE838400EF019BD2621F8E738BDD8
:10A6100037380201174B184A9A60184ADA62184A0A
:10A620001A61184A5A61184A9A61184A1A63184AF4
:10A630005A62184ADA64184A9A64184A9A63184B9C
:10A64000184A9A60184A1A62184A5A60184A1A60D8
:10A65000184A9A62184ADA62184ADA60184A9A6105
:10A66000184A1A63184A9A64184ADA64184A5A62ED
:10A67000704700BF240200219991010193940101C8
:10A68000679401012B9401017DAE000179B10001B5
:10A6900045B00001A3960101CB960101E5AF000191
:10A6A00030030021B5910101499601011592010184
:10A6B000EF930101DD950101AF940101FF950101C7
:10A6C000BF950101799701011997010103970101D4
:10A6D00063960101174B184A9A60184A5A60184A43
:10A6E0001A60184A9A62184ADA62184ADA60184AF6
:10A6F0009A61184A1A63184A1A62184ADA64184AA0
:10A700009A64184A5A62184B184A9A60184A5A6250
:10A71000184ADA62184A1A61184A5A61184A9A6144
:10A72000184A1A63184A9A64184ADA64184A9A63EB
:10A73000704700BF3C04002199910101C9910101BA
:10A7400019930101D394010145950101E1AE000186
:10A750005B95010179B10001E5AF0001A39601010C
:10A76000CB96010145B0000148050021B5910101DA
:10A77000639601017D95010121950101A1950101DA
:10A7800085AF000179970101199701010397010134
:10A7900049960101054B064A9A65064ADA65064B59
:10A7A000064A9A65064A1A66704700BF24020021CD
:10A7B000B77F01016181010130030021517E010158
:10A7C000B7810101054B064A9A65064A1A66064B8F
:10A7D000064A9A65064ADA65704700BF3C040021C4
:10A7E000AF8001016193000148050021517E010104
:10A7F000238201013F2A2DE9F34105460C4643D847
:10A800003F2A44D8DFE812F048009900B200BD00AA
:10A81000D40093009300E000E200E800930093006E
:10A82000ED00F800E20043004300FC0093009300B9
:10A830000F010F01250125012C01430043006B018D
:10A8400080018D0193019901A401A601A801AA012B
:10A85000B501BD01D401D60143004300C501DE01AD
:10A86000DC01430043004300430043004300430036
:10A870004300430043004300430043004300E00122
:10A88000E2014300D801DA01FF2A00F0A18140F281
:10A89000DD415120F5F7CEFD456841F27073D5F8E2
:10A8A0001412B5F80E22A1F57A7098420BD84FF425
:10A8B0007A73B1FBF3F303F550639BB26420012676
:10A8C000B2FBF0F20CE040F2E2406FF45066B1FBF4
:10A8D000F0F39BB29E19062EF0D90026B2FBF0F2DF
:10A8E000E3711B0A22712372B5F8183263721B0AD6
:10A8F000A372B5F81A32E3721B0A237395F8173165
:10A9000033B905F5037305F5047228460EF08FFC84
:10A91000B5F80C3263731B0AA373D5F810324EB12D
:10A920006422B3FBF2F36371C3F30723A37102B094
:10A93000BDE8F08140F2E242F3E74668D6F8003223
:10A940004B6096F804320B72406890F817313BB9AF
:10A950000EF012FC6B68B3F888301844A6F80602B3
:10A96000B6F8063263721B0AA372E0E70378012B84
:10A97000436802D193F8183101E093F82131237133
:10A98000D5E74368D3F848224A60D3F84C228A605E
:10A99000B3F850228A81D3F82822C1F80E20D3F8C8
:10A9A0002C22C1F81220D3F80831C1F81630BEE7C6
:10A9B0004268D2F8E6314B60D2F8EA318B604368E6
:10A9C000D3F80C31CB60B2E74368D3E7084602B056
:10A9D000BDE8F04100F08ABB02B0BDE8F04100F0F4
:10A9E00095BB10230B7159234B7100238B717E2370
:10A9F000CB7120230B729AE7436893F81231BEE7BC
:10AA0000027843684AB993F8182132B193F81521B6
:10AA10000A7193F81431637189E793F81321227155
:10AA200093F81231F7E74368B3F860200A71120A0D
:10AA30004A71B3F81A218A71120ACA71B3F85C20FC
:10AA40000A72120A4A72B3F818318B721B0ACB725F
:10AA50006DE7436893F82E210A7193F82F31DAE7F6
:10AA6000476897F80A82A8F10303012B31D897F8B9
:10AA70007430DA1E012A2CD8B8EB030818BF4FF047
:10AA8000010897F80B020DF06DFA0646B8F1000FB9
:10AA900022D197F80A020DF065FA8046686890F8AE
:10AAA00017316BB946EA080313F0FF0306D00EF026
:10AAB00063FB6B68B3F8883003449BB2A7F8083295
:10AAC000B7F808326671A3711B0A84F80480E37139
:10AAD0002DE74FF00008D4E74FF00008DEE72378B9
:10AAE0004168204643F0200323700A7C4B7C01A977
:10AAF000032A03F01F0308BF002243EA82138DF8E4
:10AB000004300EF089F812E743680F211888F6F731
:10AB100033F900F15B01204602B0BDE8F0410EF0D0
:10AB2000B8B8084602B0BDE8F0410FF0F2BD0846E3
:10AB300002B0BDE8F0410FF0F4BD2B4B1B68002BB9
:10AB40003FF4F5AE2946204602B0BDE8F041184773
:10AB5000264BF3E7264BF1E7264BEFE7264B1B6826
:10AB6000002B3FF4E4AE0246232002B0BDE8F041E2
:10AB70001847214B1B68002B3FF4D9AE0246242016
:10AB8000F3E71D4B1B68002B3FF4D1AE0246252096
:10AB9000EBE743680F211888F6F7EEF800F17D0225
:10ABA00000F15B01204602B0BDE8F0410EF07DB837
:10ABB000124BC3E7124BC1E7124BBFE7124BBDE785
:10ABC000124BBBE7124BB9E7124BB7E7124BB5E795
:10ABD0004368204693F89722D3F8981202B0BDE854
:10ABE000F0410EF01CB800BF540600215C060021A5
:10ABF000580600216006002164060021700600212D
:10AC000074060021780600217C06002168060021D8
:10AC10006C06002180060021840600213F2803D80D
:10AC2000064B53F82000704700F10A03DBB2022BF9
:10AC300001D8B638F4E70020704700BF2402002195
:10AC40003F2803D8064B53F82000704700F10A0351
:10AC5000DBB2022B01D8B638F4E70020704700BF02
:10AC60003C0400213F2803D8064B53F820007047CE
:10AC700000F10A03DBB2022B01D8B638F4E700205A
:10AC8000704700BF300300213F2803D8064B53F81C
:10AC90002000704700F10A03DBB2022B01D8B6385E
:10ACA000F4E70020704700BF4805002130F8023C5F
:10ACB000F7B504460E4630F8A85C73B10122684629
:10ACC000ADF801508DF80020ADF80330FDF708FB1A
:10ACD00018B195216320F5F7ADFB1B4B1B6813B131
:10ACE000A4F128009847194B1B680BB128469847D8
:10ACF0000A230027A6F803503370B770637A54F81C
:10AD0000900C73710BF0FCFC08B9BA21E2E72846FD
:10AD1000FEF718FC39462846F6F744F80221284683
:10AD2000F6F740F818B90A4B1B6803B198474FF47F
:10AD30000173002003F004021B0A62F3070063F3AF
:10AD40000F2003B0F0BD00BF880600218C06002153
:10AD500090060021F7B5456804464FF6FF776E6907
:10AD60000DF102010DF101023046ADF802700BF059
:10AD700076FC01A930460BF094FC40B101980BF031
:10AD800058FD616800220272FFF74AFBE8E70449B8
:10AD900005F1A80003B0BDE8F0400DF0DBBF00BF37
:10ADA000ADAC0001F0B5044685B00D46FF2600F8B5
:10ADB000C96C10F8CA3CF3B1184F3B781BB148215D
:10ADC0001F20F5F737FB0C21381DF5F745FD3E70C8
:10ADD000002304F8C93C09232A4602F8033BD4F8AF
:10ADE0000930C5F80330D4F80D305360D4F8113071
:10ADF000936005B0F0BD01A80C21F5F72DFDA4F579
:10AE00002E73039AC3F80C2101AB03CB44F8D20C88
:10AE100044F8CE1C04F8CA6CDAE700BF9412002193
:10AE200010B5054C23782BB90C21201DF5F714FD26
:10AE3000FF23237010BD00BF94120021024690F83A
:10AE4000EE31BBB990F8EF3103F0FF010BB10020F8
:10AE50007047094B18780028F9D01970D968043365
:10AE6000C2F80C1103CBC2F8E601C2F8EA11FF23C5
:10AE700082F8EE31012070479412002138B5436802
:10AE8000044693F88E201C2A24D1002283F8CF2078
:10AE900083F8CA2083F85222436893F8D01003F550
:10AEA000D4701D8869B10C4983F8D020A3F8B25141
:10AEB00083F8B1210DF04BFF6368002083F88E000A
:10AEC00038BD012283F8B111A3F8B251034983F8C8
:10AED000B421EFE70220F3E717940101099401017F
:10AEE000426838B592F88F3004460D463BB1142BBA
:10AEF00005D0123B0B2B8CBF0120082038BDD2F8A7
:10AF00001C317BBB92F8D03013B920460EF0D3F839
:10AF10006268D5F80E30C2F8DE31D5F81230C2F8CA
:10AF2000E2316368D5F81620C3F808211A88A3F81F
:10AF3000C1226A68C3F8C322AA68C3F8C72263683B
:10AF4000AA89A3F8CB226368002283F8EE21606807
:10AF50000B4900F52E700DF0FAFE6368162283F897
:10AF60008F200BE00C22204603210EF0C8F8636806
:10AF70003222204683F88F200EF09DF80020BDE796
:10AF8000A5AD000138B54368044693F88F201D2A0B
:10AF900004D04FF4DE711F20F5F74CFA002293F82D
:10AFA000D0101D8803F5D47083F8CF2069B10B4908
:10AFB00083F8D020A3F8B25183F8B1210DF0C7FE79
:10AFC0006368002283F88F2038BD012283F8B11115
:10AFD000A3F8B251024983F8B421EFE717940101B5
:10AFE0000994010138B50578446825B994F88F3083
:10AFF0002BB101201AE0D4F88030DB07F9D44A687D
:10B000000E4B896813400E4AC4F8E030C3F307635F
:10B010000A4043F00803C4F8E42084F8E3300EF05B
:10B020004AF825B9042384F88F30002038BDD4F8BD
:10B03000803043F00103C4F88030F6E72FC904F7ED
:10B040006FDB0080436810B593F88E20042A2ED160
:10B050004A6800788C68C3F8E020C2F30762C3F83E
:10B06000E44042F0080283F8E320002283F8CA207B
:10B0700083F88E2008B983F8330193F83421A2B9FC
:10B0800093F88A2102F0FF007AB91A8883F88B01BD
:10B0900003F5C170A3F88C214A68C3F88E218A6831
:10B0A0000449C3F892210DF052FE002010BD01208A
:10B0B000FCE700BF27960101436893F8342112B1E1
:10B0C000084B1B68184793F88A2152B91A8803F570
:10B0D000C1700549A3F88C211A2283F88B210DF049
:10B0E00036BE7047940600212796010110B504462C
:10B0F000FEF78EF8034A044B02400B406260A360E7
:10B1000010BD00BF2FC904F76FDB008037B50C46B8
:10B110004568FEF77DF8084B084A03400A4095F859
:10B12000E01000930B4001928DF800306B4603CB8A
:10B130006060A16003B030BD2FC904F76FDB0080F1
:10B1400038B5DB04154604D5037D13B100234363F2
:10B1500038BD446B013444630EF0EFFA836B9C42BC
:10B16000F6D30023034943632846BDE838400DF079
:10B17000F7BD00BF9596010170B544680546067895
:10B1800094F88E30012B09D026B994F88F302BB16A
:10B1900001203FE0D4F880309807F9D494F8D130FA
:10B1A0009A0715D40A79D80784F8DB20B1F805206E
:10B1B000A4F8DC20B1F80720A4F8DE2043F0020256
:10B1C00084F8D12010D5194904F1D2000DF0C8FD42
:10B1D00094F8D130D90712D4EEB994F88F3043B136
:10B1E00050214020F5F726F994F83231002BEAD1AE
:10B1F000EEE7012384F88F3028460DF05CFF94F8C9
:10B200008E300020012B4FF0000304BF84F88E30F5
:10B2100084F8CA3070BDD4F880309A0701D5552122
:10B22000DFE743F00203C4F88030E5E75B970101F4
:10B2300070B545680446FEF737FE054B014685F8B4
:10B240008D001B681BB12046BDE87040184770BDDB
:10B250009C060021024B1B6803B11847704700BFD2
:10B2600098060021F0B51F4D00242B7814709BB177
:10B27000013B6D68DBB21E1B012E0FDC05EBC40623
:10B2800055F8347076688E4208BF874227D0B8429E
:10B2900071EB060612D214700020F0BD1E19771053
:10B2A000C6F3470655F837C005EBC70E8445DEF8F0
:10B2B00004708F412CBF33463446DCE705EBC304F2
:10B2C00055F8335064688C4208BF854206D0A842C6
:10B2D00071EB040428BF01331370DDE71C46012025
:10B2E0001470DAE7B412002110F0070208B503D099
:10B2F00063214820F5F79EF818B1034B1972586086
:10B300001A70C80008BD00BFB4120021014B002212
:10B310001A707047B4120021014B187A704700BFB1
:10B32000B41200212DE9D3430EF053FA0DF10702B8
:10B3300007460E46FFF796FF90B90F4C2378227A06
:10B340009A420ED0626819469DF807E002EBC300EE
:10B350008E4509D302EBCE020133C2E90076237099
:10B36000012002B0BDE8D08350E90289013960E8CC
:10B370000289C9B2ECE700BFB412002137B50EF064
:10B3800028FA0DF10702FFF76DFF58B10A499DF841
:10B3900007300A78013AD2B20A70496801EBC3015A
:10B3A0009A4201D803B030BDD1E902450133E1E84A
:10B3B0000245DBB2F4E700BFB41200210A4606489A
:10B3C000822302F8033B0368C1F8033043685360EB
:10B3D00083689360704700BFBD12002116220021D0
:10B3E00001480AF00FBB00BFBD120021F7B51E4C8B
:10B3F00002AB03E90300637DA3B39DF800300D4663
:10B400002BBBD1E972760EF00EFA95F87420174B2B
:10B41000833033F812304FF47A7203F23F63B3FB98
:10B42000F2F3DB192A8846F100061B18228046F148
:10B4300000066360A660B5F8883002220C4904F16A
:10B440000C00638003B0BDE8F040FEF7FBBF53067D
:10B4500008D50B882380D1F848326360D1F84C328C
:10B46000A360E8E703B0F0BDBD120021D0390201AE
:10B47000BDB30001024B0022C3E90022704700BFA8
:10B48000D812002108B5044B186810B9FFF7F2FF75
:10B4900008BD0C20FCE700BFD8120021024B187A2F
:10B4A000003818BF01207047D812002113B5CDE92C
:10B4B0000012054BFF225A7200F11003DDE9000172
:10B4C00083E8030002B010BDD8120021C3693BB964
:10B4D00083692BB9034B1B681B1A584258417047AC
:10B4E00001207047D812002130B50D4AFF23137296
:10B4F000D0E9065373B1D0E902149D610C44D968B8
:10B500002144D960816939B1CB610023C0E9063398
:10B51000137230BD1560F5E7002BF6D0D960F4E763
:10B52000D812002110B5124AFF231372C16189B9E4
:10B530001368836103B1D86110600023C169C360DF
:10B5400099B1CB687BB18468A3420AD230213720FD
:10B55000F4F770FF8B6988618361002BEDD0D861AF
:10B56000EBE71B1BC3600023CB600023137210BDED
:10B57000D8120021014B1868704700BFD812002173
:10B58000034B00201B6803B9704718469B69FAE714
:10B59000D81200210B4B002230B51B6804464FF037
:10B5A000FF35104623B911B9002808BF104630BD39
:10B5B000DA68A24203D3AA423CBF154618461A468F
:10B5C0009B69EFE7D812002170B50F4CFF2323725F
:10B5D000036A1BB181689D68A94203D2E521372027
:10B5E000F4F728FFC2698669DA619E6152B19361FE
:10B5F0009A691AB1D361C26811444A1BDA60002308
:10B60000237270BD2360F3E7D8120021014B0122A1
:10B610001A717047D8120021014B00221A7170472D
:10B62000D8120021014B1879704700BFD8120021B1
:10B63000F8B54FF0000C0446284E084686F809C0BD
:10B64000002135680B4685B9757A002DF6D15BB1BE
:10B65000984225D3013CB0FBF3F11C4403FB01F5F8
:10B66000B4FBF3F48C420ED9F8BD2F690BB19F42A5
:10B6700007D23B4627B94FF4A3713720F4F7DAFE1F
:10B68000A98AAD69DFE7B5FBF3F603FB165626B9C9
:10B69000B5FBF2F602FB1656DEB10139ED1AE1E711
:10B6A000451E1D44B3FBF4F4B5FBF0F5AC42DBD30F
:10B6B000B3FBF5F605FB16374FB9B6FBF2F702FB05
:10B6C000176727B9B6FBF1F701FB17671FB1013503
:10B6D000ECE72846C8E73046C6E700BFD81200218D
:10B6E000094B53F8203003F5234370B5A1331646B8
:10B6F0004FF47A720C46B3FBF2F5344406F042FC88
:10B700002C44204470BD00BFBC3902012DE9F04F2C
:10B7100099468BB00023044688461746069390F856
:10B7200075B00CF042FB054694F87F00FEF79CFBD9
:10B7300005440EF078F894F88F3000F17306ADB23E
:10B74000442B3BD00E2B39D094F88EA0AAF14402A2
:10B75000D2F1000A4AEB020A002F5FD194F80432BA
:10B76000032B5BD1BAF1000F58D0B4F8A032434597
:10B7700054D1D4F80C322046B4F8DC21C4F8F831A6
:10B78000E369C4F8FC31B4F85A321344C4F8003207
:10B7900003F0C6F841F64B53D4F8A82294F8B4123B
:10B7A0009A428CBF0023012359B9E1698A421ED015
:10B7B000208804930EF0CAFF049B18E04FF0010AA2
:10B7C000CAE720880EF0BFFF20B940F29371302005
:10B7D000F4F730FEB4F8B0326386B4F8B232838145
:10B7E000B4F8A032C7814381013B03823B4694F801
:10B7F0007E20002A36D1002B35D1D4F8A42284F83B
:10B800007E300223E262B4F8A22284F80432228657
:10B81000D4F8A822E261D4F8AC22626204F50A737B
:10B82000B4F888C00493A8EB0C0CB4F858320FFAA3
:10B830008CFCA8EB03031BB2002B1FDAD4E9902386
:10B84000C4E994230023012284F81F32634694F84C
:10B850000412032900F2BE81DFE811F01200250175
:10B860006D0046012BB14FF04D126263002222871A
:10B87000C3E74FF0961223876263BEE74A46E6E7C6
:10B8800094F8751094F8D6010CF05FFE8346E06AD8
:10B890002946584409F0F6FB2946C4F80802E06935
:10B8A00009F0F0FB94F87E3007A95B00DBB203449B
:10B8B00008A8C4F80C3206F045F8079B0093DDE9B0
:10B8C0000823D4E9940108F0E7FA054620460DF074
:10B8D000EAFFD4F85C32E26A94F8750006930492A9
:10B8E00006F058FB069B00F52340049A203BD4F851
:10B8F0000812A13013444FF47A725B1A30319B1B4B
:10B90000B0FBF2F05B4432465B1B1B1A94F87500E7
:10B910000693238E03EB4101FFF7E2FED4F85C228D
:10B92000069B22309B1AC4F81002B3F5A07F5DD2AB
:10B9300040F2FC414BE7E36A2946D4F8FC01184485
:10B9400009F0A0FB2946C4F80802E06909F09AFB57
:10B9500094F87E305B00DBB203442046C4F80C321E
:10B960000DF0A1FFE36AD4F8FC511D44B4F8DC31BA
:10B97000002B40F09480B9F1000F00F0908094F813
:10B98000750006F007FBD4F80812D4F8483200F529
:10B9900023406D1A94F87520A130203D1D44A74B1B
:10B9A00053F822204FF47A7302F2E732D4E990BCC4
:10B9B000B2FBF3F2A5EB0B05B0FBF3F01544AD1BA6
:10B9C0002D1AD4F8F831D4F8002294F8750002FB4F
:10B9D0000311238E32460695303103EB4101FFF708
:10B9E0007FFE0123C4F8100284F80432E56904F1F3
:10B9F0003C00D4F80C32F43D0699ED1AD4F810321C
:10BA0000AD1B9D4228BF1D46002384F82832C4F890
:10BA1000D851D4E994325B1842F10002C4E98E3265
:10BA20000DF0D5F92844A4F85882C4F82C02D4E9C2
:10BA30008E23C4E9942302F0E5F920B1D4F82C3226
:10BA40001E33C4F82C32B4F8C831A3EB08031BB280
:10BA5000002BD4BF00220122520084F83022BAF118
:10BA6000000F40F0BA80B9F1000F40F0B98094F8AF
:10BA70000432002B00F0D080E16904F50A70D4F89C
:10BA80000C32C91A0CF0FBFC80B2002800F0C48014
:10BA9000149B03B1188001200BB0BDE8F08FD4F8DF
:10BAA00008126D1A8DE7D4F80C02E269D4F800127E
:10BAB000121AD4F8F8515A43D4F8083206923033A7
:10BAC000B4F8DC2105FB01336244521A218E013A9D
:10BAD00000FB0233324694F8750001EB4301FFF797
:10BAE000FFFDC4F8100281E7E16959430691B9F1FD
:10BAF000000F2DD0B4F8DC0150BB84F81F02D4F83D
:10BB00000C0200FB131E94F88E300490262BCDF807
:10BB100018E003D094F88F30262B0AD1B4F8A03265
:10BB2000A8EB03031B0404D494F8A332002B18BF22
:10BB30009B46B4F8DC017AB370BBD4E99251D4E9E6
:10BB40009023AA4273EB010108D34FF4AA613EE6A9
:10BB500094F81F0200287FF449AFD0E794F87520CD
:10BB6000203D364B53F82230D4E99012CDE9021231
:10BB700003F2E7324FF47A7103F52343B2FBF1F29B
:10BB8000A1330592029AB3FBF1F3AD1A059A15445D
:10BB9000ED1AAD1B7544069500EB0C05049B32466F
:10BBA00058465D4330356D002946FFF799FD41F653
:10BBB0004B53C4F81002E06998423FF617AF06AB4A
:10BBC00032462946009304F504730CF0DBFC84F83C
:10BBD0001F020BE74FF4AD61F9E5B9F1000F1BD07F
:10BBE000B4F8F00110B3B4F8F21194F8F4214D1C3C
:10BBF000A4F8F21101FB022290420DDD002B0BDDB7
:10BC00000023A4F8F25184F83032FEF799FC00F0DA
:10BC10000700013084F8F40104F50A7194F8200259
:10BC200007F04CFF20B940F2B151D0E50146DCE706
:10BC300087F0010784F81C7200202DE7BC3902014F
:10BC4000F0B5044685B018B9AA213020F4F7F2FB0C
:10BC5000072900F2F280DFE811F00800E400370065
:10BC600037003200F000DC00EE0090F81C32B0F833
:10BC70008820DBB1B0F81A32934208BFB0F8CC315B
:10BC80009A1AA0F8CE21A4F888302046D4E98E2351
:10BC9000C4E9902302F06CFD94F8D331002B00F03E
:10BCA000B68005B0BDE8F0400EF040BBB0F81832E9
:10BCB0009B1AA0F8CE31B0F818329BB2E3E705B07A
:10BCC000BDE8F04005F04ABE07F034FED4E9902309
:10BCD000801A61EB0301012871F1000302DA40F2DE
:10BCE0003C61B2E76FF0010383424FF000038B41E8
:10BCF00002DA40F23D61A8E7E3690BB1B0FBF3F370
:10BD000094F88F00B4F81A22442810D094F88E10BA
:10BD1000433901290BD90E2809D0B4F888100B44F7
:10BD20009BB2D11A0D0444D501339BB243E00132DA
:10BD3000A4F81A22B4F85A3202AEB4F8885001338B
:10BD40003F4FA4F85A32B4F8C2301D44B4F8C030A2
:10BD5000013DED1AADB23B685BB1B4F81A12002296
:10BD60002046013989B29847B4F81A321844A4F829
:10BD70001A02B4F81A126B1A18042CD400232046A5
:10BD800000961A46FFF7C2FC012840D1B4F81A22E7
:10BD9000B4F8C811BDF808301344521A12049BB20B
:10BDA00004D5EA1A12F4004F18BF0B46A4F81A3251
:10BDB000D1E7013293B2A4F81A3294F81D32002B65
:10BDC000B8D1B4F8CC31B4F81A22934204BF01338D
:10BDD000A4F81A32AEE794F8923030460394002B60
:10BDE00014BF08233E2384F8B13001238DF80830B6
:10BDF000FEF7B0FF20460EF09BFA002394F82002D5
:10BE000084F8043207F0B0FD202384F8203205B016
:10BE1000F0BD012008F03EF805B0BDE8F040F5F7B0
:10BE2000A3BE90F80432042B01D0D0210DE70023EB
:10BE300080F80432EBE7D62107E7DA2105E700BFF7
:10BE4000A0060021F7B5044618B9E2213020F4F726
:10BE5000F1FA072900F2BC80DFE801F004844646CD
:10BE600041BA33B707F0FCFFC4E95201204601F0A4
:10BE7000D1FBD4F83C01DC3807F0FAFE10B940F2EF
:10BE80007B21E3E720460EF048F80546F8B9014665
:10BE900020460DF0C3FF00F1F606D4F83C01B04295
:10BEA00009D2301A0321402838BF402007F000FF94
:10BEB000051E18BF0125C4F83C6120460EF077F836
:10BEC0003DB1204603B0BDE8F0400EF071B800254A
:10BED000F3E7D4E95223C4E94C2303B0F0BD03B027
:10BEE000BDE8F04005F03ABD0DF0D9FF002307464C
:10BEF0000E4684F8413107F01DFD0722A7FB0235ED
:10BF000002FB0655D4F834210192D4F830219B1855
:10BF1000019A45EB0205D4F8142132B157EA060222
:10BF200003D0984271EB050216D2022284F8402118
:10BF3000D4F85021D4F854C1121A6CEB010C94F8C7
:10BF400060E1BEF1000F09D1012A7CF1000E11DA87
:10BF5000204601F067FB05E00122E7E7012A7CF1BA
:10BF6000000CF5DB94F8100107F0FEFC002384F8C8
:10BF70005831B2E7984271EB050E0ED23E430CD019
:10BF80001B1A65EB01019A427CEB010005DB012BDA
:10BF900071F10000A4BF1A468C460F49012394F8A2
:10BFA0001001914284F859314FF0000384F8383180
:10BFB00073EB0C03B8BF0A4604F59C7107F07AFFD7
:10BFC00000288AD140F2EF6140E74FF480713DE7ED
:10BFD0004FF482713AE700BF0040420F2DE9F04173
:10BFE00004460E46154690F8583103F0FF071BB182
:10BFF0000C273846BDE8F08101464E4807F0C6FCE4
:10C0000020288046F4D05722394604F2111009F056
:10C01000F9FC84F81081C4F81461FF2384F85831C6
:10C0200036B1FEF7A5FA00F00700013086F8F401FA
:10C0300002234FF00008A4F8403184F8388109F059
:10C0400067F800F1BC0620460DF067FF0146B6B266
:10C05000002846D00BF0A9FE00F5CD61284689B234
:10C0600009F010F82844C4F83C0107F063FC3018CC
:10C070004FF00106A4F8268041F1000184F8186110
:10C08000C4E9520120460DF05FFF28B3A5F2F24546
:10C09000314620460DF0C2FE2D1AC4F81C514FF057
:10C0A000FF356FF0004194F81001D4E95223C4E940
:10C0B0005451002504F59C71C4E94A23C4E94C237A
:10C0C00084F8595142F2107207F0F4FE60BB40F25E
:10C0D000EB113020F4F7AEF93046F63D0EF008F8DB
:10C0E000DAE72046DFF850800DF098FEF630C4F80D
:10C0F0003C01B8F8000048B1E08C38B1FEF738FADE
:10C10000B8F80030B0FBF3F202FB1300064407F06E
:10C1100011FC361841F10001C4E95261002DBED076
:10C12000AD1941F10001BEE7294620460DF042FF5E
:10C130005FE700BF45BE0001E4120021F0B5002317
:10C1400085B0CDE9003303238DF806306846F4F757
:10C150004DFE88B11F4E01230027B3700223CDE9A5
:10C1600002778DF80E3002A8F4F740FE0546C8B1FC
:10C170000023B37005B0F0BD00980DF0F3FBE5E7C8
:10C1800090F8200207F026FD94F8200207F04AFEFE
:10C1900094F8200284F8045207F0E6FB202384F888
:10C1A0002032DBE7029B002BDDD093F82022202AEF
:10C1B000D9D018884FF6FF739842D9D00221F4F7EE
:10C1C000DBFD04460028DBD140F237113020F4F7C4
:10C1D00031F900BFE4120021044B0022DA709A709A
:10C1E00042F210721A80FFF7A9BF00BFE4120021CB
:10C1F000014BD870704700BFE412002108B504F06D
:10C2000077FD044B5A6882422ABF9878002080F05C
:10C21000010008BDE4120021F0B5044685B090F895
:10C22000D33103F0FF05002B6AD190F80432032BC1
:10C2300066D107F07FFBD4E99023801A61EB0301FC
:10C24000012871F100035BDB6FF00103834275EBA2
:10C25000010104DA40F2E5513020F4F7EBF8E2692D
:10C26000B4F888300AB1B0FBF2F2013313449BB248
:10C27000A4F81832B4F8CC31B4F818229B1A1BB2C7
:10C28000002B3DDD94F8200207F0A4FC002837D0F5
:10C29000FF2384F81D32B4F8C2300DF10E07B4F854
:10C2A0008850184E1D44B4F8C030013DED1AADB2AF
:10C2B000336863B1B4F8181200222046013989B2FC
:10C2C0009847B4F81832184480B2A4F81802B4F8A9
:10C2D0001832EB1A1B0413D4B4F8181200230122ED
:10C2E000204689B20097FFF711FA012808D1B4F867
:10C2F0001832BDF80E2013449BB2A4F81832D7E7C9
:10C3000005B0F0BDA00600212DE9F3410446062941
:10C3100000F29E80DFE801F0042714242B30970000
:10C320004D4B9B7803F0FF0253B900920123B0F804
:10C33000CC11FFF7EBF930B140F21E7130202AE04A
:10C34000042384F8043205F00BF907F0F7FA002310
:10C35000B4F88820A4F85A32A4F81A2284F81D32BE
:10C3600002B0BDE8F081032380F80432F8E704F05E
:10C37000F1FCC4E99201F3E711210088F4F7FCFC19
:10C3800000285ED094F87530022B58D005D8012BC8
:10C3900008D0D621B420F4F74DF8033B012BF8D890
:10C3A0001E3000E00A30858894F87500DFF8A88018
:10C3B000C31E012B8CBF002628260DF05DFAC2306B
:10C3C000D4F80C2206F5A976A84234BF2B1A002314
:10C3D000E56999188D428ABFAD1A0025ED1A98F8C3
:10C3E00003301BB9E36B9D4228BF1D46D4F8D871BA
:10C3F00004F13C000CF0EBFC0744022007F008FDC0
:10C400000221ED1B25EAE575854228BF0546284631
:10C4100007F04EFC00B92F4401233246394620462E
:10C420000CF079FDD4F8D831C8F80400E06918445C
:10C4300007F01EFC002893D140F2A3317EE71430B0
:10C44000B1E79625B0E702B0BDE8F0410DF02BBA98
:10C4500040F2ED7172E700BFE4120021012A70B5CD
:10C4600005460C46164617D0022A1AD03ABB024699
:10C47000144994F8100107F0B3FA20B940F2FD71A5
:10C480003020F3F7D7FF04F033FC32460146204654
:10C49000BDE870400DF03CBA04F02AFCC5F85C021F
:10C4A00070BD0246074994F8100107F099FA10B9D7
:10C4B0004FF40161E4E70122D5F85C12E7E740F6AA
:10C4C0001801DDE741BC0001014B1880704700BF37
:10C4D000E41200210C4B4FF47A7233F81130023918
:10C4E00003F2E733C9B2B3FBF2F3022900F1FF32E2
:10C4F00010B54FEAC21296BF044CF02134F8111067
:10C50000134400FB013010BDD0390201783802011C
:10C51000D928F0B5054628BFD925BDF814600446D2
:10C52000303501F5A57006F00207ADB2FF2D28BF2A
:10C53000FF2516F0010621D10FBB002B00F0C580AE
:10C54000911EC9B2022996BF7B4D40F6480135F8CD
:10C5500011100844D92C7FD9D93C951EF721A4B2DB
:10C56000EDB2002B00F0CF80F634022DB4FBF1F4D5
:10C5700000F2C680714B33F815306BE0EFB1911EBD
:10C58000C9B2022997BF6E4D4FF4147105EB4101FA
:10C59000C9880144D01E012837D801F614409830CC
:10C5A000002E3BD0023AD2B2022A97BF644BC0237E
:10C5B00003EB42035B8A18444EE053B1911EC9B2AB
:10C5C000022997BF5E4D40F6480105EB410189897C
:10C5D000DFE7042A05D1691D89B2890101F5C87117
:10C5E000D7E7032A05D1691D89B2090101F5BF7199
:10C5F000CFE7022A0BBF05F10B0105F10A0189B251
:10C6000089B20CBF8900C900C3E7022A01F19C016D
:10C6100014BF4FF4B070B4200844C0E7EBB1911ED2
:10C62000C9B2022996BF474D40F6480135F81110AE
:10C63000D92C084410D9D93C951EF721A4B2EDB2EB
:10C640004BB3F634022DB4FBF1F459D83C4B03EB59
:10C6500045031B8B03FB0400F0BDF12C214628BFD2
:10C66000F121042A05D1133189B2890101F5C8717C
:10C67000DEE7032A05D1133189B2090101F5BF7143
:10C68000D6E7022A0BBF1931183189B289B20CBF23
:10C690008900C900CCE7B4FBF1F3022DDBB239D835
:10C6A000294931F8151001FB0300C3EB4311C3EB1B
:10C6B000C103E41AA3B2002BCED00833042A9BB2E4
:10C6C0002BD19B0103F21A4375E7042A06D10535E5
:10C6D000ADB2AD0105F5C87528443BE7032A05D185
:10C6E0000535ADB22D0105F5BF75F5E7022A0BBF83
:10C6F0000B350A35ADB2ADB20CBFAD00ED00EBE7C6
:10C7000040F69213A6E7B4FBF1F3022DDBB201D899
:10C710000E49C6E740F69211C5E7032A03D11B0173
:10C7200003F5467347E7022A0BBF9B00DB0003F5C6
:10C73000BB7303F5CD733EE78438020190380201E4
:10C7400078380201843802019038020190380201E1
:10C75000264B1A6810B5D2F80F300362537D117D55
:10C760001B0443EA0123D17C0B436FF450618362C5
:10C77000B2F81930591806298DBF40F2E241A3F5ED
:10C7800050634FF47A714B438EBF00214B4301211C
:10C79000C36180F87E10937DD9B103EB830303EB73
:10C7A00083039B000386B2F81730D9B164214B4351
:10C7B000C362B2F81B308384B2F81D30C38492F890
:10C7C000243003F01F025B0980F8A22080F87F303C
:10C7D00010BDC3EB431403EB840303EB83035B0043
:10C7E0009BB2DFE740F2E241E1E700BFEC1200213B
:10C7F0000346074A1068D3F86920C0F80320B3F84D
:10C800006D20A0F8072093F868100BF0C5BF00BF9B
:10C81000EC120021D0F8803073B50BB101221A6000
:10C820004388DB0726D50023134E056ACDE9003384
:10C8300002238DF80630FF2386F820306846F4F78F
:10C84000D5FAB8B9009CA542F8D005F10A036A7A76
:10C8500004F10A01607A0BF0F7FC0028EED0A3780F
:10C8600086F82030D4F80330C6F82130034BB4F8F2
:10C8700007209A8002B070BDEC1200210D13002138
:10C8800038B5084D044600F16901062328680022E6
:10C890000CF094F894F868102868BDE838400BF064
:10C8A0007BBF00BFEC12002170B504460E46134654
:10C8B000807F6588324615F0040118BF04F17701C6
:10C8C000FDF786F94107054621D4C2070BD50123A0
:10C8D000A07F84F86830FDF74DFA0368C4F869302A
:10C8E0008388A4F86D30AB0701D4012070BD094BDB
:10C8F00001211868D4F8773084F87610C0F8093030
:10C90000B4F87B30A0F80D300BF053FFEDE70020BA
:10C91000ECE700BFEC12002110B50446084694F87D
:10C92000D8306BBB2378082904F1DB0284F8D930B6
:10C9300016D004F1DA01FDF7F3F820B940F64A7198
:10C940002D20F3F777FD94F8DA3043F0020384F8F2
:10C95000DA3004F1D0000B49BDE810400CF0F7B913
:10C96000094B1868034613F8031BC1F3801184F8C0
:10C97000DA10D0F80310C4F8DB109B889380E8E746
:10C9800010BD00BF199B0101EC12002170B50446D7
:10C990000E461546FCF7FEFB98B92378A4F8C16053
:10C9A00084F8C030637C84F8BF500BB194F84830F1
:10C9B00004F1B60084F8C3300249BDE870400CF0C1
:10C9C000C6B970BD0F9D010103292DE9F04305464D
:10C9D00085B0174607D14388980723D40024204602
:10C9E00005B0BDE8F083428890F88830D107DBB20B
:10C9F000F4D5002BF2D14FF00108DFF8D49099F86C
:10CA00001260C6B10BF064FC0828387016D002AA78
:10CA10000DF10701FDF784F838B940F6D4612D20F7
:10CA2000F3F708FD4FF00208E7E702A99DF80700B9
:10CA30000CF0DBFE06463B78082B08D1D9F8001035
:10CA400011F8030BC0F380100CF0CFFE0646D9F8A6
:10CA5000001005F1700395F86F2011F8030BC0F377
:10CA600080100BF0F1FBD9F80010044611F8030B0D
:10CA7000C0F380100BF022FC8146FDF78DF940B128
:10CA8000B9F1080F1BD04846FCF74CFF80F00103BA
:10CA9000D8B23A78082A14D01CB9AC7FA21A5442F2
:10CAA00054416A8853079AD4002897D176B92C7DCF
:10CAB000444518BF002C0CBF012400248FE7002040
:10CAC000E7E780F001022240D4B2EAE7344686E785
:10CAD000EC1200212DE9FF4108230DF10702052189
:10CAE00004468DF80730FFF76FFF054620B9002593
:10CAF000284604B0BDE8F081FAF7EAFE06460028B1
:10CB0000F5D1334F0DF10808216A3A6891F8963053
:10CB1000104610F803CB03EA5C1303F0010381F81D
:10CB20009630D2F80330C1F803308388A1F807307B
:10CB30001146D4F820C011F81F3BC3F380138CF8C2
:10CB40000230D2F81F000B79029060468DF80C304D
:10CB5000FFF7FEFD434694F913200121206A0DF0F2
:10CB600048F8216A84F8956020460B889DF80720D4
:10CB7000A4F89630FF2384F8B3304FF6FF73A4F87F
:10CB8000B4300DF05DF8134904F18C000CF0DFF8BF
:10CB9000FCF700FB60B9236A04F1C4000E491A884F
:10CBA000A4F8CD2093F8963084F8CF300CF0CFF86D
:10CBB000236A002220461988FFF7E8FE074B00226F
:10CBC0001B683A71002B93D02146206A98478FE763
:10CBD000EC120021A19B0101039B0101A806002189
:10CBE000032973B5044604D0052927D0012002B0DB
:10CBF00070BD08230DF107028DF80730FFF7E4FE42
:10CC00000028F3D0237C23B19DF807102046FFF7BE
:10CC100083FE0F4D0622042620462B685A701E7094
:10CC2000FFF7E6FD286894F85C20A16D0BF0DAFDB3
:10CC300028682E7104F01CFD0020D8E7054B1B6806
:10CC4000002BF9D0984780F00100C0B2CFE700BFB9
:10CC5000EC120021A406002138B5B0F84830044693
:10CC6000194D0133C3F30E03A0F84830AB7C2BB150
:10CC700004F0D0FD03F0DCFA0023AB7400232B7129
:10CC800094F889302BB101212046BDE838400CF0E2
:10CC9000B0BE637CB3B1B4F848209A4212D30121EC
:10CCA00020460CF0A6FE63882046DB0747BF236AB8
:10CCB000432243224FF6FF7148BF1988BDE8384030
:10CCC000FFF764BE0021DFE7EC12002110B5094C2C
:10CCD0002379012B02D02379022B05D1A37C1BB130
:10CCE00004F098FD03F0A4FAA06ABDE81040FFF735
:10CCF000B3BF00BFEC1200210346074A906A03B994
:10CD000009B9FFF7A9BF1379D26A03F18043126909
:10CD1000033B52F823301847EC120021F7B5404C82
:10CD20002379012B07D02379022B04D040F65C41F4
:10CD30002D20F3F77FFBA26A166A0EB196F87D608C
:10CD4000B8B3216802F1690392F8682011F8095B11
:10CD5000E8090BF079FA60B305F00F052068052D9E
:10CD60003BD190F8243003F01F03102B35D9A76A6C
:10CD7000BB7C93B308230DF10702294638468DF892
:10CD80000730FFF721FEA0B197F8E9308BB9226890
:10CD900007F1EA01D31C233253F8040B934241F804
:10CDA000040BF9D11B8807F1E1000B801D490BF042
:10CDB000CEFF0125A37C1BB104F02CFD03F038FA53
:10CDC00065B3A06A0CF0F3FD10B304F039FBE36A1D
:10CDD0009B6803B0BDE8F040184731460BF011FDE9
:10CDE0000028E6D02379A06A012B05D02379022BF5
:10CDF00002D040F635419BE723792946E26A03F1E8
:10CE000080435269013B52F8233098470546D1E7E9
:10CE1000A06A03B0BDE8F040FFF71EBF03B0F0BD4D
:10CE2000EC120021319B0101F8B504460F4619B3FD
:10CE300000F1300528460DF038F9A0B963881A07CB
:10CE40002ED528460DF046F9064628460DF02DF958
:10CE5000301AC0B20DF04CF9474A93680344284693
:10CE600093600DF001F928460DF003F904F062F922
:10CE70002179252003F092FF3F4E002394F876207D
:10CE80003068037043706388103B0D2B64D8DFE873
:10CE900003F05F635B0C63406363636363636340DE
:10CEA0002046BDE8F840FFF7D7BE06234370202395
:10CEB00003702046FFF79CFC638823F008039BB2B5
:10CEC000152B05D094F85420216D30680BF07BFCB5
:10CED000306804F0CDFB032321790020337104F086
:10CEE00037F9054607B9F06063881B0704D50DF0D4
:10CEF000FCF80544C4F820516388103B0D2B36D84C
:10CF0000DFE803F038352F2F352F353535353535FA
:10CF1000352F0C2321214370034603F8091B52B11E
:10CF2000D4F877200121C0F80920B4F87B209A803A
:10CF30000BF03FFCBDE7226FC0F80920B4F8742065
:10CF40009A8094F86F10F3E7062303704370B0E7FC
:10CF5000022303700623F9E740F236612D20F3F730
:10CF600069FA21790120BDE8F84004F07DBC40F663
:10CF7000CF41F3E7F8BD00BFEC12002138B543887C
:10CF80000446102B04D10121BDE83840FFF74CBF07
:10CF90000B4DAB7C23B103F02FF9402004F02EFCA5
:10CFA000286804F065FB608810F0040002D1217944
:10CFB00004F05AFC002004F0FDFB01232B7138BD66
:10CFC000EC120021024B0121986AFFF72DBF00BF30
:10CFD000EC12002110B5154CA37C1BB104F01AFC17
:10CFE00003F026F9A06A0CF0E2FC0346A06A1BB12C
:10CFF000438803F018031BB9BDE81040FFF72CBEAF
:10D000002379012B07D02379022B04D040F65E311F
:10D010002D20F3F70FFA2379E26A03F18043D268F7
:10D02000013BBDE8104052F823301847EC120021B4
:10D03000074810B5037903F0FF0433B924222146D1
:10D04000043008F0DFFC204610BD0C24FBE700BFD5
:10D05000EC12002110B50023084C23712060FFF76B
:10D06000E7FF20B140F2EF212D20F3F7E3F9E36A67
:10D0700013B940F2F221F7E710BD00BFEC12002116
:10D08000014B024ADA627047EC12002184D600019B
:10D09000044B054A1A60054B054A1A60054B064ABF
:10D0A0001A607047A4060021D5CA0001A806002115
:10D0B0005DC40001AC0600217DD300012DE9F041E3
:10D0C000467D0446B31E06F0FD06DBB2012B8CBF85
:10D0D0004FF000084FF00108371E18BF0127012B41
:10D0E00015D800F1700190F86F000BF0E7F80546D5
:10D0F00063889B0612D4082D0BD166BB04F169012D
:10D100003046FCF7A9FA48B90020BDE8F0810825AF
:10D11000EEE72846FCF712FC0028EED1A57784F84C
:10D120001D8084F86870FCF7F5FC054606F002FCEB
:10D1300000220E4B84F87620E5FB0301C4E91801B8
:10D1400011462046FFF7B0FB0028DED140F27A41BD
:10D150002D20F3F76FF9237F002BD5D0D4F81630AC
:10D16000C4F86930638BA4F86D30D7E740420F00F4
:10D170002DE9F04F07469DB00C46054610AE0FCF87
:10D180000FC60FCF0FC697E80F0008AF86E80F0055
:10D1900038466E790CF04EFFA37A617803932378BA
:10D1A00001F07F0A0493D146237D013BDBB2022BC1
:10D1B00000F28E80704AC906134493F8228008D486
:10D1C000A37D013BDBB2022B00F282801A4492F86D
:10D1D0002260637E03F0FD03012B04D1B8F1030F3D
:10D1E00028BF4FF00308A37E03F0FD03012B02D1FB
:10D1F000042E08BF0326617A38460CF022FF237DF7
:10D20000227F3846022B02F101020CBF617D012111
:10D21000D2B204BF0131C9B20CF015FF1AF0080FE9
:10D220006CD138460CF056FF63788346DA0654D446
:10D23000F3F7DCFE824641465846FFF74BF90123DF
:10D24000014632465046CDF80090FFF761F940F2B2
:10D250007122217900F53970E378B0FBF2F043EAEE
:10D2600001236179504343EA01435343984239D83B
:10D270004FF0000B94F818A00793A37CE86C05937B
:10D280000AF1FF33D3F1000A4AEB030A09F088FCE4
:10D290000690E86C09F094FC0699079B814238BF20
:10D2A000014688B268B308A90C9306930A910AA9AB
:10D2B000ADF82C90CDF834B08DF838808DF8396009
:10D2C0000CF045FC069BE0B945201DB0BDE8F08F91
:10D2D00040F29A310620F3F7ADF82822494600F0D3
:10D2E000DDF9B4E7E179A37943EA0123217A43EA3E
:10D2F00001435343834228BF0346B9E700239B46BB
:10D30000B8E7CDE9123B059B0DF1400C049A8DF86E
:10D310005430039B8DF845602E468DF850A08DF853
:10D3200055308DF84020ADF842908DF84480BCE82F
:10D330000F000FC6BCE80F000FC69CE80F0086E880
:10D340000F0097E8030028630020A986E37A03F022
:10D35000FD03003B18BF012385F86F30E3682B679E
:10D36000238AA5F8743095F84630E27D62F30713FE
:10D3700085F84630A9E700BF783802012DE9F0436F
:10D3800085B00823052104460DF107028DF807300A
:10D39000FFF71AFB002877D0FAF79AFA002873D122
:10D3A0003B4D02AF206AFFF7D3F92B68D3F81F007B
:10D3B00093F8232002903A71226AD3F80310C2F83E
:10D3C0000310B3F80710A2F807101B78206AC3F304
:10D3D000801383702F4B1B6813B10122214698479D
:10D3E000D4F820800E232868082698F8029000219F
:10D3F000437006700BF008FB00224FF00301286811
:10D400000BF009FB2046FFF73BFA494628680BF072
:10D41000D0F90623012208F1030128680BF0CEFAA7
:10D420006179FF2003F0BAFC286804F021F9D4F8F0
:10D430002080204641460CF08DFD3B46014694F984
:10D44000132040460CF0D5FB216A00239DF80720ED
:10D45000204684F895300B88A4F89630FF2384F892
:10D46000B3304FF6FF73A4F8B4300CF0E9FB236A35
:10D470001A882E71A4F8CD2093F8963084F8CF3016
:10D48000012005B0BDE8F0832046FFF7E5FBF7E794
:10D49000EC120021A80600212DE9FF41564E04465A
:10D4A000327902F0FF0312B90278FF2A04D140F664
:10D4B000B9112D20F2F7BEFF3382B3607371B371DF
:10D4C00080F889304D4B684604F1300500934C4B91
:10D4D00001934C4B0293F36A5B68039304F0B2F838
:10D4E00003F0D6FC04F096F902F0A2FE464803F0E1
:10D4F00017FE464804F0A0F828460CF0B5FD284673
:10D500000CF0B7FD03F016FE2179252003F046FC50
:10D5100094F9130003F0FEFD04F15001E06C09F0F2
:10D52000CBFA074604F15801E06C09F0ECFA8046AA
:10D53000002F3AD094F82430BBB3B4F94850ED43EF
:10D54000ED0F637F13B963885B0709D56FF0004364
:10D55000D4E918129A4208BFB1F1FF3F2FD1ADBBF9
:10D5600094F88B301BB947EA0807FFB2AFB1638864
:10D5700013F0100511D1606CC0F30B200CF0F5FC1A
:10D5800094F8463084F84500C0F3032023F00F03DD
:10D59000034384F8463084F88B5030680330FCF73E
:10D5A00005FBB07404B0BDE8F081B8F1000F04D001
:10D5B00094F82550002DC0D1C3E74546C1E706F0D9
:10D5C000B9F9D4E9182390429941C8D301222946D8
:10D5D0002046FFF769F950B1FCF79CFA054606F0C2
:10D5E000A9F90B4BE5FB0301C4E91801B8E7002DCD
:10D5F000B6D040F6F6115CE7EC120021D5CF000161
:10D600001DCD0001F9CC0001D6BE898E55555500BF
:10D6100040420F00024B9862DB6A1B68184700BF4C
:10D62000EC12002143881A0710B504460ED5036A90
:10D630003C220F498C3042721B884381FF2380F8C3
:10D6400027304FF6FF7303850BF081FB638820467C
:10D65000DB0747BF236A3C223C224FF6FF7148BFDD
:10D660001988FFF793F9FF2384F8893010BD00BFB4
:10D67000A19B01015B9D01017DCF0001619D010125
:10D68000E1CB00017D9F0101CDCC0001C5CF0001A0
:10D6900074D6000178D6000180D600010138022836
:10D6A00008B503D9C3212F20F2F7C4FE13290A4B72
:10D6B00005D811290CD8102907D0D121F3E7152955
:10D6C000FBD103EB4003D88801E033F8100008BD1C
:10D6D00003EB40039889FAE79E3802010D4A03469E
:10D6E000117891B990683BB9B0F86410B0F848204F
:10D6F00091420AD8FEF782BD93891B0707D590F89F
:10D700009000083818BF01207047002070470120A2
:10D71000704700BF1C1300212D4AF8B503469489B9
:10D7200090681C43402B948104D10421BDE8F8404B
:10D73000FEF7EABD802B01D10521F7E703F00304D2
:10D74000032C04D140F6CE213120F2F773FE13F002
:10D75000020418BF1161DD0705D55161C97806299A
:10D760000DD00B2917D02CB11169C97805291DD00E
:10D770000B2927D09B0644BF08231370F8BD90F8EF
:10D780008F101929EFD1002600270121C0E93A673F
:10D7900080F89310E7E790F88F10132901BF00215C
:10D7A00080F89310012180F8D010DCE790F88F10FA
:10D7B0001729DFD1002400250121C0E93C4580F86C
:10D7C0009410D7E790F88F101229D3D10021F6E7F3
:10D7D0001C13002137B5044601A8FBF7C7FE20B98A
:10D7E00040F6AE013120F2F725FE322200210198E9
:10D7F00008F008F9019D032128460BF0F9F92B7870
:10D80000214623F010032B700198FCF7C5FB22463C
:10D8100001990548FCF7EEFFFBF7BCFE10B940F696
:10D82000B801DFE703B030BD201300212B4B2DE9F9
:10D83000F0419C6894F8A27294F8A352002F46D14C
:10D8400094F87460002D44D194F8758084F8746065
:10D8500084F87580FF2384F87630214B1B6813B160
:10D860003146204698471F4B1B681BB13246414644
:10D870001D48984794F82C31012B01D03D4303D02B
:10D8800000211948FBF7F8FC04F13C0630460BF088
:10D890009EFA04F24B1105462046FCF7DFFD2046B8
:10D8A0000621FEF731FD30460BF091FA8542044621
:10D8B00011D206F0A1FA0146601B402838BF402073
:10D8C00006F0F6F9B0FA80F04009BDE8F0813E4676
:10D8D000B8E7A846BAE70120F7E700BF1C1300210C
:10D8E000C0060021F806002120130021164B1B69F9
:10D8F00010B51979436893F88E200A2A09D193F854
:10D9000011218A4205D1002283F88E2083F8CA2093
:10D9100010BDD3F8802012F0080407D022F00802CE
:10D92000BDE81040C3F880200BF0D6BBFF2905D11D
:10D93000342283F8944283F88E20E9E740F24E5176
:10D940003120F2F777FD00BF1C13002170B50B7971
:10D9500004464268262B5AD01ED81D2B92F88E50B2
:10D9600051D00FD8A3F10E02D2B2092A08D8012152
:10D9700040F2512001FA02F6064220D1082A24D0B2
:10D98000002070BD232BFBD1292DF9D1254B1B681D
:10D99000002BF5D09847F3E73E2B3ED005D82B2B34
:10D9A0003DD03B2BECD1204B32E0FF2BE8D11F4B7D
:10D9B0009B69002BE4D0012382F89632E0E72246EF
:10D9C0001846BDE870400CF0F9BB222D01D02F2D78
:10D9D000D6D120460BF066FB636893F88F20232A8C
:10D9E000CED093F8E1201A21204622F0010283F8DC
:10D9F000E120626892F8E13023F0080382F8E13018
:10DA0000FBF73AFCBCE7332DBAD1094BBFE7094B12
:10DA10001B68002BB4D09847B2E7074BF8E7074BD9
:10DA2000F6E700BFBC060021080700211C130021F7
:10DA3000CC060021E0060021EC060021F4060021BE
:10DA40000029034608BF1F21262870B5144639D87F
:10DA50001C2806D8A0F10E03DBB2092B1CD900202C
:10DA600070BDA0F11D02092AF9D801A050F822F0DA
:10DA700009DB00015FDA00015FDA000119DB000158
:10DA80005FDA00015FDA0001F3DA0001F3DA000186
:10DA9000F3DA000127DB0001012540F251269D4009
:10DAA000354215D1082BDAD1556895F88E30222BE6
:10DAB00013D12046FBF7E0FB002385F88E3085F874
:10DAC000CA30CCE73B2836D03E28C8D11B4B2BE0D0
:10DAD0000021BDE870400CF071BB2F2BBFD195F831
:10DAE0008F30A3F12102062AE6D92F2BE4D02A2178
:10DAF000DFE7134A1568002DB1D00A4620461946C3
:10DB00002B46BDE8704018470E4B1B68002BA6D073
:10DB10000A461D212046F4E70B4B1B68002B9ED0C4
:10DB20000A462021F6E7094B1B68002B97D02046B8
:10DB3000BDE870401847064BF6E700BFE806002135
:10DB4000B8060021C8060021D0060021DC0600210D
:10DB5000040700212DE9F743944D0646AC680028E0
:10DB600040F0D580AB891A074AD594F816312A2B94
:10DB700016D00CD81C2B13D0222B18D094F81631A9
:10DB8000FE2B20D140F2D1513120F2F753FC3C2B37
:10DB9000F4D1874B1B68002BF0D0281D9847EDE788
:10DBA000002384F8353183480BF07CFAE6E784F8EB
:10DBB0003601814B1B68002BF5D004F59B7104F5F1
:10DBC0008E709847EFE7FE2384F8163194F88F3073
:10DBD0001B2B07D10027774884F8CF700BF07CFA15
:10DBE00084F88F7094F88E30212B2ED0342B3AD0BD
:10DBF00094F89030082B02BF02232B7784F816315B
:10DC0000AB89DB0759D5D5F80890D5F8148099F879
:10DC10008F30123B0B2B0DD898F80330023BDBB250
:10DC2000092B00F2BE8040F2333222FA03F3DF0701
:10DC300040F1B7804046FCF791F998F80370D8B9E5
:10DC400039465C480BF074FA90E094F88F30A3F1F9
:10DC50002102062A05D92F2B03D0222384F88E30E7
:10DC6000C6E72F23FAE7012384F89532002384F8CE
:10DC70008E3084F8CA30BBE7012F01D9162F60D14E
:10DC800099F88E000BF041FA40B199F88E30212BB3
:10DC900004D0222B37D12F2389F88E303846FCF759
:10DCA000CFFF034600285ED1FF2F58D1AB69002B70
:10DCB00055D0AB68012283F89622AB89580705D569
:10DCC00094F89020072A04BF01222A77990756D595
:10DCD000AB68012283F817212B69DF780D2F4BD019
:10DCE000112F57D0072F57D03846FCF7CDFF0346EA
:10DCF000002842D1FF2F51D1AA68342182F8940222
:10DD000082F88E103BE0162F14BF022620262B78B7
:10DD10001B0712D594F88F30123B0B2B43D90025EB
:10DD200001A903200195F3F747FF019B2BB11D7259
:10DD30000C2221460198FCF741FB304603B0BDE8B8
:10DD4000F083112F0ED005D8072F13D00D2FA5D19A
:10DD50001A4B08E0142FA1D1194B1B681BB998F876
:10DD600003106EE7174B6969124898470028A4D042
:10DD70000646CCE7144BF6E7144B0E489847AB89A0
:10DD8000DA06C4D594F88F300B2BC0D10C2384F85D
:10DD90008F30BCE70E4BF0E70E4BEEE740F2C4517C
:10DDA000F2E60826B3E70820C8E700BF1C130021ED
:10DDB000FC06002120130021D806002159A20101F0
:10DDC000B4060021A9A201014DD900012BA1010136
:10DDD00049A10101EDD80001024B002098611862B1
:10DDE000704700BF1C13002108B50022044B9A6144
:10DDF0001A62FCF76FFCBDE80840FDF711B800BFE0
:10DE00001C130021024B9869003818BF012070478D
:10DE10001C1300212DE9F04FDFF808820F4689B06E
:10DE20008146B8F80C10D8F808408E0504F1800A35
:10DE300054BFB4F8C0200023504653BF0132A4F8A9
:10DE4000C03084F8D731A4F8C0200CF095F930B177
:10DE50000B4604F5A17221465046FDF771F9B8F85A
:10DE60000C3003F4C0633BB194F89230002B00F007
:10DE7000AF80032B00F0B38094F89220B8F80C30F8
:10DE8000012A04D11D0544BF022284F89220B9F171
:10DE9000000F40F06081580657BFB4F8F0214A46A1
:10DEA000013292B2A4F8F02103F00A020A2A10D13A
:10DEB000D8F81020D278022A0BD123F00803384674
:10DEC000A8F80C30FFF746FE38430823C7B2A8F87D
:10DED0000C303846FFF73EFED8F818303843C7B24A
:10DEE000002B5BD01422002103A807F08BFD94F8CF
:10DEF000750004F04FF8054694F8750004F042F8F8
:10DF000005F5FA754FF47A72238841F27071ADF815
:10DF10000C30B4F88830B5FBF2F5ADF8103005449C
:10DF2000E369ADF81250A3F57A70884295BFB3FB50
:10DF3000F2F340F2E24203F55063B3FBF2F39BB21B
:10DF4000ADF80E3094F8963233B1D8F81430DA1CAC
:10DF500006925B788DF81C309DF8143003A894F875
:10DF6000952262F300038DF81430D8F818309847E2
:10DF70000023069A84F8963284F8953272B194F8A8
:10DF800094325BB994F88E30342B07D09DF81C3056
:10DF900023B11178FF2927D11B2B2CD9D8F8086081
:10DFA00096F81631FE2B4DD1002F4BD196F89030BC
:10DFB000073B012B46D996F8203123B396F821313F
:10DFC00001220221A6F8C47086F818313046B1E16A
:10DFD000012184F892102046FEF796F94CE70223BF
:10DFE000012184F89230F6E70729D7D1022BD5D149
:10DFF0005178FF29D2D10121C4F8982284F89732B0
:10E0000084F89412CAE796F88F50113DEDB20C2DAA
:10E0100040F25E81D6F88030D90705D53A4609210D
:10E02000D4E700BF1C1300219A0740F1F3803A4661
:10E030000C2130460CF060F896F8D13043F0010323
:10E0400086F8D130B4F8D03194F8D4510133A4F823
:10E05000D031002D00F0F882F3F7A0FD10B10023BD
:10E06000A4F8D03120880CF06EFB94F8923006466C
:10E07000B4F832B0012B40F2278394F89030082B8B
:10E0800040F0FA82B4F8C030022B40F21D83B4F89D
:10E09000C2500135ADB2B4F88830DFF8B0A22B44DD
:10E0A000A4F8C831DAF80030002B00F01183BBF17E
:10E0B000010F40F20D83F3F765FDDAF800300246F8
:10E0C000B4F888102046984700F1010A1FFA8AFA2E
:10E0D00094F8D531002B39D1012D37D994F88F30F0
:10E0E0000BB10C2B32D194F88E307BBB94F890306E
:10E0F00063BB94F89230022B28D194F8D7312BBB14
:10E10000606908F0FDFA08B394F81631FE2B1DD1B2
:10E11000B4F8CA31012B19D9B4F8D021A38C9A4292
:10E1200014D20EB1F18989B9013D9B1AADB29BB2EF
:10E13000B5FBFBF59D4228BF1D4605FB0BAB003D23
:10E140001FFA8BFA18BF012584F8D251B4F8883031
:10E150009A44A4F8CCA1B8F80C30D8F808505E0660
:10E1600057BFB5F8DC310023B5F8CE219B1858BF56
:10E170009BB2A5F8DC3195F8203123B995F89030A1
:10E18000073B012B06D8B5F8C430B5F8CE211344AF
:10E19000A5F8C43095F8CA1031B1B5F8C630B5F855
:10E1A000CE211344A5F8C63095F9CE20002AC1BF70
:10E1B000B5F8CC30B5F8CE011B18A5F8CC3095F8E1
:10E1C000B1306BB9B9F1000F40F0CB8298F81C3038
:10E1D000022B40F0808295F81831062B18BF1623C9
:10E1E00095F8B02022B95A4885F8B130FCF7B2FD55
:10E1F00028460CF09DF8574B1B681BB1564A204629
:10E2000011689847002384F8D33109B0BDE8F04F76
:10E21000FBF7E6B9580702D53A461321D6E61907A7
:10E2200006D596F810313A4686F818310721CDE622
:10E230001A0602D500221B21C8E613F0300238D09E
:10E2400096F82331002B52D196F82231DBB196F8A3
:10E250008F3006F5917106F2A222262B27D096F870
:10E260008E30A3F126004342434130460AF0B8FD08
:10E27000D6F8803023F0200343F01003C6F8803036
:10E28000002386F82231D6F88030DA062FD506F240
:10E290004B113046FCF7E2F8B6F85E30002215214B
:10E2A000A6F81831B6F86230A6F81A318EE60123C6
:10E2B000DBE713F0400101D0242187E613F48072DC
:10E2C00002D00A461E2181E6DB0410D52C217DE612
:10E2D000D8F808B09BF88F30123B0B2B12D8DFE830
:10E2E00003F0261111112C3D111111111166D8F8EE
:10E2F000080090F88F30322B5CD013D8232B5CD0E1
:10E300002B2B6AD096F88E30002B69D196F88F307F
:10E31000113B0C2B6CD996F8BE30002B68D0012233
:10E32000122153E64B2BEDD100223C2102E00022CA
:10E330000B2158460BF0E0FE84E65846FCF77EFDC4
:10E3400000283FF47FAE00220421F2E7E40600211A
:10E3500020130021D4060021380000219BF89032C0
:10E36000012B08D10022052158460BF0C5FE0023E1
:10E370008BF8903266E69BF89032022BD9B27FF48C
:10E3800061AE9BF8D05025B1062300228BF81831DE
:10E39000EAE703210622A5480AF0B1FE9BF8E03027
:10E3A0002A4613F0040F0CBF0D211121DCE70022D7
:10E3B0000621BEE700221121BCE790F82C31022B88
:10E3C00002D100221721B5E790F82C31012B99D109
:10E3D00090F82D31002BF4D094E700222021A9E7FA
:10E3E0000A2B05D196F81131012286F818311DE764
:10E3F0000C2D7FF627AED8F8085095F88EB0BBF1FB
:10E40000000F40F0BE8095F833313BB101220E2160
:10E4100028460BF071FE85F833B1ABE795F8323141
:10E4200093B195F8D1B01BF003030DD14BF0010B64
:10E4300001220C21284601930BF05EFE85F8D1B035
:10E44000019B85F8323195E795F834317BB195F829
:10E45000E730DB0903D001222B2128466AE7744B01
:10E460001B68002B00F08D807048984789E095F874
:10E47000223133B395F823311BBB95F88F3005F566
:10E48000917105F2A222262B19D095F88E30A3F1B6
:10E4900026004342434128460AF0A2FC002385F8A7
:10E4A00022310122142128460BF026FEB5F85E30F9
:10E4B000A5F81831B5F86230A5F81A31C2E5012384
:10E4C000E9E795F82C31012B71D195F82D31002B0E
:10E4D0006DD195F88F30A3F12102062A67D92F2B31
:10E4E00065D095F874104A1ED2B2032A09D895F85F
:10E4F0007500DFF840C101381CF802E0C0B2032803
:10E5000004D94FF461710620F1F794FFBEF1020FB8
:10E5100095F82E2114D0BEF1030F13D0BEF1010FD8
:10E5200004D1012A14BF002201226AB9A3F14402D6
:10E53000012A26D90B3B042B23D9012216218CE773
:10E54000022AEFE7042AF1D11CF8000095F82F21E8
:10E55000022823D0032823D00128E7D1012A14BFA1
:10E5600000220122002AE1D0B5F8883005F5287292
:10E57000B5F8300109F0E5FC0146A0B92B48FAF7DF
:10E580007BFE96F88E30002B7FF45CAD96F89432CB
:10E59000002B3FF457AD0122FF2117E5022ADEE7E9
:10E5A000042AE1D0C2E7282385F88E304AE595F8A1
:10E5B000363113B1012222214FE795F8353143B1AD
:10E5C0001D4B1B6819489847FE280146D9D00122E7
:10E5D00043E795F83E3113B101221D213DE795F83F
:10E5E0003F3113B10122262137E795F89C3213B150
:10E5F00001223E2131E795F8403193B1D8F8083037
:10E6000010211888F2F7B8FB03699B0706D50B4B5E
:10E6100006481B68984701223B211EE7084B1B68F0
:10E6200022E7084B1B68002BCCD1AAE7201300215E
:10E63000F4060021BC380201B006002100070021C9
:10E6400008070021C4060021F3F796FA08B1A4F8E0
:10E65000D051F3F7ABFA00283FF404AD94F8D7316A
:10E660000133DBB2022B84F8D73182BF0023A4F838
:10E67000D03184F8D731F5E494F8BE301BB194F86A
:10E680008E30102B20D1B4F8C2505046B4F8C030B0
:10E690004FEA8B010135ED1AA5EB8B050BF06CFDF4
:10E6A000A0B1D4F8B830D4F8B42001339B1A5B1A67
:10E6B0009D42A8BF1D4626B1F389043B9D42B8BFC9
:10E6C0001D46012D3FF7E6AC0125E4E42B46EFE7BC
:10E6D0004FF0010AFCE4012B09D195F89130002B91
:10E6E0007FF47EAD00212846FDF70EFE83E55FB185
:10E6F000F80634D4390734D4BA0634D4BB0734D13D
:10E7000040F64F213120FFE639B1B5F8C610B5F813
:10E71000C830994201D3222362E5002A05DDB5F80D
:10E72000CC20B5F8C8309A42F5D2B5F8C420B5F877
:10E73000C2309A420AD295F89220B5F8C03052B150
:10E74000B5F8C2209A42CDD8082349E595F8203182
:10E75000002BE0D1EFE7052BC4D93E2340E51E2373
:10E760003EE53D233CE523233AE52A2338E500BF77
:10E77000F7B5664D002601270446A8602F71AE81CB
:10E780002E702E77FF2380F8D3310088FAF7E8FE49
:10E790002088FAF70FFFB4F8CA31E3B194F81631C4
:10E7A000FE2B18D194F82031ABB194F89030073B90
:10E7B000BB4210D994F8213120463A460221A4F8F0
:10E7C000C46084F818310BF097FC022084F8D26101
:10E7D000FFF700F803E094F81601FE28F8D1B4F82A
:10E7E000CE1104F18007638E0139B4F8D021384688
:10E7F00089B2B1FBF3F31344A4F8D031B4F8C030BC
:10E800000B44A4F8C0300BF0B7FC20B1D4F8B430FE
:10E810000B44C4F8B430B4F8CA310026012B9CBFB5
:10E820000133A4F8CA3109B184F8D76194F88F3064
:10E8300084F8D261A3F10B02012A1ED8B4F8883003
:10E84000B4F8A0229B1A190430D404F2A22104F1D6
:10E85000960009F0ECFE84F88F60FF2384F8CB303B
:10E86000B4F8CE212146384609F028FF064698B371
:10E8700040F6D3113120F1F7DDFD262B16D1B4F887
:10E88000A022B4F888309B1A1A040FD484F88F6041
:10E89000FEF7CCFF014630B984F82C0103B0BDE887
:10E8A000F040FFF7B7BA84F82C61D9E794F88E30BE
:10E8B000262B01D0282BD3D1B4F88830B4F8A0226D
:10E8C0009B1A1B04CCD4002384F88E30FEF7AEFFD5
:10E8D00001460028C4D1E1E70D4B0E4900930E4AD2
:10E8E0000E4B03C9F2F78CFF296A11B1304602F0D2
:10E8F00083FF94F88F30123B0B2B04D803B0BDE894
:10E90000F040F2F775BF03B0F0BD00BF1C1300214B
:10E9100015DE00012013002119D70001DDD600010A
:10E92000D0F8A832C269934273B5044612D1D0F828
:10E93000AC62426AB61A18BF012694F8B422002AC3
:10E9400042D020880BF0FFFE30B940F67E413120E6
:10E95000F1F770FD0126F0E7B4F8B022638E9A4219
:10E960001CD1B4F8B23282899B1A18BF012394F8E3
:10E970008E50442D16D094F88F20442A10D00025B4
:10E980000221204609F0C6FC002D44D0002384F863
:10E990008E30032384F8923002B070BD0123E6E785
:10E9A0003343ECD01D4B1B6813B940F68941CEE7C9
:10E9B000A5F14402002168460194554255410122C7
:10E9C0008DF800209847DBE7002ED8D02288A3F5E9
:10E9D0007A7104F5CB70A4F8A02141F270729142D3
:10E9E0000F4995BF4FF47A7240F2E242B3FBF2F363
:10E9F000B3FBF2F398BF03F550639BB2A4F8A231C6
:10EA0000B4F8AC32A4F8A431B4F8AE32A4F8A6310C
:10EA10000AF0A6F9B3E784F88F50BAE7F0060021B0
:10EA2000F9920101F7B501231F4E00273370CDE99C
:10EA300000776846F2F7DAF90546E8B1002333704B
:10EA400003B0F0BD90F8F10105F0C4F894F8F101BD
:10EA500005F0E8F994F8F10184F8F05104F084FF2E
:10EA600010B940F2C1111BE0202304F5E47084F8D2
:10EA7000F131FCF739FDDAE7009B002BD9D093F890
:10EA8000F021002AD5D018884FF6FF739842D5D0D0
:10EA90002946F2F771F904460028D3D14FF4E97101
:10EAA0003520F1F7C7FC00BF4013002138B50D4BEE
:10EAB0000D4633F81040084603F06CFA4FF47A73B1
:10EAC00004F29D74033D0444012DB4FBF3F404F2FD
:10EAD00005148CBF002528250AF0A5FE20442844F3
:10EAE00038BD00BFD03902012DE9F84F91F88EB042
:10EAF0009A4605460C46ABF144031646012B1BD93A
:10EB000091F88F90A9F14409B9F1010F8CBF4FF032
:10EB100000094FF00109BAF1000F04D000220121D1
:10EB2000204601F0DDFA94F8F031032B00F29280D8
:10EB3000DFE803F0058D848D4FF00109EBE726B97E
:10EB400040F247213520F1F775FC4FF00008012312
:10EB50002046474684F8F0310BF023FC634B1B68DA
:10EB600023B151462046984708FB0077FCF75AFD31
:10EB7000002872D10221B4F9EC010AF0F4F9B4F8DA
:10EB8000EC311B1AA4F8EC310026D4E97232FB18E0
:10EB900042F100021B1842EBE072C4E97232C5E98F
:10EBA00004322E7094F88E20A2F10C03DBB21A2BE3
:10EBB00055D84F4EDE4006F0010694F88F30442BB6
:10EBC00008BF46F0010620460BF05AFD30B1002E7A
:10EBD00049D194F8F001012818BF022000232872BF
:10EBE00004F13C006B720AF0F2F86860BAF1000FB1
:10EBF00079D0ABF10E0BBBF1010F8CBF4B4649F046
:10EC00000103002B6FD14146284609F038FC1FFA5A
:10EC100080F920460BF034FD82466EBB81452BD334
:10EC200007FB00F12E72D4E972325B1842F1000248
:10EC3000C5E90432CFB940F2CF2183E7D4F8F88197
:10EC40000323D4F8107284F8F031474486E7E7696B
:10EC5000B84683E74FF4207174E7002094E7442A14
:10EC6000ABD10126AFE70020B8E74146284609F0BE
:10EC700006FC82441FFA8AF901224946204601F027
:10EC80002FFA1A4B1B687BB101212046984708FBDD
:10EC900000F84844D5E904321FFA80F913EB080361
:10ECA00042F10002C5E90432FCF7BCFCB8B94FEAF6
:10ECB0004901B4F9EC01B1F5803FB4BF89B24FF618
:10ECC000FF710AF050F9B4F8EC311B1AA4F8EC31DA
:10ECD000D5E904321B1842EBE072C5E90432D5E9EC
:10ECE0000423C4E97223BDE8F88F00BF0C0700219C
:10ECF000050000042DE9F0410E46044620B94FF40A
:10ED000083713520F1F796FB072900F28780DFE851
:10ED100001F0047B6E6E6A85748290F8F03113B94D
:10ED20004FF48771EDE701F019F9002879D011212E
:10ED30002088F2F721F8034694F87400002B4CD099
:10ED4000022848D004D8012807D0D621B420D9E71A
:10ED5000C21E012AF9D81E3300E00A339F8894F8B6
:10ED60007510CB1E012B98BF2826FFF79FFE76302B
:10ED7000E569F936874288BF3B1A2B4F98BF0023BD
:10ED80007A78ED1A1AB9E36B9D4228BF1D4604F14B
:10ED90003C000AF01CF800F176080220A5EB0805FB
:10EDA00005F036F8022125EAE575854228BF0546BB
:10EDB000284604F07DFF00B9A844002332464146AE
:10EDC00020460AF0A8F87860E06904F051FF30B9F5
:10EDD0004FF4807195E71433C0E79627BFE7BDE88D
:10EDE000F04101F06BB9BDE8F04102F0B7BD01227E
:10EDF0000021BDE8F0410BF0E3BA012005F04AF82C
:10EE0000BDE8F041F2F7B0BE90F8F031042B08D025
:10EE10004FF49A7175E740F2391172E740F23D11F3
:10EE20006FE7BDE8F08100BF40130021024B0022D4
:10EE3000C3E90022FFF7F6BD40130021014B5870D3
:10EE4000704700BF4013002138B5044620B94FF485
:10EE5000D2713520F1F7EEFA90F8F03103F0FF05AA
:10EE600013B140F2A511F4E790F8F131202B02D054
:10EE70004FF4D371EDE70146044804F087FD2028E4
:10EE800084F8F10114BF28460D2038BDF5EC0001CF
:10EE900008B501F02DFF044B5A6882422ABF18784A
:10EEA000002080F0010008BD4013002137B5044662
:10EEB000042900F28480DFE801F00316121B7D00B4
:10EEC000404B1B7803F0FF024BB901210BF078FA9D
:10EED00002F046FB03B0BDE8304004F02FBD042330
:10EEE00084F8F031F4E7032384F8F03103B030BD47
:10EEF00041F64B5540F2E241D0F81432C269AB42C0
:10EF0000ADF8041090F820128CBF00250125C0F840
:10EF1000F82129B99A421CD000880BF017FC18E0A0
:10EF200000880BF010FC20B940F231313520F1F7A8
:10EF300081FAB4F81C3200256386B4F81E3283814E
:10EF4000B4F80C32C5814381013B03827D23ADF8C7
:10EF5000043094F87E30EBB9EDB9D4F8103204F5F2
:10EF6000E470D4F81422E362B4F80E32E26123862E
:10EF7000D4F8183284F87E506362638E5343009352
:10EF800002AB13E90600FCF791FA20460BF009FAF0
:10EF90000223A9E74DB14FF04D136363002323878C
:10EFA0004FF47A73ADF80430D7E74FF09613258706
:10EFB0006363D2E703B0BDE830400BF0F2B940F232
:10EFC0008631B3E74013002138B5194B1C895A68C4
:10EFD00004431C8100F00304032C04D140F62621D5
:10EFE0003620F1F727FA10F0020418BFD960C507E0
:10EFF00048BF196124B1C978062906D00B2910D061
:10F00000820644BF08221A7538BD92F88E101A295C
:10F01000F6D1002400250121C2E93C4582F8941074
:10F02000EEE792F88E101429EAD10021F6E700BF2E
:10F03000481300210D4A0146107D98B901295368F3
:10F0400007D1B3F86420B3F848309A420DD8FFF7DF
:10F050001FBF1289520707D593F89000073818BFD1
:10F06000012070470020704701207047481300219D
:10F0700037B590F88E200446A2F14403012B1DD928
:10F0800090F88F300E3A443B012ADBB214D8012BA2
:10F090008CBF00230123B4F88820B4F80C1201328D
:10F0A00092B291422FD194F8202272B343B940F228
:10F0B0002F213620F1F7BEF9012B24D80123EAE7EE
:10F0C000294B1B6813B94FF40C71F2E70021684615
:10F0D00001948DF800109847002584F822520221EF
:10F0E000204609F063F903212046FFF7DFFE94F87C
:10F0F0008E30A3F14402012A02D90E3B012B2AD8FB
:10F10000002384F88E3003B030BD238841F2707242
:10F1100004F5CB70A4F8A031D4F81432A3F57A71B9
:10F120009142124995BF4FF47A7240F2E242B3FB2A
:10F13000F2F3B3FBF2F398BF03F550639BB2A4F86C
:10F14000A231D4F81832C4F8A431002384F89F31D6
:10F1500009F006FEC0E794F88F30443B012B98BFBE
:10F1600084F88F50CFE700BF48070021F9920101D2
:10F17000244B70B55C6894F80A520DB994F8745039
:10F1800094F80B620EB994F8756084F8745084F8A2
:10F190007560FF2384F876301B4B1B6813B129463A
:10F1A00020469847194B1B681BB12A463146154823
:10F1B000984704F13C0600211248FAF75DF8304602
:10F1C00009F005FE04F24B1105462046FBF746F90F
:10F1D00020460421FFF76AFE304609F0F8FD85421B
:10F1E00004460CD204F008FE0146601B402838BFDC
:10F1F000402004F05DFDB0FA80F0400970BD0120B0
:10F20000FCE700BF481300211C0700215407002120
:10F2100000231E2980F8161180F817310ED92439E1
:10F22000C9B21B2903D8104BCB40DB0705D4002300
:10F23000A0F8C630012380F8CA30704701220B4B7A
:10F240008A401340002BF8D115290AD01129EED19C
:10F2500090F8182112B1A0F8C6307047A0F8CC2061
:10F260007047A0F8CC30704709010009871208499F
:10F2700010B50B7902464468232B94F88E1027D0E2
:10F2800018D81D2B2BD00AD8A3F11201042904D8B9
:10F290004FF4A801D940C90714D4002010BD1F2B7A
:10F2A000FBD12D29F9D1124B1B68002BF5D020463C
:10F2B0009847F2E73B2B18D03F2B14D02B2BECD1E7
:10F2C0000C4B08E001211846BDE810400BF028B9AE
:10F2D0002929E2D1084B1B68002BE9D1DDE733294E
:10F2E000DBD1064BF7E7064BF5E7064BF3E700BF2C
:10F2F00030070021500700211807002128070021AE
:10F300004C07002164070021034610460A1E08BF6F
:10F310001F22252B70B535D8112B03D8032B3FD0D6
:10F32000002035E0A3F112011329F9D801A454F803
:10F3300021F000BF93F3000121F3000193F30001DA
:10F3400021F3000193F3000121F3000121F30001F7
:10F3500021F3000121F3000121F3000121F3000159
:10F3600007F4000121F3000113F4000121F300016F
:10F3700021F3000121F30001F5F30001F5F3000191
:10F38000F5F300013B2B4BD0FE3B58425841400067
:10F3900070BD024600211846BDE870400BF0C0B8B1
:10F3A000446894F88E30182B01D0152B41D194F875
:10F3B000D030002B3DD184F8CF3084F8CA3094F897
:10F3C000B03103F0FF0523B14FF474713620F1F72B
:10F3D00031F8238884F8B121A4F8B23184F8B4510B
:10F3E00084F85252144904F5D47009F0B0FC84F842
:10F3F0008E5095E711490C68002C91D01946234690
:10F40000BDE8704018470E4B1B68002B88D01D21AB
:10F41000F6E70C4B1B68002B82D01F214068EFE7FA
:10F42000094B1B68002B3FF47BAF1146BDE87040D1
:10F4300018470220ACE700BF09940101140700211E
:10F44000240700212C070021600700212DE9F34744
:10F450009C4F0E46804639897C688D0504F18005F5
:10F4600054BFB4F8C020002228465CBF013292B2DB
:10F47000A4F8C0200AF091FE30B10B4604F5A17249
:10F4800021462846FBF75CFE3B8903F4C06343B189
:10F4900094F892302BB90121204684F89210FFF79E
:10F4A00005FDB8F1000F40F0DD81002E40F0DA815B
:10F4B0003B897D685C0707D595F89020072A02BF35
:10F4C000012285F890607A75980714D5FB68D87882
:10F4D0000123072885F817310AD0112824D0FBF71B
:10F4E000C1FB034628B940F2C4513620F0F7A2FF11
:10F4F000754B744898473B89190740F1BA807C687E
:10F5000094F816312A2B35D81B2B0FD8012B59D044
:10F51000032B62D0002B43D094F81631FE2B40F021
:10F520008C8040F2D151E0E7684BE2E71C3B0E2BA8
:10F53000F2D801A252F823F0F5F5000119F5000107
:10F5400019F5000119F5000119F50001FDF500019B
:10F550000BF6000119F5000119F5000119F500017C
:10F5600019F5000129F6000119F5000119F500014E
:10F57000F5F500013C2B5ED03F2BCDD1B4F888309F
:10F58000B4F80C229B1A180402D4002384F8223207
:10F5900094F88E30442B0DD1002384F8CA30BBE799
:10F5A000B4F88820B4F80C12521A1204B4D484F8B7
:10F5B0002232B1E794F88F30442BADD1414809F0A5
:10F5C0008BFDA9E7B4F88830B4F806229B1A190419
:10F5D000A2D4002384F88E309EE794F88E201A2A55
:10F5E00004D84FF0A463D340DA0795D4002384F8FD
:10F5F0005232DEE7002384F83531CEE7344B1B6806
:10F60000002B89D02046984786E7002384F83631BE
:10F61000304B1B6823B104F59B7104F58E7098473D
:10F62000284809F03FFD77E72B4B1B68002B3FF480
:10F6300073AF2448E7E7294BF7E7FE2384F8163138
:10F6400094F88E30262B3AD02FD80C2B31D00E2B9D
:10F6500033D094F88F30442B04BF452384F88F3087
:10F6600094F89030082B01BF02237B75002384F8A7
:10F6700090303B89DB0745D57B683C6993F88E1059
:10F6800093F8D0000AF039FF30B1E278112A72D82D
:10F69000134BD340DE076ED52046FAF75FFC08BB5C
:10F6A0002146084809F057FD2BE0442BD1D14523D2
:10F6B00000E00D2384F88E30CBE70F23FAE72723F1
:10F6C000F8E700BF48130021E1A40101C5A401012E
:10F6D00034070021380700213C070021580700218A
:10F6E00074280200E0780D283FD011283FD0072869
:10F6F0003FD0FBF793FA03460028D1D02146BD48FE
:10F70000984706463B7D1C0714D595F88E1095F852
:10F71000D0000AF0F2FE044678BB00906946032050
:10F72000F2F74AFA009B2BB11C720C222946009872
:10F73000FAF744FE2846FFF79BFC7D6895F81631E2
:10F74000FE2B40F08F8095F89030073B012B40F264
:10F75000898095F8203103F0FF0483B10023A5F8D8
:10F76000C4300223A5F816317CE0A34BC6E7A34BB7
:10F77000C4E7A34BC2E70826C4E70826DAE795F8F2
:10F780008E3043B995F8BE201AB31222A5F816217F
:10F79000A5F8C63063E0252B00F0A38010D8142B09
:10F7A00058D009D8032B00F09680132B00F08A80E4
:10F7B000113B0C2B56D90CE01A2BF9D106234AE049
:10F7C000312B00F0A580322B00F098802E2B00F01A
:10F7D000938095F88F30332B00F2E0801E2B00F2DF
:10F7E0009980013BDAB2052A40F2C68095F81631BD
:10F7F000FE2B37D17C6894F81631FE2B00F0748113
:10F8000095F88E3073BB95F805325BB395F88F0091
:10F8100009F07BFC044628BBB5F888300A2B21D9B7
:10F820006846FAF76BFBE8B1052205F197016846D7
:10F8300006F0CAF8002800F024830098C5F80002FA
:10F840009DF8043085F804320123A5F8163185F8B7
:10F85000054207E00B23A5F81631A5F8C6400123A1
:10F8600085F8CA307C6894F8203123B994F8903038
:10F87000073B012B04D8B4F8C4300133A4F8C430DA
:10F8800094F8CA1021B1B4F8C6300133A4F8C630D8
:10F8900094F9CE2022B1B4F8CC300133A4F8CC30A6
:10F8A000B8F1000F40F045837B7D022B00F03D83D3
:10F8B000012B40F0E98294F89130002B40F0F9825E
:10F8C000002101E3D5F82432C5F808310323A5F857
:10F8D000163100235CE795F8113185F818310723BC
:10F8E00040E705F5027008F048FB01462846FFF79F
:10F8F0008FFCA5F8C640B5E72123ACE70123112111
:10F90000284685F81831FFF783FC85F88E40A9E773
:10F91000272327E71F3B142B3FF668AF01A252F8BD
:10F9200023F000BF05FA000105FA0001EDF7000120
:10F93000EDF700017BFA0001EDF70001EDF70001A2
:10F94000EDF70001EDF70001EDF70001D5FA000138
:10F95000EDF70001EDF70001EDF70001EDF7000113
:10F96000EDF70001EDF70001EDF70001DDFA000110
:10F97000B5FA0001D9FA0001052B3FF637AF01A215
:10F9800052F823F0C5F90001E3F90001B3F90001D1
:10F99000C9FA0001EDF70001D1FA0001482B00F08F
:10F9A0009F804B2B00F09E80442B7FF41FAF3F23A2
:10F9B0008BE095F8103185F818310723A5F816313A
:10F9C000002314E00C230022A5F8163195F8D1305D
:10F9D000A5F8CC2043F0010385F88F2085F8D130BD
:10F9E00004E71323A5F816310023A5F8CC3085F8D9
:10F9F0008F30FBE648130021A5A50101DFA5010119
:10FA000071F2000195F82331002B7FF4EFAE95F8E9
:10FA10002231BBB195F88F3005F5917105F20A22BC
:10FA2000262B28D095F88E30263B012B8CBF002347
:10FA30000123284609F0D4F9202385F88F300023CC
:10FA400085F8223195F88F30202B7FF4CFAE05F268
:10FA50004B112846FAF702FDB5F85E30A5F81831CB
:10FA6000B5F86230A5F81A311523A5F81631002330
:10FA7000A5F8CC30BAE60123DBE795F82C31012B51
:10FA800013D095F82C31022B7FF4B0AED5F82E119F
:10FA9000EA6EA44808F073FA05F5027008F06DFAF2
:10FAA00001462846FFF7B4FBA0E695F82D31002B60
:10FAB000E7D1EBE700241121284685F81841FFF72C
:10FAC000A7FB85F88F4091E60923A5F816318DE64E
:10FAD0001B2373E72423F8E71E236FE72723F4E7AC
:10FAE0002C23F2E73C23F0E794F88E30002B7FF4D0
:10FAF00087AE94F822323BB394F8203203BB94F8DB
:10FB00008F0009F002FB8246F0B994F88F30312B58
:10FB10001AD094F8203283B110212088F1F72CF903
:10FB2000036913F400791DD04423A4F8C6A084F817
:10FB30008E30012384F8CA303F23A4F8163177E0D1
:10FB400094F83431002BDAD094F8523203F0FF01EC
:10FB500033B394F89330B3B194F8943073B940F25E
:10FB6000BF61C2E4704B1B6813B94FF4D661BCE4AB
:10FB70001A216C48984784F8229259E00A23A4F885
:10FB80001631002306E0D4F82422C4F80821032209
:10FB9000A4F81621A4F8C630012384F8CA3047E03F
:10FBA00094F8333103F0FF022BB10823A4F8C610F8
:10FBB000A4F81631F0E794F8343103F0FF0173B183
:10FBC00094F8E730DB0905D02B23A4F81631A4F80C
:10FBD000C620E1E7554B1B6853B3524831E0D4F8D7
:10FBE000543283B31F2294F88F00FAF7F3FC50BB12
:10FBF000D4F8543233B113F8512C012A05D040F215
:10FC0000EF6172E440F2EB616FE413F8283C03F01B
:10FC1000FF0113B14FF4DE6167E494F8E330980616
:10FC20000CD51F23A4F8C61084F8CA20A4F81631F6
:10FC300095F81631FE2B7FF415AEE1E53C4B2046DE
:10FC40001B689847F4E794F8323173B194F8D130D7
:10FC500013F00302ECD10C2143F00103A4F81611B8
:10FC600084F8D13084F8322187E794F822311BB32D
:10FC700094F8233103BB94F88F3004F5917104F2AA
:10FC80000A22262B16D094F88E30263B012B8CBFEF
:10FC900000230123204609F0A3F8002384F8223131
:10FCA000B4F85E20A4F81821B4F86220A4F81A2150
:10FCB00014226DE70123EDE794F82C31012B62D17A
:10FCC00094F82D31002B5ED194F88F0009F01DFAC5
:10FCD000002858D194F874104B1EDBB2032B09D8BE
:10FCE00094F87520DFF84CC0013A1CF80300D2B23A
:10FCF000032A04D94FF461710620FFF7F7BB0228ED
:10FD000094F82E310AD003280AD0012804D1012BFF
:10FD100014BF002301237BB9162330E7022BF7E73A
:10FD2000042BF5E748130021480700215007002164
:10FD300030070021C73802011CF8022094F82F3147
:10FD4000022A17D0032A17D0012AE5D1012B14BFAC
:10FD500000230123002BDFD0B4F8883004F50272B1
:10FD6000B4F8300108F0EDF8014640B97448F9F7ED
:10FD700083FA5DE7022BEAE7042BEDD0CCE72823DA
:10FD800084F88E3054E794F8353103F0FF025BB10C
:10FD90006C4B1B686A489847FE2801463FF448AF01
:10FDA0002046FFF735FA43E794F83E3103F0FF09A8
:10FDB0000BB11D2309E794F836316BB30921B4F870
:10FDC0003801F0F7D9FF10B984F83601D5E690F87C
:10FDD000F03103F0FF0213B984F83621CDE690F834
:10FDE000C831032B14D8DFE803F00202050D84F8B4
:10FDF0003691C2E694F83C3180F8F131002384F862
:10FE00003631BAE62223A4F81631A4F8C690C3E628
:10FE100040F28361FFF769BB94F83F318BB194F8EE
:10FE2000223273B994F8E4305A0608D5464B1B6861
:10FE3000002B3FF4FDAE4248984727237DE6434B15
:10FE4000C9E694F84031BBB13B22002194F88F0001
:10FE5000FAF7C0FB814678B910212088F0F78CFFB3
:10FE600003699B0705D53A4B35481B6898473B23E8
:10FE7000C9E7384B1B68B0E6374B1B68002B89D1AC
:10FE8000D6E685F80502E4E45EB1F0064FD431070A
:10FE90004FD4B2074FD1B3064FD440F6AC21FFF791
:10FEA00024BBC9B1B4F8C610B4F8C830994213D90C
:10FEB000222384F8B1302248FAF74CFF00230221B4
:10FEC000A4F88E3084F892302046FEF7EFFF02B09F
:10FED000BDE8F047F9F784BB2AB1B4F8CC20B4F8F8
:10FEE000C8309A42E4D8B4F8C420B4F8C2309A4278
:10FEF0000FD2B4F8C420B4F8C8309A42D8D294F8DB
:10FF00009220B4F8C0304AB9052B7FF6D9AC3E2315
:10FF1000CFE794F82031002BCAD1EAE7B4F8C22029
:10FF20009A423FF6CDAC0823C3E71623C1E71E2350
:10FF3000BFE73D23BDE72A23BBE72323B9E700BF83
:10FF40004813002110070021400700214407002129
:10FF50005C0700216407002120070021F0B5534D04
:10FF60000026044685B02E702F46686000882E81DA
:10FF70002E756E75F9F7F4FA2088F9F71BFB94F8E3
:10FF80008F30262B12D1B4F88830B4F808229B1A8F
:10FF900019040BD484F88F60FFF7EAF8B0B9002198
:10FFA0000846FFF753FA002005B0F0BD94F88E30F4
:10FFB000263B022B0AD8B4F80822B4F888309B1AE2
:10FFC0001A0403D4002384F88E30E5E794F88E30C9
:10FFD0000C3B012B16D8B4F88830B4F806229B1AD3
:10FFE0001B040FD404F5007104F1960008F01FFB08
:10FFF00094F88E300D2B04BF002384F88E30FF233D
:020000040101F8
:1000000084F8CB30B4F8F221214604F180000132AB
:1000100092B208F053FB20B140F2B5113620F0F750
:1000200009FAA4F8F20120460AF022FA064600284E
:1000300039D194F81641FE2C23D003A8F9F796FA8B
:1000400010B940F6EB01E9E732223146039805F09A
:10005000D9FC039E0321304608F0CAFD33782146BF
:1000600023F0100333700398F9F796FF22460399A3
:100070000E48FAF7BFFBF9F78DFA10B940F6F70111
:10008000CCE70B4B0B4A00930B4B97E80300F1F7BF
:10009000B7FB6B6893F88E1093F8D0000AF02DFA36
:1000A00008B1F1F7A5FB01207EE700BF481300214E
:1000B0004DF40001C9EF000135F0000108B5074B10
:1000C00058680AF0D5F918B9BDE80840F1F724BD21
:1000D0000021BDE808400846FFF7B8B948130021E1
:1000E000F8B5B0F8F23100F1800704460D460B4434
:1000F0001646A0F8F231B0F8C0300B44A0F8C0307A
:1001000038460AF04AF8A0B1D4F8B43038460B4467
:100110002146C4F8B43009F010FBD4E92D239A42EB
:1001200007D30023164904F5A170C4F8B43008F0D1
:1001300017FE94F8CA3023B1B4F8C6302B44A4F8A3
:10014000C63094F9CE3023B1B4F8CC302B44A4F8A7
:10015000CC3094F8203123B994F89030073B012B30
:1001600004D8B4F8C4302B44A4F8C4302046FEF7B9
:100170007FFF26B1B4F888301D44A4F88850F8BD3C
:1001800095960101014B1873704700BFA813002119
:10019000014B1870704700BF1A14002108B500F019
:1001A00057FD00F025FA00F005F8BDE8084000F022
:1001B000C7B800BF034B00214FF480521970A3F859
:1001C000012070471C14002170B506460220144619
:1001D0000D4600F02DFA064B0122033C1A70054B28
:1001E000C3F81045C3F80865C3F8045570BD00BFD7
:1001F0001C14002100E00041022008B500F018FAAC
:10020000084B002208484FF0010C084980F800C054
:10021000C3F80021C3F80421C3F80821C3F88010F3
:1002200008BD00BF00E000411C1400210300008055
:10023000104B1A785AB110490020C1F88000D1F84B
:1002400000213AB91021002099705A7018700020CE
:1002500000F0EEB9D1F80421002AF3D0D1F808213A
:1002600022B9D1F800140122C9B2ECE710210246EC
:10027000E9E700BF1C14002100E00041022008B59E
:1002800000F0D6F9064B0022012106480170C3F8A0
:100290000021C3F80421C3F80821196008BD00BF7C
:1002A00000E000411C14002108B5164B1A78AAB1D1
:1002B000C823154AD2F8001141B1D2F8040120B187
:1002C000D2F80801B0FA80F0400908BD013B13F0F4
:1002D000FF03EFD1EB213B20F0F7ACF85878C823AF
:1002E000A0F10202B2FA82F2520900E01AB1013B17
:1002F00013F0FF03FAD10228ECD0431E58425841B4
:1003000008BD00BF1C14002100E000410A4B1A7810
:100310007AB10A4BD3F800214AB1D3F8042132B1A3
:10032000D3F808211AB9D3F80004C0B270471020DE
:1003300070479878704700BF1C14002100E000410E
:10034000024B00221A809A70704700BF20140021CF
:100350002DE9F843054601201E46894617469DF8BB
:10036000208000F065F905F00300294C4FF480511E
:1003700040EA0640274A15F0FB0F40F08070C4F8B1
:100380000405C4F80895D4F8183567F30703C4F8D2
:1003900018354FF00003C4F884301F4B1E71C2F8AB
:1003A000081513D11D4AB8F1020FC4F88021C4F812
:1003B000842028D81A4A12F80820C4F820250122DF
:1003C000022DDD705A7013D9BDE8F883B8F1020F21
:1003D00019D8134A012D12F80820C4F82025EED1AF
:1003E0000E4A1049C1F8D021C4F88C205D70DD7030
:1003F000074A012100201970C2F80001C2F800026A
:100400001160BDE8F88340F2E5113C20F0F712F8E6
:1004100000E0004100F00041201400210C000080A9
:1004200024390201008000411A4A537870B55BB349
:10043000194B0124C3F80C15C3F81005D578947036
:10044000B5B91278E2B1C3F804514FF48055134A9C
:10045000C2F80455D3F8006116B15C60C2F80855C3
:100460000B7803704B78043343708B78837070BDC6
:1004700000211470C3F80411C3F800421C6070BD61
:10048000E3213C20EFF7D6FF4FF407713C20EFF754
:10049000D1FF00BF2014002100E0004100F0004126
:1004A00008B5174B5A7832B3164A4FF0010CC2F810
:1004B0000C151978C2F8100583F802C0B1B11B7988
:1004C0000021023BC2F80411012B05D80E4803237A
:1004D000C0F85011C2F81C350A494FF480520B483D
:1004E0000B4BC1F88400C3F8042508BD40F20F117E
:1004F0003C20EFF79FFF4FF412713C20EFF79AFF7B
:100500002014002100E0004100800041050000802F
:1005100000F00041104B1A78CAB100220F49104870
:1005200010B44FF48054C1F88420C0F80845A0F5F9
:10053000E040C1F88021C1F88420C0F8D021C1F882
:100540008C201A70002210BCA3F8012070470022F2
:10055000A3F80120704700BF2014002100E00041F3
:1005600000F00041F8B51B4B1B786BB31A4CD4F864
:10057000043113BB194B0222C4F804231F691A6902
:1005800007F0100742F010021A61D4F8043153B991
:10059000134E4FF48045C6F880510AF099F9D4F80B
:1005A0000431002BF7D027B90C4A136923F010034C
:1005B0001361094B0222C3F80823074BD3F8000448
:1005C000003818BF0120F8BD40F28A213C20EFF727
:1005D00031FF00BF2014002100E0004100ED00E0E9
:1005E00000E100E0014B01229A60704700E0004109
:1005F00038B54FF480420C4BC3F88020BFF34F8FC7
:10060000BFF36F8F094BD3F80025032A01D10122D4
:100610009A60064C0025C4F80055C4F80055FFF751
:1006200079FFC4F8805038BD00E100E000E00041EF
:10063000164BD3F80025032A70B5054601D10122D7
:100640009A60124C0026C4F80065C4F80065FFF7F4
:1006500061FF012DC4F880600DD0022D01D08DB94D
:1006600070BD03210A4A0B4BC4F80015C4F81425C9
:10067000C4F8803070BD0222054BC4F80025C4F8D0
:10068000143570BD8C213D20EFF7D4FE00E0004111
:100690002814002103000080024BD3F8A00200F0D0
:1006A000010070470000FF010A4B4FF6FF72014640
:1006B00010B4D3F8A442D3F8A8329BB2934208BF37
:1006C000B4F1FF3F14BF0120002001D00C608B80EB
:1006D00010BC70470000FF010D4B70B4D3F890625E
:1006E000D3F89452D3F8984206EA0502D3F89C1244
:1006F00022400A40013202D1002070BC70470346FC
:10070000066001205D609C60D96070BC704700BFCE
:100710000000FF010D4B70B4D3F88062D3F884520F
:10072000D3F8884206EA0502D3F88C1222400A4028
:10073000013202D1002070BC7047034606600120E0
:100740005D609C60D96070BC704700BF0000FF0115
:10075000EFF3108272B60F4B93F85D1011B9BAB96E
:1007600062B670479B78012B0FD0022BF7D183071D
:10077000F5D409480121094B10B40024C0F84045C4
:10078000196102B962B610BC70474107E7D4F0E7BF
:10079000704700BF3815002100C0004100800041B3
:1007A00008B51F4A431E82F82800072B33D8DFE81C
:1007B00003F00D1C1F22322528041A4A0F211A4B60
:1007C000C2F810151B68072B1ED008BD154A03215F
:1007D000154BC2F810151B68072BF6D1134A114BA5
:1007E000D2F88020C3F8882508BD0E4A0421E6E728
:1007F0000C4A0621ECE70B4A0521E9E7094A0021EA
:10080000E6E7084A0121DAE7084A064BD2F88420D5
:10081000C3F8882508BD40F6EC613E20EFF70AFEDC
:100820003815002100800041C01600210000FF01A2
:1008300030B5431E3E4C83B084F82800072B6DD89A
:10084000DFE803F0384D50536C565904394B0F22F2
:10085000C3F81025384B1B68072B58D0A38DB3F570
:10086000166F39D2A3F6381343F48073314DC5F8AF
:10087000083501F07F03C5F8543501AB94F9292000
:1008800001F024FC9DF8050001F0E8FC00284AD1A5
:100890009DF9040001F086FB94F82830082B2DD038
:1008A00040F2031240F25B63C5F83425C5F83835D1
:1008B00003B030BD1F4B0322C3F810251E4B1B682D
:1008C000072BCBD11D4A1B4BD2F88020C3F88825BB
:1008D000A38DB3F5166FC5D3A3F51663C6E7154B05
:1008E0000422B5E7134B0622E6E7124B0522E3E7A5
:1008F000104B0022E0E70F4B0122A9E74FF4817271
:100900000F4BC5F83425C5F8383503B030BD0B4A58
:10091000084BD2F88420C3F888259FE740F6EC61A5
:100920003E20EFF787FD40F255713E20EFF782FD44
:100930003815002100800041C01600210000FF0191
:10094000211001002DE9F0430F4683B00646904682
:1009500040BB04238DF8060001AD8DF8043003F090
:100960004BFA01284FF0FF3088BF00208DF80500BA
:10097000284605F037F9002840F01381A94C0123DF
:1009800084F85D30A3702378012B40F08280A64B61
:10099000A64A33F8183003F5FA73A2FB0323A7EB3A
:1009A00093112DE000234FF0020901AD8DF8049062
:1009B0008DF8063003F020FA01284FF0FF3088BF91
:1009C00000208DF80500284605F00CF9002840F0BD
:1009D000E8800123934C9E4284F85D3040F0E6802D
:1009E000237884F80290012B40F08A80904B39469E
:1009F000C3F81C01D3F8002242F48872C3F8002225
:100A0000236B8C4A19448C4BC3F84015C3F8C021A2
:100A100094F84A3043F00402DF0784F84A200CD5EA
:100A200098075CD4824B834AC3F8882003F580433F
:100A3000D3F84031002B40F0BE807F4B0122DA64B6
:100A4000D3F84C358B4257DAE38D952B0ED9002E17
:100A500000F0B680794A01F1290379491046D36044
:100A600001F0EAFB0130012800F2D780284605F0AA
:100A7000C5F8002840F0B580A3789DF80420012B2C
:100A80007DD0022B01D193077BD5012003B0BDE8B7
:100A9000F08394F82A104046FFF7CAFE694B22788B
:100AA00033F81810614B01F5FA71A3FB0131A7EB84
:100AB0009111002A40F09A805D4B5E4AC3F8802075
:100AC000236B19445C4BC3F84015C3F8C02194F85C
:100AD0004A3043F00202DB0784F84A20ADD5544B7C
:100AE000D3F8002242F00102C3F80022D3F85035B7
:100AF00003F0F603022BA0D1002003B0BDE8F08381
:100B0000404694F82A80FFF74BFEA38DB3F5166F8D
:100B100030D3A3F51662464B08F07F01C3F80825D1
:100B20000022C3F854154849C1F80025C3F81C2118
:100B3000D3F8002242F48872C3F8002294F82820E7
:100B4000082A26D040F20312C3F8342540F25B6233
:100B5000C3F83825364BA7F12901D3F8682542F4AC
:100B6000C022C3F868252278002A3FD1314AC3F851
:100B70008420A5E7A3F6381343F48072CBE752072D
:100B800083D42D4900202A4B0122C1F840051A6167
:100B90007BE74FF48172C3F834252C4AC3F838251B
:100BA000D8E740F692413E20EFF744FC4FF4136142
:100BB0003E20EFF73FFC40F28A713E20EFF73AFC0F
:100BC0001E4A01F128031E491046D36001F02EFB96
:100BD000013001287FF64AAF40F66D013E20EFF765
:100BE00029FC40F6D5413E20EFF724FC236B012A77
:100BF00010481944104BC3F84015C3F8C00194F8CD
:100C00004A303FF407AFDA077FF517AF9F073FF58C
:100C100066AF58077FF511AF04E740F677013E2035
:100C2000EFF708FC38150021E4390201D34D6210BA
:100C3000008000410B00008000C000414400002102
:100C400028390201D0390201004000412110010081
:100C500060220021094810B504F0D4FE41F21114BD
:100C6000074B00224FF08240AA21C0F8004EC3F883
:100C7000402EC3F8442EC3F8001E10BD38150021C5
:100C800000700041014BD885704700BF3815002126
:100C9000024B0344187D00F51660704728390201A5
:100CA000014B93F83C007047381500210C490D4A60
:100CB0000D4810B40D4C91F83C3002EB830254F80F
:100CC0002330146D03F2E733D26B1B1B10BCA0FB67
:100CD0000303D1E90D10401A104400EB9310704744
:100CE0003815002128390201D34D6210BC390201A8
:100CF000024B986B1B6BC01A704700BF3815002160
:100D000010B5104C82B003F0ABF8A36D0093D4E99A
:100D1000142303F0C1F894F83C20D4E90C130A4CD6
:100D20005B1A0A4901EB820154F82220084CC96B76
:100D300002F2F3125B1AA4FB0242A3EB9213181AFD
:100D400002B010BD38150021BC390201283902015A
:100D5000D34D62100D4A0E490E4810B50E4C92F854
:100D60003C3001EB830154F82330D2E90C24C96BE9
:100D700003F2F313A41AA0FB0303641AA4EB931465
:100D800003F06EF8201841F1000110BD3815002164
:100D900028390201D34D6210BC390201FF2808B581
:100DA0002DD81C4B0139A3F84800072922D8DFE8C9
:100DB00001F0041D16162104041A4FF44033164A9C
:100DC0001843164B40F00070C3F81425C3F81805FB
:100DD000D3F8503503F0F703032B15D008BD4FF4BB
:100DE00040330F4AECE700230E4AE9E74FF4403363
:100DF0000D4AE5E740F241313E20EFF71BFB40F2A0
:100E0000E5213E20EFF716FB4FF456713E20EFF739
:100E100011FB00BF381500210801100000800041BF
:100E200008019063080000060801100138B5144A53
:100E3000144BC3F8AC210278032A1CD14078012955
:100E4000114CD3F8141500F03F00626A21F47021B0
:100E50000E4D42F0030245EA000508BF41F40021AF
:100E6000C3F81415C3F80029C3F8105901236262AE
:100E700084F85C3038BD40F2AD313E20EFF7DAFA4D
:100E800006000080008000413815002180320200F9
:100E9000394B4FF4807270B5C3F88020BFF34F8F89
:100EA000BFF36F8F002235480121354D1346354C75
:100EB000C0F8FC2FC0F8FC1F05EBC3010133D1F8CB
:100EC00000232240824204D1D1F80023D1F8041338
:100ED0001160202BF0D1294B012203202A49C3F8AD
:100EE0003025C3F810050968284C072984F8282004
:100EF0003CD0224D40F201214FF48013244AC5F822
:100F000050160026107CC5F8003201F0B9F904F043
:100F1000B9FD2049204BC5F8A81102311F4AC3F87A
:100F2000C820C3F8C41041F6F8731D4AC2F804354E
:100F3000A687A66384F84A6002F0A4FFD5F80029CA
:100F400096232063102062624FF48072E385216E45
:100F5000094B84F85C60C3F88021C5F804031A606B
:100F600001B18847BDE8704001F054B9044AD2F895
:100F70008020C3F88825BCE700E100E00080004144
:100F80000000FF0100F0FFFFC0160021381500210E
:100F9000440000210300008000C0004106000080E2
:100FA00000F000410268514938B5514C150E12024B
:100FB000504BC4F82455C4F81C254268C4F83C259D
:100FC000047A0A1983F82A404189127DFF2902F523
:100FD00016629A8590F809C000F283800CF1FF3206
:100FE000A3F84810072A77D8DFE802F0046A1C1C2F
:100FF0007604041E404D414C0C433D49C1F8145544
:10100000C1F81845D1F8501501F0F701032959D05E
:1010100083F828C0062A5AD8DFE802F04F4C494628
:1010200059342800364DE6E7314A41F00071354C1D
:10103000C2F81445C2F81815D2F8501501F0F7019E
:1010400003293FD00F2530490824C2F810550A68FB
:1010500083F82840072A11D12C49254AD1F8841059
:10106000C2F88815027B83F8292038BD2049012465
:10107000254AC1F810451268072AEDD0027B83F893
:10108000292038BD1A4900241F4AC1F810451268AA
:10109000072AF3D11D49164AD1F88010C2F88815E5
:1010A000027B83F8292038BD11490524ECE710495B
:1010B0000624E9E70E490424DAE70D490324E3E7AF
:1010C000134D98E74FF456713E20EFF7B3F940F611
:1010D000EC613E20EFF7AEF940F241313E20EFF7F0
:1010E000A9F940F2E5213E20EFF7A4F928390201E1
:1010F00000800041381500210801100000000302A3
:101100000801906308000006C01600210000FF01DE
:1011100008011001014B83F82900704738150021A0
:10112000034B020E0002C3F82425C3F81C057047C8
:1011300000800041044B054A034482F82A001B7DCD
:1011400003F516639385704728390201381500218D
:10115000F0B5844C83B094F84A30DD0740F1EE805E
:1011600000284FF0000205460F4614BF0223042357
:101170008DF806208DF8043002F03EFE01284FF075
:10118000FF3088BF00208DF8050001A804F02AFD7B
:10119000002840F0CE8094F84A300122724E43F08D
:1011A000020384F85D2084F84A30D6F800321343F5
:1011B000C6F80032002D00F08B80012D0AD06B4B59
:1011C000D3F84C65E38D952B52D940F67B013E2038
:1011D000EFF730F90223384694F82A60A370FFF73E
:1011E000DFFAA38DB3F5166F80F09380A3F6381362
:1011F00043F480725C4B06F07F065D49C3F8082516
:101200000022C3F85465C1F80025C3F81C21D3F8A7
:10121000002242F48872C3F8002294F82820082A99
:101220007FD040F20312C3F8342540F25B62C3F86A
:1012300038254D4BD3F8682542F4C022C3F8682501
:10124000A278022A40F08480484A0121D164596082
:10125000E38DD2F84C65952B0AD9464A06F129034D
:1012600045491046D36000F0E7FF0130012853D80C
:1012700001A804F0C3FC002865D1A3789DF80420E0
:10128000012B1ED0022B09D1930707D4374B002224
:10129000C3F84025A3F5804301221A61236BF61A97
:1012A0001DB106F1290003B0F0BD344B344A33F8C8
:1012B000173003F5FA73A2FB032306EB931003B078
:1012C000F0BD5207E2D5236BF61A002DE9D1ECE709
:1012D00094F82A103846A270FFF7AAFAA378012BD7
:1012E0003BD1224AD3643360E38DD2F84C65952B11
:1012F000BED9204A06F128031F491046D36000F0EA
:1013000095FF01300128B3D940F66D013E20EFF77B
:1013100091F8A3F516626DE740F677013E20EFF7EE
:1013200089F84FF48172C3F83425164AC3F838257A
:101330007FE740F692413E20EFF77CF840F6BE0191
:101340003E20EFF777F840F6D5413E20EFF772F8F0
:1013500040F6D2013E20EFF76DF840F6CA013E207C
:10136000EFF768F8381500210080004100C0004107
:10137000004000414400002128390201D039020117
:10138000D34D62102110010010B5FFF7DBFA00B158
:1013900010BD0346054C064A0121C4F84035022021
:1013A0001161BDE81040F9F729B800BF00C0004145
:1013B00000800041F8B51F4D95F83D30A3B30446B9
:1013C000164608465CB1012C1DD00027296B324619
:1013D0002046791AFFF7B6FA034648B1F8BD012B4B
:1013E000AF6B95F83C1017D000F0F4FD0744EDE723
:1013F000114C0121114A0220C4F840351161BDE8A9
:10140000F840F8F7FBBF012BAF6B95F83C1007D005
:1014100000F00CFE0744D9E700F0FAFD0744D5E7D9
:1014200000F0E6FD0744D1E740F6B2113E20EFF7A9
:1014300001F800BF3815002100C0004100800041C4
:1014400030B5424A4FF4807441494FF0FF30D2F832
:10145000045383B0C2F808030023C1F880414FF45D
:1014600080113C4C05F01005C2F800123A4984F88E
:101470004A30C1F84035C2F88830C2F88030C2F82E
:101480008430D2F85015C9B259BBE38D952B04D9DD
:10149000A378012B4FD0022B43D000232B4A94F882
:1014A0005C10C2F8103123712380A37091B1C2F88F
:1014B000AC31D2F8141584F85C3021F47021636AE1
:1014C000C2F8141523F0030324496362C2F80039FB
:1014D000C2F810191DB11D4B1022C3F8042303B02C
:1014E00030BD01218DF80700C2F8103111619DF85F
:1014F00007304BB90CE09DF80730013BDBB28DF8AB
:1015000007309DF807301BB1D2F81031002BF2D014
:101510009DF80730002BB8D140F6F2113E20EEF7CF
:1015200089FF00F095FE01300128B6D940F60A2166
:101530003E20EEF77FFF00F085FE01300128ACD998
:1015400040F604213E20EEF775FF00BF0080004109
:1015500000E100E03815002100C0004180320200A7
:10156000F8B500222F4B304EC3F84825C3F8442568
:10157000C3F84025C3F84C25FFF762FF00F050FE8A
:1015800096F85D302BB104F033FB00283FD186F88C
:101590005D00002004F038FB044600283CD1214DBA
:1015A000224FC5F8C401C7F88800C7F88000C7F803
:1015B0008400C5F8C800C5F8C40004F07BFA1C49D3
:1015C0001C4B4FF4807241F6F870C7F8A84134778D
:1015D000C5F8C041C6E90D44C1F80805C5F848453D
:1015E000C5F84445C5F84045C5F84C45C5F84841DF
:1015F000C5F84441C5F84041C5F84C41C3F88020C6
:10160000BFF34F8FBFF36F8FC3F88021F8BD40F257
:10161000FA513E20EEF70EFF40F2FD513E20EEF76C
:1016200009FF00BF00C000413815002100800041C3
:1016300000F0004100E100E0014BC3F83C057047B9
:101640000080004138B50446074804F0DDFA28B9A7
:10165000064D94E80F0085E80F0038BD40F65A218A
:101660003E20EEF7E7FE00BF510701019C15002167
:1016700008B5174B174993F84A20C1F8040542F002
:10168000010C5864900783F84AC009D4530706D563
:10169000114A124BC1F88820D3F840319BB908BDDC
:1016A000D1F8003243F00103C1F80032D1F85035CF
:1016B00003F0F603022BF2D1FFF7C2FE0320BDE8D0
:1016C0000840F8F79BBE40F28A713E20EEF7B2FE6A
:1016D00038150021008000410B00008000C000414F
:1016E00008B5164B164993F84A20C1F8040542F094
:1016F000010C5864900783F84AC00AD4530706D5F2
:10170000104A114BC1F88820D3F840318BB9012021
:1017100008BDD1F8003243F00103C1F80032D1F81E
:10172000503503F0F603022BF1D1FFF789FE0020BC
:1017300008BD40F28A713E20EEF77CFE381500218C
:10174000008000410B00008000C00041154B196B68
:101750009A6B0844824210B518D20124124A1862CA
:101760005464D2F844151C774B1D834205D30F4BAC
:10177000D3F8042102B91C6110BD00210C4BC2F842
:101780004411C2F84405C2F8C43110BD0220F8F774
:1017900035FE05490020054B0122C1F840051A61BC
:1017A00010BD00BF3815002100C00041008000417D
:1017B0000900008010B50E4C0222034694F83DC08B
:1017C0002277BCF1010F94F83C1094F82820E08DAA
:1017D0000BD000F05BFCA36B0021064A034420629F
:1017E000C2F84411C2F8443510BD00F02FFCF2E7F6
:1017F0003815002100C00041704700BF044BC3F8FA
:101800006005D3F8002242F04002C3F8002270477E
:1018100000800041054B0021D3F8002222F0400255
:10182000C3F80022C3F86015704700BF0080004174
:101830000C4AD2F81C319BB1D2F848350146012040
:1018400003F07F0310B45B42002483B00B70C2F836
:101850001C41D2F81C310193019B03B010BC7047AE
:10186000184670470080004130B52C4C83B08C4640
:10187000E38DE1705A2B8CBF00220122227028B91F
:1018800001225A2B62701BD903B030BD02225A2BA1
:101890006270F9D894F828308B4234D1204A01285C
:1018A000D2F800322AD143F00803C2F800321C4AB1
:1018B000D2F8683543F4C023C2F8683503B030BDB0
:1018C00094F8283099421ED1154D01AB94F9292086
:1018D000604694F82A10D5F8004244F00404C5F894
:1018E000004200F0F3FB9DF8050000F0B7FC78B96A
:1018F0009DF9040000F056FB03B030BD43F0040333
:10190000C2F80032D3E740F6E4313E20EEF792FD14
:1019100040F255713E20EEF78DFD00BF38150021D5
:1019200000800041054B0021054AC3F84015D2F85C
:101930005035DBB20BB101231361704700C0004189
:1019400000800041044B30B4D3E914459B6DC0E9DD
:10195000004530BC0B607047381500212DE9F04F71
:10196000A84B0121A84C83B0226BB4F84890D964ED
:10197000D3F84C65B61A02F08BFAE38DA665952B69
:10198000C4E9140106D9A378012B00F00982022BC7
:1019900000F098819D4B0022C3F88820C3F8802076
:1019A000C3F8842084F84A20A2F58F72D3F800127D
:1019B000257F0A40C3F8002235B103F58043D3F8F0
:1019C0004451003D18BF012594F802C0BCF1010F3D
:1019D00000F0C680BCF1020F5ED0102100258B4BB9
:1019E000D3F81021002A40F0C381884B0022BCF1BB
:1019F000020FC3F80021C3F80C21C3F81021C3F86B
:101A00000421C3F80821C3F86C217E4A84F83DC044
:101A1000D2F84835D2F84425C4E90D2363D094F8B0
:101A20002810677884F83C10002F00F0A3814FF055
:101A30000108EA0600F1AB81B7F1010A227994F8B6
:101A400000B018BF4FF0010A012A00F0B481022A49
:101A500000F0E080002A40F06B82E08DBCF1000FC6
:101A600000F07282012FCDE9003200F0D981BCF183
:101A7000010F00F0248200F0D9FA009BBBF1010FA6
:101A8000019A00EB0301236B2280A1EB0301A270FA
:101A9000227100F0CD80D6E05C4BD3F80C21D3F856
:101AA0000034002A00F00681D90740F1F381002DAF
:101AB00040F0F9816546554B0022C3F80021C3F878
:101AC0000C21C3F81021C3F80421C3F80821C3F87E
:101AD0006C2102234B4A84F83D30D2F84835D2F8C5
:101AE0004425C4E90D2394F82810002900F025822C
:101AF000CA1E05F00107012A40F2EF804FF00108ED
:101B0000627884F83C10002A00F0F580002F00F085
:101B10001982FFF795FC94F85C30C3B100203B4B71
:101B20000022C3F8AC2184F85C20D3F8142522F4F9
:101B30007022C3F81425626A22F00302C3F8002958
:101B40006262334AC3F81029002F00F08980636E67
:101B50009847A378022B00F0948003B0BDE8F08F83
:101B60002A4BD3F80C215ABBD3F81051002D3FF467
:101B70003CAF84F83DC0C3F8002194F82810C3F8A6
:101B80000C21C3F81021C3F80421C3F80821C3F8BD
:101B90006C211C4A84F83C106378D2F84815D2F8BE
:101BA0004425C4E90D21002B00F04F81FFF748FCCC
:101BB00094F85C30002B40F051810020202157E048
:101BC000002284F83DC0C3F80021C3F80C21C3F8FB
:101BD0001021C3F80421C3F80821C3F86C21094A75
:101BE00094F82810677884F83C10D2F84835D2F879
:101BF0004425C4E90D23002F00F03681E046082576
:101C00001AE700BF00C000413815002100800041E4
:101C100080320200B148FFF7C5F9A1690023BBF18A
:101C2000010F2380A37023710DD1012F00F00B81D0
:101C30002D2333448B4200F245810123002223707F
:101C4000A74BC3F840215046E278FEF77BFE002800
:101C500000F0D58094F85C30002B40F09E8000208E
:101C6000AE0752D415F0280F00F0D48005F0200103
:101C7000B1FA81F1E36E49099847A378022B7FF40A
:101C80006CAF237F002B3FF468AF022B00F0F8808D
:101C9000012B40F06D81236AA26B934240F2638175
:101CA0008F4AC2F844358E4B8E4AC3F8C42103B024
:101CB000BDE8F08FD80700F1EA80002D00F0F58034
:101CC0000525F8E600F0C4FA013001287FF662AE7F
:101CD00040F60A213E20EEF7ADFB834AD2F81424E9
:101CE00012F0060200F02081022A00F01F81042178
:101CF0004FF0000804E794F85C002280A270227183
:101D0000227700287FF40AAF1EE7774BD3F85034D0
:101D1000D90117D5C3F30312C3F30321002918BF58
:101D2000002A01D01A070DD16F4AD2F85414C3F318
:101D30000442C3F34253022B98BF012A02D1012966
:101D40007FF405AF636C5B784B4502D945F0040521
:101D5000EDB2B8F1000F00F0A080C5F3800585F06A
:101D600001055FFA85F80146A36E40469847F0E604
:101D70000D463BE694F85C802780A7702771277793
:101D8000B8F1000F0AD140464FF0010868E7FFF7AD
:101D900057FB94F85C30002B3FD000273846BEE656
:101DA00000F050FA013001287FF6F4AD40F604212E
:101DB0003E20EEF73FFB4948FFF7F4F894F83D204A
:101DC000002A00F0C680012A94F83C3000F094808C
:101DD000464A02EB8302D2F83CC0454A52F823003F
:101DE000D4E90C2300F2F310991A424BA1EB0C0139
:101DF000A3FB0023A1EB9311A26911440EE7384B1A
:101E00000122C3F84005A3F5804302201A61F8F7C8
:101E1000F5FA1FE7EB067FF59CAE236F984798E62F
:101E2000BCF1010F48D000F0D5F8009BBBF1010FC9
:101E3000019A00EB0301236B2280A1EB0301A27046
:101E400022717FF400AF4123F3E694F85C202380F5
:101E5000A37023712377002A3FF4AFAE002730250B
:101E60004FF0010838465AE694F85C802780A77046
:101E700027712777B8F1000F11D0082538464EE6B4
:101E8000A36B216A164A0B44C2F844350BE78DB1A7
:101E9000012510E665B107250DE6012063E7404600
:101EA0000825E046DCE6032505E61421042596E531
:101EB000062500E6102192E500F0AAF8B5E700F04B
:101EC00097F8DAE50220F8F799FA074A012394F81F
:101ED0005C00136130BB1846C2E600BF401500210C
:101EE00000C0004109000080008000412839020143
:101EF000BC390201D34D6210591EC9B203292DD835
:101F00001E4A02EB830302EB4102DB6BB2F8640072
:101F1000D4E90C21891AC91A194BA3FB002301EB40
:101F2000931169E70027FAE50421E7E50321E5E5D8
:101F30004FF445613E20EEF77DFA40F267213E20E6
:101F4000EEF778FA174674E540F6B2113E20EEF748
:101F500071FA40F6B5013E20EEF76CFA40F2C62168
:101F60003E20EEF767FA4FF45B613E20EEF762FA2F
:101F700040F6AF513E20EEF75DFA00BF283902016E
:101F8000D34D6210024B03EB8003D86B704700BF48
:101F900028390201024B03EB8003186D704700BF24
:101FA000283902010028C3B2084A08DD0121033B99
:101FB000C2F80015DBB2064AC2F80C3570470021A2
:101FC000C2F80015024AC2F80C35704700400041C3
:101FD0000080004110B504460846FFF7DBFF034AC6
:101FE000A2FB0020A4EB901010BD00BFD34D6210E7
:101FF000054B0238054A33F8113003F2E733A2FBF0
:10200000032300EB93107047A8390201D34D6210EF
:10201000044B054A33F81130A2FB032300EB931065
:1020200001307047A8390201D34D621010B5044643
:102030000846FFF7AFFF044B00F2E730023CA3FB7A
:102040000030A4EB901010BDD34D621038B50D4C8C
:1020500084461D464FF47A7334F8111004EB820461
:102060000535104664690C4404F6B73403FB0C4490
:10207000054BA3FB0434FFF785FFA409254428443E
:1020800038BD00BFA8390201D34D621038B50546EE
:1020900008461446FFF77EFF0A4B024620464FF4DF
:1020A0007A7103EB84035C69074B04F6B73401FBD8
:1020B0000544A41AA3FB0434FFF764FF0530A40908
:1020C000204438BDA8390201D34D62102DE9F04FEC
:1020D000454C85B0054698460E46174602F0CCFCA6
:1020E00023788146AB4202D16378B3423CD0082DBD
:1020F0001BD1BB464FF0040A8DF80F703046FEF737
:10210000C7FD00210346524600915846414600F063
:10211000ABF8B8F8003025706670A380A071A77086
:1021200084F8039005B0BDE8F08F05F1FF3ABAF1ED
:10213000060F50D8DFE80AF0044235284F040400A7
:102140000DF10F033A463146002002F09BFC0028B7
:1021500046D19DF90FB0BAF1060F3CD8DFE80AF07E
:1021600011382B1E3B11110094F90230BB42BED135
:10217000E3788342BBD1A38894F90600A8F8003025
:10218000D0E74FF0000AB9E70DF10F033A463146A8
:10219000022002F077FC18BB9DF90FB04FF0020A45
:1021A000ACE70DF10F033A463146032002F06AFC1A
:1021B000B0B99DF90FB04FF0030A9FE70DF10F037F
:1021C0003A463146012002F05DFC48B99DF90FB056
:1021D0004FF0010A92E740F2FE410620EEF72AF99D
:1021E0004121A920EEF726F958000021014B186083
:1021F00099807047AC150021024BD86019745A823F
:10220000704700BFD8150021014B1B681B68184799
:1022100068070021014B1B685B68184768070021AD
:10222000014B1B689B68184768070021014B1B681E
:102230001B69184768070021014B1B685B69184739
:1022400068070021014B1B689B691847680700213C
:10225000014B1B68DB69184768070021014B1B68AD
:102260009B6A18476807002130B4044C9DF8085059
:1022700024680295E468A44630BC604768070021E2
:1022800000220D49134610B540FA02F4E40744BF9A
:10229000CA545C1C02F1010248BFE3B2042AF3D124
:1022A000054AFF24D118032B01D9107110BD013349
:1022B00001F8014BDBB2F6E7001D002108B5074825
:1022C00001F0FEF9054800F039F801F047FE01F091
:1022D0002BFE00F0B1FC012008BD00BF0C1700214F
:1022E00008B501F0C9F901F0CFFE01F0ADFEBDE87F
:1022F000084000F0BDBC00BF01F0F8BF01F012BA09
:1023000010B5EFF3108472B601F00CFA04B962B69E
:1023100010BD00BF01F018BA02F0C4B802F0CEB987
:1023200002F0E0B902F02EBA02F032BA02F080B840
:102330002721032008B503F095F800BF024B186071
:1023400000221A719A6070471417002170B582B08C
:102350001F4C2379012B11D0DAB2022A0BD10DF1D7
:102360000701A06800F09CFC0023A36023719DF886
:10237000070002B070BD012002B070BD0DF1070171
:10238000A06800F083FCA5686B7DDB07ECD5AB7F14
:10239000042BE9D001F01CFA06460028E4D001F035
:1023A0001DFA2A69B3682E686D6896194FF000020D
:1023B00045F100050A3342F100021B1842EB01020D
:1023C000B342AA41D0D3A06800F050FDCCE700BFD3
:1023D00014170021837F0BB1002070470A684B68F7
:1023E000D1F808C010B5CC680260C4600124436015
:1023F000C0F808C00A694B69026184774361054BE4
:102400001A792AB998601C7101F07EF9204610BD36
:10241000FFF78EFF1417002170B5044682B00D46F9
:1024200001F0D6F9A37F012B17D02A6806466B6806
:10243000A868E968A0602046E1600DF1070122600C
:1024400063602A696B69226101226361A27700F0EF
:102450001DFC2EB1012002B070BD002002B070BD85
:10246000024B0421186808F0F6F9F3E7141700216D
:1024700070B5044682B00D4601F0AAF9A37F012B86
:102480001CD02A6806466B68A868E968A0602046E8
:10249000E1600DF10701226063602A696B692261C6
:1024A00001226361A27700F0F1FB084C4EB1206875
:1024B000062108F0D0F9012002B070BD002002B062
:1024C00070BD0421206808F0C6F9F0E71417002158
:1024D000024B0621186808F0BEB900BF141700218E
:1024E00010B5EFF3108472B601F072F938B1064BF3
:1024F0000621186808F0AFF904B962B610BDC92109
:10250000032002F0AFFF00BF1417002110B5084BE5
:102510001A7952B90446986002221A7101F0F4F84F
:10252000A07FB0FA80F0400910BDFFF701FF00BFA7
:102530001417002138B5837FC3B1044609E0A37F97
:10254000042B09D0A37F012B11D008F0C1F9A37F80
:1025500063B1A37F032BF2D1EFF3108572B620464F
:1025600000F0BCFB05B962B6A37F2BB938BD4FF4B0
:102570008971032002F076FF40F20D11032002F072
:1025800071FF00BF38B5194B1A7962BB04469860D9
:1025900002221A7101F0B8F8A37F5BB938BDA37F9E
:1025A000032B0BD0A37F042B08D0A37F012B15D0C6
:1025B00008F08EF9A37F002BF1D1EFE7EFF3108540
:1025C00072B6204600F08AFB05B962B6A37F002BE5
:1025D000E4D040F20D11032002F044FF4FF4897162
:1025E000032002F03FFFFFF7A3FE00BF14170021F6
:1025F00010B582B00DF1070100F052FB044601F066
:10260000E7F810B1204602B010BD40F22F110320B0
:1026100002F028FF70B504460D4601F0DFF80346CE
:10262000A46828460025E41841F1000622463346F6
:1026300000F0AEFBA04271EB06030CD3001B6FF061
:10264000010361EB0601834275EB010100D370BD0C
:102650004FF0FF3070BD284670BD00BFF8B504468E
:102660000E46EFF3108572B601F0B8F8A46824188E
:1026700030464FF0000641F1000722463B4600F08D
:1026800087FBA04271EB07030ED3001B6FF0010321
:1026900061EB0701834276EB010102D305B962B613
:1026A000F8BD4FF0FF30F9E73046F7E72DE9F0418C
:1026B0008568002317464A195B4113B10020BDE825
:1026C000F0810C46064601F089F82A18384641F197
:1026D000000314EB020843F1000500F059FB4045EC
:1026E000A941EBD301F002FE00F0F6FAB368012035
:1026F00037752344B360BDE8F08100BF2DE9F8438E
:10270000EFF3108872B6846863184FF000035B41E2
:1027100033B10020B8F1000F00D162B6BDE8F883F4
:1027200017460D46064601F059F82218384641F181
:10273000000315EB020943F1000400F029FB4845B2
:10274000A141E6D301F0D2FD00F0C6FAB368012042
:1027500037752B44B360DDE7837F012B01D0002068
:10276000704700F027BC00BFD0E90001704700BFF0
:102770000069704701F032B810B5EFF3108472B6FB
:1027800001F02CF804B962B610BD00BF8068704734
:10279000007D7047F8B50369002B51D1044601F064
:1027A000A5FD05460E4602F0A3FC90B36435D4E9BE
:1027B000000346F10006A84273EB060221D3C4E9E8
:1027C0000003EFF3108672B601F002F8054688B1F7
:1027D00001F004F8AB6800220B3342F100021B1831
:1027E00042EB0101D4E90002834271EB02050BD3F5
:1027F000C4E9003106B962B62046BDE8F84000F0F1
:102800005DBB28463346DAE703461146C4E900318A
:10281000F0E702F07DFC074600F0F6FF2168B842C1
:10282000626838BF3846963546F10006401946F1D1
:102830000003884273EB0205C1D208461346BEE787
:1028400040F2D511032002F00DFE00BFF8B50022C2
:10285000244C2260EFF3108172B66368A26062605C
:10286000236009B962B6236863B300259A79A3F19E
:102870001800032A27D01F686FB3BA79A7F118038D
:1028800084460026042A0FD19A8B818B521A120497
:1028900002D50CF1180618469A6942B19C46A2F17D
:1028A00018039A7F042AEFD09B7F032B15D196B192
:1028B00033681B683360C3680221857798472368B3
:1028C000002BD3D1F8BD1E68012153F80C2C9D714B
:1028D00026609047F3E72760EDE763219F2002F031
:1028E000C1FD00BF201700212DE9F84F4FF000086F
:1028F000374B8646C2F80080D86800285DD0A0F12A
:10290000180C9246E146D9F81850002D45D0DCF855
:102910000040A5F1180055F8186CDCF8042055F8B3
:10292000147CA64277EB02034ED3744572EB01038D
:102930000BD2DCF810301B1942F100029E451C46F8
:1029400071EB020301D274460A46764577EB010328
:102950000BD255F8083C9B1947F100079E451E46CF
:1029600071EB070301D276460F46DCF808300A33D4
:1029700048F1000B1B1942EB0B029E4277EB02025F
:102980000BD29CF8143015F8042C9A4208D00DD3C1
:102990008146D9F81850002DB9D16046BDE8F88FAE
:1029A000AB88BCF81C209B1A1B04F1D509F1180355
:1029B000CAF80030D9F818300BB9BDE8F88F844652
:1029C000A3F118008146E4E7BF219F2002F04AFDF1
:1029D000201700212DE9F043224EF4686CB3002546
:1029E0000427A846AE462346246853E906C2844518
:1029F00072EB010923D253F8089C19EB0C0C42F13D
:102A0000000284458A411AD2FDB12A6812682A6000
:102A10009F71726883F800E083F801E083F802E0B8
:102A200083F803E07AB1B26813604FF00108B36035
:102A3000002CD8D1B8F1000F0DD1BDE8F0831D46B0
:102A4000002CD0D1F6E77360EFE7F268002ADFD000
:102A50001268F260DCE7044BBDE8F043187802F03E
:102A6000C1BE00BF20170021B1070021704B2DE926
:102A7000F04F8846D96885B005460468828340686F
:102A8000002900F0C980A1F1180295F815C08A4606
:102A9000A9460CF0010C0027D2E900636546B44258
:102AA00070EB03012AD3F5B1177D99F814108F420A
:102AB00019D89168891943F1000311F10A0E43F105
:102AC000000C744570EB0C065ED2D9F81060361914
:102AD00040F10007B6457CEB070B01D2764667460E
:102AE0008E429F4155D3936917468BB1A3F11802CB
:102AF000D2E90063B44270EB0301D4D2AC46514634
:102B00004D46BCF1000F00F0908013463A4605E0B8
:102B1000AC4651464D46BCF1000F58D0AE68361950
:102B200040F10009002B67D0C246CDE9001216F132
:102B30000A0C1F68596849F10002BC458A4158D304
:102B40001A7D95F814C0944519D39A68D21941F1A9
:102B5000000112F10A0841F1000E444570EB0E0726
:102B600052D22F693F1940F1000CB8457EEB0C0B97
:102B700001D24746F44697427CEB010C4AD39B694D
:102B8000002B36D0183BD2E7264607468E429F419F
:102B9000A9D24D460023042105F118022B766B764D
:102BA000AB76EB76224BA9775B68002B3AD0204BB3
:102BB0009B681A601F4B00251D4918788A6002F037
:102BC00011FE88F8005005B0BDE8F08F93692946E2
:102BD00041F8183F916103AA00210020FFF784FE0D
:102BE0002D1AB5FA85F56D0988F8005005B0BDE8D5
:102BF000F08FDDE90012D046002AE7D12B460C4ABF
:102C000043F8181FD360E6E72746844697427CEBDB
:102C1000010CB4D2D046BDE76B7DDB07EED50A468A
:102C20000B467BE7024B5A60C4E73A46E4E700BF35
:102C300020170021B107002110B50A4C2378FF2B83
:102C40000AD1094802F0A4FD084B00222070DA6086
:102C50005A609A601A8210BD4FF484719F2002F06E
:102C600001FC00BFB10700214D2801012017002100
:102C700010B5054C2078FF2800D110BD02F0A2FD50
:102C8000FF23237010BD00BFB1070021034B1A8A38
:102C900002F1010CA3F810C0E8E600BF20170021E4
:102CA00030B583B004460D460020002101AAFFF78D
:102CB0001BFE034604F118010648E31AB3FA83F336
:102CC0005B092B7007F0EDFD10B100230120A37705
:102CD00003B030BD2C1700217CE600BF38B5164D7F
:102CE000044600F118016B68A3B16B6899421ED0CD
:102CF00083B11A461B686BB19942FAD153B1186877
:102D00001060686881420BD0AB6899420DD00023F7
:102D1000A37738BD084807F0C4FD0028F7D138BDB7
:102D20001B686B60AB689942F1D1AA60EFE7002B9A
:102D3000F0D00022E5E700BF2017002130B505469E
:102D400083B00C46FFF746FE01AA28462146FFF74E
:102D5000CBFD28B100F11802044B5A6103B030BD1D
:102D60000246024B5A6103B030BD00BF201700215C
:102D700010B5064C616904F10C0007F092FD18B122
:102D8000606900231838636110BD00BF201700215F
:102D90001C49C96839B3A1F1180C9CF81410814280
:102DA0001DD870B512F10A05DCE9004143F1000EAF
:102DB000AC4271EB0E0620D2DCF81060341941F100
:102DC0000001AC4271EB0E0115D2DCF8181071B1A4
:102DD000A1F1180C9CF814108142F6D8E2E7DCF857
:102DE00018100029D7D14FF0FF30014670474FF03F
:102DF000FF30014670BD2C467146B4F10A0041F126
:102E0000FF3170BD2017002110B5837F022B06D043
:102E1000837F012B02D0837F042B1DD110BD437D06
:102E200013F0020313D103240E4A00F118010376B4
:102E30008477546843768376C3765CB1936819606F
:102E4000094B91601878BDE8104002F0CBBC00231C
:102E5000837710BD5160F3E74FF4FB719F2002F0C0
:102E600001FB00BF20170021B107002170B5044607
:102E7000104D04F1180605F10C00314607F011FD64
:102E800098B1002304222376A2776376A376E376B3
:102E90006B6843B1AB681E60074BAE601878BDE845
:102EA000704002F09FBC6E60F6E74FF400719F2007
:102EB00002F0D8FA20170021B10700212DE9F04FC8
:102EC000076983B0002F6ED1866890F81480D0E92E
:102ED0000045EFF3108272B63549CB68002B5BD00A
:102EE0000A36B1F81090A3F11803CDF8049047F119
:102EF0000007B14614EB090AD3E9001645EB070EAB
:102F00008A457EEB060C47D3A14276EB050C27D30E
:102F1000D3F810C01CEB010C46F1000BD4457BEB41
:102F20000E0B34BF4FF0010C4FF0000CBCF1000F42
:102F300012D093F814C0C44525D034BF4FF0010C13
:102F40004FF0000CBCF1000F06D00A319C6846F12E
:102F50000005641845F100059B69EBB1183BC9E712
:102F600011F10A0CD3F808A046F1000E1AEB0C0C74
:102F70004EF1000E644575EB0E0E34BF4FF0010CA0
:102F80004FF0000CD2E7B3F81CC0DDF804E0ACEB66
:102F90000E0CCCF3C03CD5E702B962B6C0E90045DF
:102FA00003B0BDE8F08F40F21F219F2002F05AFAD3
:102FB0002017002170B582B005460C460020002184
:102FC00001AAAE8BFFF790FC281A05F11801B0FAA0
:102FD00080F040098DF803000E4807F062FC98B1BC
:102FE0000023A4462C46AB77BCE80F000FC49CE836
:102FF0000300324684E8030028460DF10301FFF781
:1030000035FD012002B070BD40F24A219F2002F040
:1030100029FA00BF2C170021024B0521186807F080
:103020001ABC00BF38170021042970B523D01DD960
:10303000052928D1194C667906F0FD06012E27D105
:103040000546A07920BBA3689847A069144AA671D9
:10305000D4E90431323B41F1FF31181841F100014C
:1030600001F086F80F4B02202B6070BD0239012958
:1030700009D8002070BDFFF769F90028F9D0074B87
:1030800001221A71F5E740F2C911B02002F0EAF905
:1030900040F2BF11B02002F0E5F900BF381700215F
:1030A00019300101FD330101054BD86910B1C36826
:1030B0000621184740F28D21B02010B502F0D2F958
:1030C000381700212DE9F0471746002B48D0044659
:1030D0000D46D3E90089804579EB01033DD3444E89
:1030E00040464946C6E9088901F012FC338DB8EB29
:1030F00004044FF0000203F1640369EB0505A342E9
:10310000AA410FDBB36903F5E1739C4275F1000539
:1031100055DA384A4046494601F02AF8364B3B60BA
:10312000BDE8F087B27973796ABB03F0FD0AB36931
:1031300003F5E1739C4275F100052ADABAF1010F3B
:10314000E7D1308D2B4AB8EB000069F1000101F0A6
:103150000FF82A4B3B60BDE8F08780468946BEE702
:10316000234EB3791BB17379023B012B37D900236E
:10317000B37101F0D9FB01F0B5FF01F0CBFB204B9F
:103180003B60BDE8F0879A1E012A2CD90022B2715B
:10319000CBE701F0C9FB01F0A5FF308DB369984280
:1031A00012D9BAF1010F0FD1B8EB0000114A69F141
:1031B000000100F0DDFF134B3B60BDE8F08701F03C
:1031C000B3FB01F08FFFB369B8EB0300094A69F163
:1031D000000100F0CDFF0C4B3B60BDE8F087B36809
:1031E00001209847C3E7B368012098477379CDE77A
:1031F0003817002119300101F93501010D320101A3
:103200004D3501017D350101AD340101042970B551
:1032100004461BD015D905292BD11B4D6E7906F01C
:10322000FD06012E2AD1A87940BBAB689847174A02
:10323000AE71D5E9080100F09BFF154B2360022019
:1032400070BD0239012914D8002070BDFFF77EF847
:103250000028F9D001F038F801F048F806460D468C
:10326000FFF76CFD2246034629463046FFF72AFF4A
:10327000E5E74FF40F71B02002F0F4F84FF40D7150
:10328000B02002F0EFF800BF38170021193001011B
:10329000F935010102392DE9F04104292DD8DFE883
:1032A00001F00309292C0C00164A5379003B18BF82
:1032B000012393710020BDE8F081124D044600F017
:1032C0002BFF01F013F80E460746FFF737FD804647
:1032D000E869FFF799FD224638463146002400266A
:1032E00000274346EC61C5E90867FFF7EBFE0220C3
:1032F000BDE8F081FFF72AF8DCE740F2EF11B020DB
:1033000002F0B0F8381700212DE9F04F364E83B0A7
:10331000804696F80690B569B9F1000F32D17379FD
:1033200003F0FD03012B3ED000F0E0FF43190446FB
:103330000F4641F100021846019311460092FFF733
:10334000FDFC00283BD0D0E900ABDDE90023AA4515
:103350007BF1000119D200200146C6E90832234A58
:1033600000F006FF5046594601F0D2FAB9F1000FBD
:1033700002D0338D9D421CD01D4BC8F8003003B0E5
:10338000BDE8F08F4FF00009CEE7BAEB05006BF116
:103390000001844277EB010301D204460F46631912
:1033A00047F10002D9E7328D9946954238BF15465C
:1033B000BAE7104BC8F8003003B0BDE8F08FB3791E
:1033C0001BB17379023B012B09D90023B37101F0C2
:1033D000A1FA094BC8F8003003B0BDE8F08FB3681C
:1033E00001209847F1E700BF38170021193001018B
:1033F000AD3401017D3501014D350101023970B552
:1034000003294AD8DFE801F005022407254B0022F2
:103410001A71002070BD044601F08EFA08B3214DE8
:103420002E796EBBFFF7A4FC50B3E861C5E90B66CB
:1034300000F06AFEE869022331468377C368984743
:10344000D5E90801FFF748FC174B2360022070BD47
:10345000FEF77CFF0028DCD0124B012200201A71FD
:10346000D8E700200021FFF769FC08B1FFF7FEFC58
:1034700001F05AFA01F036FE2046FFF745FFE5E776
:1034800000F034FF06460D46FFF758FC224603467F
:1034900029463046FFF716FED8E740F2A511B020C6
:1034A00001F0E0FF3817002195320101042938B5F9
:1034B000044623D01DD905293AD1204D01F02CFA1C
:1034C00001F00AFE6B7903F0FD03012B01D1AB790A
:1034D000F3B100F00BFFAB69194A323B65EB050510
:1034E000181845EB010100F043FE164B2360022043
:1034F00038BD023901291BD8002038BDFEF726FF50
:103500000028F9D000F0E0FE2046FFF7FDFEEEE7D0
:1035100000F0ECFE2A8DAB699B1A094AC5E904014B
:10352000181841F1000100F023FE074B2360DEE78D
:1035300040F26B11B02001F095FF00BF3817002159
:1035400019300101FD33010129300101032910B5B2
:1035500006D801290AD840F21711B02001F082FFE5
:103560000429F8D10446FEF7F1FE08B9002010BD89
:103570002046FFF7C9FE022010BD00BF042970B528
:1035800005461FD019D9052926D1184C667906F0B1
:10359000FD06012E25D1A07918BBA3689847A36921
:1035A000206A616AC01A124AA67161F1000100F036
:1035B000DFFD104B2B60022070BD023901290BD8B2
:1035C000002070BDFEF7C2FE0028F9D000F07CFE9E
:1035D0002846FFF799FEEEE740F23B11B02001F0DC
:1035E00041FF40F23311B02001F03CFF38170021B9
:1035F00019300101AD340101042970B504461FD012
:1036000019D905292FD1FFF7B3FBF8B1184D0026C2
:10361000E861C5E90B6600F077FDE86902233146F1
:103620008377C3689847D5E90801FFF755FB114B2D
:103630002360022070BD0239012914D8002070BD1A
:10364000FEF784FE0028F9D000F03EFE00F04EFEAA
:1036500006460D46FFF772FB2246034629463046D2
:10366000FFF730FDE5E740F21721B02001F0FAFE48
:10367000381700219532010110B5EFF3108472B6AE
:103680000B4B0C491B680C4A1B68934218BF8B42BA
:1036900002D00A4A934202D104B962B610BD01F0C9
:1036A00043F901F01FFD01F035F900F00DFEF3E7DD
:1036B000381700217D3501014D350101AD3401017F
:1036C000054B002210B5054C03606271206001F0CB
:1036D0001FFD3230A06110BD4D35010138170021AA
:1036E00008B5074B074A19680968914202D1323080
:1036F000986108BD40F27221B02001F0B3FE00BF16
:10370000381700214D35010110B5EFF3108472B662
:10371000034B0421186807F09EF804B962B610BD87
:103720003817002108B5064BDB6923B1054ABDE80F
:10373000084000F01DBD40F29321B02001F092FE40
:1037400038170021A930010108B5064BDB691BB110
:10375000BDE8084000F0B8BD40F29921B02001F06A
:1037600081FE00BF3817002108B5054BDA690AB1A0
:10377000D86208BD40F29F21B02001F073FE00BF67
:103780003817002108B5054BDA690AB1186308BD7E
:1037900040F2A521B02001F065FE00BF38170021DE
:1037A000044B1B6B03B1184740F2AB21B02010B59E
:1037B00001F058FE38170021044BDB6A03B11847AB
:1037C00040F2B121B02010B501F04CFE38170021B5
:1037D000014BD869704700BF3817002108B5054B69
:1037E000DA6912B1D3E9080108BD4FF42F71B02096
:1037F00001F038FE38170021024B323158719A60BF
:103800001985704738170021044A537903F0FD03E6
:10381000012B0CBF108D0020704700BF381700210E
:10382000054B1B681BB11A6A0521586A104776219F
:10383000452010B501F016FE70170021054B1B68DE
:103840001BB11A6A0421586A10477021452010B52F
:1038500001F008FE701700212DE9F041274F0546C1
:10386000274A0E4607F10803C31ADB1002FB03F3D5
:10387000DBB207EB43045A0094F80835C9B93B683A
:103880007BBBD7F8483583BB07F5A16338601D487B
:103890001344C7F84835FFF767FF1B48FFF772FF6F
:1038A000D7F848352BB3FEF765FF94F80935044681
:1038B0002BB92B6A3146686ABDE8F0411847FEF71C
:1038C0002BFD2034241AC7F84C4500F05FFD00287A
:1038D000FBD000230D490E4AC1F88031C2F8803078
:1038E000E7E78E21452001F0BDFD8F21452001F045
:1038F000B9FD4FF4F671452001F0B4FD70170021B9
:10390000CDCCCCCC3D380101213801010010014162
:1039100000C00041FFF728BFFFF734BF044B002170
:10392000402203F5A1601960C3F8481502F06AB897
:1039300070170021FEF7E0BC704700BF08B5084BC8
:103940001A684AB1002107481960C3F84815D060C9
:10395000BDE80840FEF7BCBDC121452001F082FD55
:1039600070170021593801011F280AD8064B03EBB4
:10397000400393F8082522B1002283F8082501208E
:1039800070470020704700BF7017002170B50023FA
:10399000114C0D4602E00133202B19D004EB430CEF
:1039A0009CF8082502F0FF01002AF4D1DEB2FF22C4
:1039B0008CF8082503EB8303202204EBC304C4E93D
:1039C0000A05064800EBC30002F01CF8304670BD43
:1039D0001E46304670BD00BF7017002178170021C9
:1039E0001F2812D810B40A4C04EB400393F8083592
:1039F00043B100EB8003012004EBC304C4E90A12C5
:103A000010BC7047002010BC70470020704700BFFA
:103A10007017002130B5002387B00A780D460446A0
:103A200000930193CDE90233CDE90433002A3BD161
:103A3000D1E90401203841F1FF316B7A9DF815205E
:103A4000C3F34003019122F00302297A5B00009046
:103A50008DF8141043F0010316491343164A8DF8EC
:103A600015306B682033CDE902315368C3F3080386
:103A700073B1103B5BB2002B10DBA2F51062D35C7C
:103A80005B092BB969462046FEF7C6FC07B030BD7E
:103A900069462046FEF79EFC07B030BD03F00F03D9
:103AA0001A44137D5B09ECE7FEF726FC2B690493AF
:103AB000C3E700BF5938010100ED00E01F2859D8C5
:103AC00030B5044687B0324A02EB400292F808351E
:103AD00013B9002007B030BD4B7A0D46C3F3800107
:103AE00081F0010182F8091500222978CDE9002230
:103AF000CDE90222CDE90422002943D12869696970
:103B0000203841F1FF31C3F340039DF815200191A6
:103B10005B0022F00302297A43F0010300908DF844
:103B2000141013431B491C4A8DF815306B68203361
:103B3000CDE902315368C3F308038BB1103B5BB28C
:103B4000002B19DBA2F51062D35C5B0943B904EBCF
:103B500084041248694600EBC400FEF75DFCB9E737
:103B600004EB84040D48694600EBC400FEF732FC08
:103B700007B030BD0020704703F00F031A44137DD7
:103B80005B09E3E7FEF7B8FB2B6904936B7ABAE7AE
:103B9000701700215938010100ED00E0781700216D
:103BA0000B4A5368C3F3080353B1103B5BB2002BBD
:103BB00008DBA2F51062D35C5B090BB9FEF718BDF8
:103BC000FEF7A4BC03F00F031A44137D5B09F4E76E
:103BD00000ED00E0104A5368C3F308037BB1103BCB
:103BE0005BB2002B12DBA2F51062D35C5B0933B928
:103BF0000A4B00EB800003EBC000FEF7F9BC074B5B
:103C000000EB800003EBC000FEF780BC03F00F0365
:103C10001A44137D5B09EAE700ED00E07817002104
:103C200010B5027886B0F2B904460392D0E90431A7
:103C30004068203B00F1200041F1FF310093237ADE
:103C4000029068460191CDE904228DF81430FEF708
:103C5000A1FD0120DDE90032203342F10002C4E978
:103C6000043206B010BD4FF4AA71452001F0FAFBF2
:103C70000B4BD3F8483510B56BB10446FEF77AFD0F
:103C80000023203443F10003201843EB0101FEF729
:103C900035FB012010BD4FF4F671452001F0E2FB29
:103CA000701700214FF4BA71452008B501F0DAFB16
:103CB00008B50A4B0A46D3F8481551B101461868B1
:103CC000FEF7F4FC08B9022008BDFEF723FB002034
:103CD00008BD40F27911452001F0C4FB70170021A6
:103CE00010B51B4C86B06368C3F3080333B3103BB5
:103CF0000A465BB2002B24DB1649CB5C5B09EBB9AF
:103D000005930493D2E904142039009144F1FF345F
:103D1000517A0194C1F3400369465B0043F001030B
:103D20008DF815305368127A20338DF814200A4A22
:103D3000CDE90232FEF710FD06B010BD002006B03E
:103D400010BD03F00F031C44237D5B09D7E700BFC0
:103D500000ED00E000E400E0593801011F2805D81B
:103D6000214B03EB400393F808350BB90020704753
:103D70000A461E494B68C3F30803002BF6D0103BDC
:103D80005BB2002B2ADBA1F51061CB5C5B09002B39
:103D9000ECD100EB800010B5D2E9041486B02039D4
:103DA0000593009144F1FF34517A0493C1F3400329
:103DB00001940F4C69465B0004EBC00043F0010323
:103DC0008DF815305368127A20338DF81420094A83
:103DD000CDE90232FEF7C0FC06B010BD03F00F03C0
:103DE00019440B7D5B09D2E77017002100ED00E05C
:103DF0007817002159380101044BD3F8482512B136
:103E00001868FEF7C5BC0220704700BF701700217C
:103E1000024B01461868FEF7FDBB00BF701700217A
:103E2000FEF788BB1F2808B50ED80C4B03EB4002E9
:103E300092F808256AB1083300EB800003EBC0005C
:103E4000BDE80840FEF776BB40F2E511452001F0E1
:103E500009FB4FF4F371452001F004FB70170021BA
:103E600008B5074BD3F848352BB1FEF783FC20305B
:103E700041F1000108BD4FF4F671452001F0F2FA5E
:103E800070170021014BD3F84C05704770170021C3
:103E9000FEF746BA704700BFFEF740BAFEF742BAD7
:103EA000FEF742BA08B5FFF7A7FC002008BD00BF27
:103EB00000F058BD10B50C7886B064BB049200EBDE
:103EC000800C0594164CD1E90432203B009342F15A
:103ED000FF324B7A019204EB4002C3F3400EC3F36E
:103EE0008003083483F0010304EBCC004C68097AAA
:103EF00082F809354FF000030A4A20346EF341037B
:103F00008DF8141069468DF81530CDE90242FEF7A0
:103F100061FA06B010BD40F23121452001F0A2FA4D
:103F2000701700215938010110B5094C0023237284
:103F30002375084A012108485160C2F84035C2F88B
:103F40004031C0F8081501F097FCA06110BD00BF1A
:103F5000C01C002100C0004100F0004130B4344BCF
:103F60000022344C01213448C26159609960C3F881
:103F70000843C3F84843046AC3F80421C3F8402146
:103F8000C3F84421C3F84821002C4ED02B4A4FF0EF
:103F90000045C2F8C051C4F88050C3F88050284B87
:103FA000C3F804150523C2F840351160D2F840313A
:103FB000002BFBD00121224D0023C5F808155160CC
:103FC000D1601B49C2F84031C2F84035C2F8C03157
:103FD000C4F88030C1F8803090F8243003B390F8F2
:103FE00025200121124B4FF480249140144842F0C7
:103FF00000424FF6FF75C0F80815C3F84443C3F8F4
:104000004855C3F80443C3F848219A60C0F8041522
:104010000C4B4FF4003230BCC3F880211A6070475B
:10402000034B0222C3F80423F2E71960D4E700BF70
:104030000010014102000700C01C002100C0004127
:1040400000F0004100E100E030B40C4B01200024FE
:104050000B4A4FF480510B4D5860C3F84045C3F8EC
:104060004041C5F80805C2F88011C2F88010BFF3BE
:104070004F8FBFF36F8F30BC704700BF00C000414F
:1040800000E100E000F0004110B41A4B00221A4C8D
:1040900001211A48C26159609960C3F80843C3F806
:1040A0004843174CC3F80421C3F84021C3F8442106
:1040B000C3F84821C3F88021C4F8802090F8244038
:1040C0005CB190F82540C3F84821A14080F8242035
:1040D0009A60A3F50053C3F808150A4B4FF4003259
:1040E000C3F88021C3F88020BFF34F8FBFF36F8FD9
:1040F00010BC70470010014102000700C01C0021E5
:1041000000C0004100E100E0024B01229B691A60FF
:10411000704700BFC01C002110B4114A00230124C5
:104120004FF0FF300F49C1F88031C2F88030546041
:104130004FF48054C2F808030B480C4AC0F8804181
:10414000106838B14FF48030C1F808031372C1F819
:10415000403113609369002210BC1A60704700BFA1
:1041600000C000410010014100E100E0C01C00213E
:1041700070B5514C86B02368002B40F098800DF14B
:104180000B03226003AA009304AB01F069F89DF8C9
:104190000B300F2B06D9DDE90432013342F1000266
:1041A000CDE90432EFF3108572B694F8241081BB88
:1041B000424AD2F80405D2F80431F3B90530E66971
:1041C00043F10003002D3DD0DDE904254FF080715F
:1041D000E6FB0103824275EB03035AD3130E22F070
:1041E0007F4243EA052335494FF480306360C1F8CC
:1041F0004025C1F8040306B070BDE3690133E361F3
:10420000C2F80411D2F80405D2F80431002BF4D11D
:10421000D4E72A4B4FF6FF72D3F80405D3F84831A0
:104220009042E66927D0003B47F6FE7218BF012393
:10423000904288BF002305301E444FF0000343F135
:104240000003E5B962B694F82410049A059D00298C
:10425000BCD04FF48031E6FB0103824275EB0303CF
:1042600017D3130C4FF6FF7192B243EA0543002AAD
:1042700008BF0A46B7E7ABB90520002DE2D04FF4DE
:104280008031DDE90425E6FB0103824275EB03037F
:10429000E7D2FF2323720A4B4FF40032C3F8002108
:1042A00006B070BD07480023002DE8D1CAE740F2F0
:1042B0006121052001F0D6F8C01C00210010014149
:1042C00000E100E004000100064B1A684AB106490B
:1042D0004FF48032C1F8082300221A72C1F840213D
:1042E0001A607047C01C00210010014138B5EFF37F
:1042F000108572B6214991F82440F4B1204B4FF655
:10430000FF72D3F80405D3F848319042CC692FD01E
:10431000003B47F6FE7218BF0123904288BF00237E
:104320001C441DB962B691F82430D3B100F054FF9B
:10433000144D0021E4FB050138BD114AD2F80405F3
:10434000D2F8043153B1CB690133CB61C2F80441D7
:10435000D2F80405D2F80431002BF4D1CC69002D39
:10436000E0D000F039FF084D0021E4FB050138BD25
:1043700003B91846002DD9D1D4E700BFC01C0021D5
:104380000010014180841E000080841E70B5EFF390
:10439000108672B6224C94F82410C9B1214B4FF606
:1043A000FF72D3F80405D3F848319042E56931D063
:1043B000003B47F6FE7218BF0123904288BF0023DE
:1043C0001D441EB962B694F82430ABB1164E14E009
:1043D000144AD2F80405D2F8043153B1E369013329
:1043E000E361C2F80411D2F80405D2F80431002BBD
:1043F000F4D1E569002EE5D00C4E00F0EDFE00236F
:10440000D4E90A12E5FB0603884293412CBF012040
:10441000002070BD03B91846002ED7D1D2E700BFE7
:10442000C01C00210010014180841E000080841EF9
:10443000184B01220020102110B5174C5A60C3F808
:104440004005C3F84001C4F80825D3F8040520F05E
:104450000300C3F80405D3F8080540F00300C3F8CF
:10446000080591FAA1F1B1FA81F109290CDC0B4898
:104470004FF48054C3F81015DA60C0F8804104602E
:104480005A60DA601A6010BD4FF47371044800F08E
:10449000DFFF00BF00C0004100F0004100E100E08C
:1044A000183C02012DE9F84F00207E4E01257E497F
:1044B0007560C6F84005C6F84001C1F80855D6F841
:1044C000043523F00303C6F80435D6F8083543F065
:1044D0000303C6F80835102393FAA3F3B3FA83F362
:1044E000092B00F3DA80C6F810354FF480526F4B79
:1044F0004FF6FF7CF56047F6FE7EC3F880211A6018
:104500004FF000426A4B75606A4CF560C3F8802139
:10451000C6F8802040E06745D3F8482100F0988035
:10452000003AD4F81C8018BF0122774588BF0022CA
:1045300042444FF00008B9F1000F00F091804FF4B1
:104540008039E2FB0978C1F80455EFF3108972B69F
:1045500094F82420D3F804A5002A61D0E245D3F8CA
:1045600048213AD0003AD4F81CB018BF0122F245D5
:1045700088BF00225A444FF0000BB9F1000F34D02D
:104580004FF48039E2FB09ABC34508BFBA453CD0C4
:10459000C1F808557560F560EFF3108972B694F8AC
:1045A0002420D3F80475002AB5D1D3F8042142B9E8
:1045B000E2694FF00008B9F1000F51D04FF0807957
:1045C000BFE7E2690132E261C3F80401D3F8047580
:1045D000D3F80421002AF4D1EAE7002A4BD192460D
:1045E000E269D346B9F1000FCAD162B694F82490BB
:1045F000B9F1000F0CBF4FF080794FF48039E2FB26
:1046000009ABC34508BFBA45C2D1781C48F10001C7
:1046100000F0F0FD02460B46C4E90A23BDE8F88F1E
:10462000D3F8042142B9E2694FF0000BB9F1000F51
:10463000DBD04FF08079A5E7E2690132E261C3F88F
:104640000401D3F804A5D3F80421002AF4D1EAE741
:10465000D2B91746E269B846B9F1000F7FF46FAFDF
:1046600062B694F82490B9F1000F0CBF4FF0807936
:104670004FF4803965E7E269E2464FF0000BB9F18B
:10468000000F7FF47DAFB0E7E26967464FF00008A6
:10469000B9F1000F7FF453AFE2E74FF473710648AE
:1046A00000F0D6FE00C0004100F0004100E100E053
:1046B00000100141C01C0021183C020110B5029CF1
:1046C000201841F10001801A61EB0301B0F1004FA5
:1046D00071F1000100DA10BD40F23131052000F027
:1046E000C1FE00BF38B5EFF3108572B6214991F8CD
:1046F0002440F4B1204B4FF6FF72D3F80405D3F8F1
:1047000048319042CC692FD0003B47F6FE7218BF6B
:104710000123904288BF00231C441DB962B691F862
:104720002430D3B100F058FD144D0021E4FB050105
:1047300038BD114AD2F80405D2F8043153B1CB691F
:104740000133CB61C2F80441D2F80405D2F8043138
:10475000002BF4D1CC69002DE0D000F03DFD084DD8
:104760000021E4FB050138BD03B91846002DD9D15D
:10477000D4E700BFC01C00210010014180841E004E
:104780000080841E014BD860704700BFC01C002110
:10479000F0B5534C87B0E368002B00F09C80EFF33A
:1047A000108572B60DF10B0303AA009304AB00F061
:1047B00057FD9DF80B300F2B06D9DDE9043201338C
:1047C00042F10002CDE90432EFF3108672B694F89C
:1047D000241091BB434AD2F80405D2F8043103BB3C
:1047E0000530E76943F10003002E3FD0DDE90426E0
:1047F0004FF08071E7FB0103824276EB03035DD348
:10480000130E22F07F4243EA062323614FF4003364
:104810003449C1F84425C1F8043305B962B607B07C
:10482000F0BDE3690133E361C2F80411D2F8040575
:10483000D2F80431002BF4D1D2E72A4B4FF6FF72A5
:10484000D3F80405D3F84831904228D0003B47F60E
:10485000FE72E76918BF0123904288BF002305302C
:104860001F444FF0000343F10003EEB962B694F821
:104870002410DDE904260029BAD04FF48031E7FB8B
:104880000103824276EB030318D3130C4FF6FF713A
:1048900092B243EA0643002A08BF0A46B5E7E76931
:1048A000A3B90520002EE1D04FF48031DDE90426C4
:1048B000E7FB0103824276EB0303E6D2FF23237575
:1048C000094B4FF40032C3F80021A6E70748002344
:1048D000002EE9D1CAE740F24131052000F0C2FDC7
:1048E000C01C00210010014100E100E004000100B3
:1048F000014B93F824007047C01C0021034B012298
:1049000083F8250083F82420704700BFC01C0021D5
:10491000704700BF704700BF024B0122C3F8442319
:10492000704700BF00100141024B0122C3F8482329
:10493000704700BF0010014108B500F0D9FB30B945
:10494000074A136B0133312B136304D808BD044BA2
:1049500000221A6308BD4FF46271052000F082FD49
:10496000C01C0021014B1862704700BFC01C002111
:1049700010B53F4C82B094F82430002B55D03D4BFD
:10498000D3F8042352035BD43A4B6168D3F8042371
:10499000D00334D5D3F84031002B30D0E3699942AD
:1049A0005DD800232372334A4FF48031C2F840317E
:1049B000C2F808132268002A55D0236090472D4B77
:1049C0002169D3F80423920324D5D3F844310BB3DF
:1049D000E3698B423FD300222275264B4FF400300F
:1049E000E168C3F84421C3F8080300293BD0884795
:1049F000204BD3F840310193019B02B010BDE26916
:104A0000237A002BCDD19142D9D91A4B0022C3F879
:104A10004021D4E7E269237D002BDCD18A42E7D232
:104A2000144B0022C3F84421E2E7124AD2F80411E1
:104A30000029A9D0C2F80431E3690133E361A3E797
:104A4000D3F84821002A9FD00022C3F84821E36907
:104A50000133E36198E7237D002BE1D0BBE7237AA4
:104A6000002BD2D09DE740F2CA31052000F0FAFCBD
:104A7000C01C002100100141014B187D704700BF90
:104A800000160021042810B511D883B104280CBFEA
:104A900010242824A1420AD2064C54F8200018B150
:104AA00041568A42A8BF0A4600201A7010BD6FF016
:104AB0001500FBE7001600210228034610DC10F168
:104AC000270F0FDB084A101890F82800024492F9CB
:104AD0002C209A4207D0002918BF0130C0B270477D
:104AE0000F20704700207047F6390201022808B5F0
:104AF00006DCFFF7E1FF034B034493F92C0008BDEC
:104B00000320FCE7F6390201C0B208B518B9044B1E
:104B100001221A6008BD5121B52000F0A3FC00BF9E
:104B20000050004110F0FF0008B507D1054B0122ED
:104B30005A60C3F80001044B187008BD8421B520E9
:104B400000F090FC0050004115160021014B01229D
:104B50001A7070471516002108B540B9064BD3F8F6
:104B6000003113B9054B187808BD0120FCE7D021AE
:104B7000B52000F077FC00BF005000411516002161
:104B8000024BD3F8080400F00100704700500041C8
:104B9000024BD3F8140400F00100704700500041AC
:104BA000024BD3F81C0400F0030070470050004192
:104BB00007490246D1F81804D1F8181410F48030CF
:104BC00005D0D0B201F003031B1A58425841704778
:104BD00000500041F8B50F4E012704460D463754EA
:104BE00005F01BFE58B92CB90B4BB7707560C3F8B4
:104BF0000473F8BD4FF494716D2000F033FC002D68
:104C0000F7D01CB92046A8477460F2E740F2431180
:104C1000F2E700BF1816002100500041044B0022AB
:104C200019181A548A7003EB80014A60704700BF5C
:104C30001816002110B5034CA08100F069FBE0813B
:104C400010BD00BF18160021014B188A704700BF25
:104C500018160021014B9889704700BF18160021D3
:104C600010B5EFF3108472B6064B03449A7C013200
:104C7000D2B29A749B7C012B01D1FFF745FF04B996
:104C800062B610BD1816002108B505F0C9FD05F083
:104C9000C4FD084A084B30B10121116104221A7584
:104CA00000225A7508BD032119750121C2F80413A9
:104CB000F6E700BF005000411816002110B5EFF3D1
:104CC000108472B6094B03449A7C22B940F26721E2
:104CD0006D2000F0C7FB9A7C013AD2B29A749B7C9B
:104CE0000BB9FFF71FFF04B962B610BD18160021FB
:104CF000024B187D003818BF01207047181600219C
:104D000037B5184CE37D63B9606A00F00300FFF724
:104D10004FFF30B1EFF3108372B6227D1AB103B9A1
:104D200062B603B030BD0122227503B962B680239A
:104D30000D4DC5F808334FF42073ADF80630BDF8BB
:104D400006309BB25A1E92B2ADF80620002BF6D167
:104D5000C5F81C3184F82830FFF796FF8023C5F88A
:104D60000433DEE718160021005000412DE9F34717
:104D7000344CA37D002B62D00323ADF80430324BBA
:104D8000D3F800513DBBD3F80481B8F1000F08D02F
:104D90002D4B0022C3F804210222C3F80823FFF799
:104DA000AFFF94F82860284BF6B2D3F81C2135B138
:104DB000217D032901BF042121750121196182B3DD
:104DC0000022C3F81C21237D042B26D040F2793128
:104DD0006D2000F047FB002501220DF10409271D7D
:104DE000A61C8DF80450D3F80481C3F8082319F8E1
:104DF000010B03280AD0337843B14FF0000A3B6817
:104E000086F800A013B19847C7F800A06B1C0437C0
:104E100001360125022BEAD1B7E70223237505F0FD
:104E200002FD66B1002384F82830237D022B01D1D6
:104E3000FFF72AFF02B0BDE8F04705F0F4BC02B06E
:104E4000BDE8F087181600210050004110B5054C50
:104E5000606A00F00300FFF7ABFE0028F8D00020E6
:104E600010BD00BF18160021F8B5054650B10278F4
:104E7000022A07D8437842B9013B1F2B02D8837816
:104E8000212B07D96FF015006DE0002BFAD1837844
:104E9000002BF7D15C4B2022C3F88020BFF34F8F4B
:104EA000BFF36F8F594EC3F880218323584CC6F847
:104EB00008330023C6F80031C6F80431C6F81C31A7
:104EC000A374E374AB882382FFF75AFE10B1012369
:104ED0002370A374D6F80C24D6F80C34D70303D56A
:104EE000DE0701D5FFF732FE4FF4AF60FFF7A2FEF9
:104EF0000123AA7863622B7822760022012BE375C6
:104F0000627507D0022B2FD033B140F22E516D20A5
:104F100000F0A8FA02236362FFF73AFE002835D0BA
:104F2000FFF73EFE636A03F0030398422ED1AB798C
:104F30003BBBFFF78BFF237E63B12B7853B905F0A2
:104F40006CFC054600F0E8FB6FF00043002D58D0E4
:104F5000C4E90703012320220020A3752A4B2075F2
:104F6000C3F880211A60F8BD05F05AFC274BD3F82E
:104F70000C14D3F80C24C803F9D5D107F7D50323B3
:104F8000C9E7224B0222C3F80423D4E71F4B0122B6
:104F90000021DA60C3F8041194F82410C3F818153E
:104FA0009A600222C3F80423AA79002AC3D1D3F855
:104FB0000423920702D440F2E141A8E7154A176999
:104FC000116907F0100741F010011161D3F80431A5
:104FD0000BB905F07EFC0D4ED6F8043173B1FFF726
:104FE00035FF27B90B4A136923F01003136102231D
:104FF000C6F808330023C6F804319CE705F068FCC6
:10500000EAE7C4E90730A5E700E100E0005000410D
:105010001816002100ED00E038B50C4B0C4619794C
:1050200019B18D216F2000F01DFA60B95D790DB1C5
:10503000002038BD01225A71FFF712FE2146284692
:10504000FFF7C8FDF4E76FF01500F2E74416002102
:1050500038B50B4D04462B791BB1A4216F2000F00D
:1050600001FA50B96B790BB9002038BDFFF7D6FDB6
:1050700020466C71FFF722FEF6E76FF01500F4E7AB
:105080004416002110B501B3F0B14FF0FF33104AC0
:105090001C46E0FB0134944203D9E5216F2000F067
:1050A000E1F91A0DC3F30F100A4B42EA04324FF232
:1050B0002444B2FBF4F100EB024003FB1100B0FB0F
:1050C000F4F040EA0140013010BD0846FCE700BFA3
:1050D0003F420F00000024F4014B9B68184700BFBB
:1050E00044160021014BDB68184700BF441600211D
:1050F000014B1B69184700BF44160021034B1A7966
:105100000AB9FFF7A1BD988D704700BF4416002172
:10511000034B1A790AB9FFF79DBD988A704700BF03
:1051200044160021024B1B790BB9FFF7E9BD70470C
:1051300044160021014B9B69184700BF441600210B
:1051400010B5144C2379A3B1636A9847002806DB95
:1051500094F82E3023B10123002084F8323010BDA2
:10516000FFF7E8FF0028F6DA40F2A5116F2000F003
:1051700079F9094BA361094BE361094B2362094BA0
:10518000A360094BE360094B2361FFF76DFE002824
:10519000E1D0E4E7441600214D4E010133A801019E
:1051A000F14C010121A8010127A801012DA801014D
:1051B00038B5084B04461D7925B140F2F9116F202E
:1051C00000F050F9FEF78CFA2046FFF733FD284631
:1051D00038BD00BF4416002143F60952C0F308034E
:1051E000400A02FB03F302FB00F003F5807300EBBF
:1051F0005320704710B5C0F3080343F60954C0F3B9
:105200004E22000E04FB03F340EA012004FB02F2ED
:10521000090E03F580734FEA401E02EB53224B0147
:10522000BEEB000E43EAD06363EB01044FEA8E133A
:105230004FEA841CB3EB0E034CEA9E6C6CEB040C3F
:105240004FEACC0C4CEA537CDB001B1841EB0C0101
:10525000D803C903101841EA534141F1000110BDC0
:10526000F8B5264CA14245D8440F254D43F60857C2
:1052700044EAC104C0F34F3101EB0441A5FB0464CF
:10528000204EA40B06FB1411A5FB015143F6095552
:10529000890B41EA04411C4C04FB110048F23764BD
:1052A0004FEA503E04FB0EFE184C4FEA1E4E05FB23
:1052B0001E0604FB06FC4FEA5C5C05FB0CF50CEBE0
:1052C0004E2C2F44B6EB572F10D805F58075A6EB62
:1052D0005526F6B2069C26700C06090A14EB0C043F
:1052E00041F100011C6059601060F8BD0CF1010C27
:1052F0000026EFE7A6219B2000F0B4F8FF7F841E74
:1053000083DE1B43000024F40080841E6F0C010028
:1053100048F23762430B43F6095C0A4902FB03F388
:105320001B0C10B40CFB1302074C5B0204FB0210B5
:1053300010BC400D0CFB00FCB2EB5C2F88BF0133AE
:10534000184470476E0C01006F0C0100014B187976
:10535000704700BF7C160021044B1A79824283BF3C
:105360001B68302202FB0030002070477C160021B1
:10537000BFF34F8F0549064BCA6802F4E06213433E
:10538000CB60BFF34F8F00BFFDE700BF00ED00E033
:105390000400FA05094B01225A604FF0FF32C3F8AE
:1053A00008234FF40052064BC3F88020BFF34F8F01
:1053B000BFF36F8FC3F88021704700BF00D000415A
:1053C00000E100E0094B01225A604FF0FF32C3F8C0
:1053D00008234FF48032064BC3F88020BFF34F8F71
:1053E000BFF36F8FC3F88021704700BF00000141F9
:1053F00000E100E010B5134900230122124CC1F86E
:10540000FC3FC1F8FC2FDA00013302F1FF7202F514
:105410008032D2F800032040884202BFD2F8000355
:10542000D2F804230260202BEDD1084B4FF4807298
:10543000C3F88020BFF34F8FBFF36F8FC3F8802175
:1054400010BD00BF0080004100F0FFFF00E100E060
:1054500008B572B6024B5B6803B19847FFF788FF47
:10546000841600211FB572B6144B5C6894B9FFF71F
:105470007FFFB2FBF6F22B465D1C002AF9D1DBB2AE
:1054800003F110056D4405F80C2C0A2233B901A86C
:10549000A047ECE7024600230A26EDE7013BDBB21A
:1054A00003F110050DEB0506B0FBF2F502FB15004C
:1054B000303006F80C0C2846E8E700BF84160021BF
:1054C000F8B51F4E05460C4617463378A3BB00F0CF
:1054D000C9F905F0A1F977603472FFF78BFFFFF788
:1054E00071FFFFF757FF174B002D14BF28461846D2
:1054F000FFF726FE0546E8B9FEF710FAFFF712FEA1
:1055000005F098F9FCF7DAFE18B9BE211120FFF773
:10551000A9FF002C0CDB04F01F0264090123A40086
:10552000934004F1604404F56144C4F88031236081
:10553000012333702846F8BD4FF0FF35FAE700BF6E
:1055400084160021323A0201074B93F90830002BF0
:1055500009DB5A09012103F01F03994002F14003BE
:10556000024A42F8231070478416002100E100E04F
:10557000014B1878704700BF841600212DE9F047D1
:10558000024682B0DFF8C8900126324C324D334FCC
:1055900099F800805FFA88F8FF2389F80030B8F1A5
:1055A000000F01D089F80130EFF3108172B60023AB
:1055B0006660C4F80031C4F80431C4F804252660DC
:1055C00039B962B605E0D4F8043133B92B69DB068A
:1055D00021D4D4F80031002BF5D0D4F80431002BBD
:1055E000E2D1B8F1000F13D199F80130DBB289F89C
:1055F000018003204FF40051C4F80803C4F804816B
:10560000C4F80081C7F8801189F80080002BBFD151
:1056100002B0BDE8F0874FF40053C7F88031EFF3D4
:10562000108A72B60323C4F80433D4F8003113B9D6
:10563000D4F804311BB1BAF1000FCAD1C1E701920D
:1056400005F046F9019ABAF1000FC2D1B9E700BFDF
:105650009016002100D0004100ED00E000E100E0E4
:1056600070B51446DA078CB01D4686468C4633D595
:10567000C3686E4642681BBA12BA0093CB680292A6
:105680001BBA4A68049312BA836806921BBA019344
:1056900003681BBA03938B681BBA05930B681BBA8C
:1056A00007933046FFF76AFFAB070DD5DDE90A1017
:1056B000DDE9083200BA09BA12BA1BBA206061608B
:1056C000A260E3600CB070BD08AD0FCD20606160DA
:1056D000A260E3600CB070BDDEF804106E46DEF828
:1056E0000820DEF80C30EE460068AEE80F00DCF86B
:1056F0000000DCF80410DCF80820DCF80C30AEE820
:105700000F00CEE710B5002482B0CDE90044FFF7CA
:10571000A7FF02B010BD00BF1A4B4FF4803270B526
:10572000C3F88020BFF34F8FBFF36F8F164C00215B
:10573000164DC4F80011C3F880212E692B6906F0BC
:10574000100643F010032B610123C4F804332360D7
:10575000D4F800319BB11EB92B6923F010032B61E3
:105760000123D4F808054FF480326360C4F808338D
:105770000023C4F80031034BC3F8802170BD05F04D
:10578000A7F8E5E700E100E00000014100ED00E0DE
:1057900038B50B49042301EBC302157905F0FF046A
:1057A0002DB1013BF7D240216920FFF75BFE41F8A4
:1057B000330001215471D8B29471117138BD00BF0A
:1057C00094160021042808B503D947216920FFF762
:1057D00049FE034B002203EBC0031A7108BD00BF52
:1057E00094160021042808B503D950216920FFF739
:1057F00039FE094B03EBC0000379012B01D0512185
:10580000F4E7437982790133DBB29A4218BF4371DE
:10581000BDE80840FFF798BE9416002138B505246E
:105820000F4D95F8281005EBC1031A79012A09D10B
:1058300058799A79904205D05A79D2B29A7155F82E
:105840003130984795F82830013C0133DBB2052B05
:1058500028BF002314F0FF0485F82830E1D138BDBB
:1058600094160021024BD3F83021024B1A60704786
:105870000000FF01C01600210048704700070841E2
:10588000914270B53ED2B2FA82F33BB1C3F120042B
:1058900099409A4020FA04F498402143160C1FFACC
:1058A00082FE030C85B2B1FBF6FC06FB1C1424043B
:1058B00004EB10400CFB0EF4844206D9241A9442E7
:1058C00094BF01240224ACEB040C03EB01430CFB5A
:1058D00012334FEA0C4CB3FBF6F006FB103300FB1F
:1058E0000EFE05EB0345AE4509D9AEEB050E964518
:1058F00094BF4FF0010E4FF0020EA0EB0E0040EAF5
:105900000C0070BD73219620FFF7ACFD70B5044606
:1059100016461D46FFF7B4FF049B00FB16442860A3
:105920001C6070BD2DE9F8431C4652EA040346D0C2
:10593000804615460E4684B9914204D2FFF7A0FF77
:105940002146BDE8F88321463046FFF799FF04461B
:105950002A46404604FB1561F0E70127B4FA84F9B2
:1059600007FA09F2F840A2FB05C340EAC170F9400A
:1059700002FB0432FFF784FFC9F11F034FF0000C54
:1059800030FA03F308D138461946A845A641D8D2C3
:1059900018466146BDE8F8835A1E614618466CEB0E
:1059A0000C0C134605FB0CF702FB0477A5FB022E3B
:1059B000B8EB02027744904666EB0706E5E7A621BE
:1059C0009620FFF74FFD00BF8AB1013A16D000EBD9
:1059D000020C10B501E060450BD08E46044611F86C
:1059E000012B10F8013B9342F5D0981A10BD1046D8
:1059F000704763789EF80120981A10BD03780A78E2
:105A0000981A704710F0030FC9B2034607D0BAB313
:105A100003F8011B13F0030F02F1FF32F7D170B549
:105A2000032A01EB012404EB04441ED9161FB50818
:105A3000032E05F1010521D94FEA550E9C4603EBD3
:105A4000CE0ECCE900440CF1080CF445F9D115F068
:105A5000010F04D025F0010503EB85052C6026F02D
:105A60000306043302F00302334432B1012A1970F1
:105A700003D0022A597018BF997070BD1D46EDE71A
:105A8000704700BF094B0A4AC3F880210132C3F8AE
:105A900084210132C3F88C210132C3F890210132F4
:105AA000C3F8EC210132C3F8902070470080004118
:105AB00004000080074B0022C3F88021C3F8842132
:105AC000C3F88C21C3F89021C3F8EC21C3F89020CF
:105AD000704700BF00800041844641EA000313F094
:105AE000030359D1403A33D3F0B4F0C9F0C0F0C940
:105AF000F0C0F0C9F0C0F0C9F0C0403AF5D2F0BC37
:105B000026E0403A24D300BF0B6803604B68436033
:105B10008B688360CB68C3600B6903614B69436129
:105B20008B698361CB69C3610B6A03624B6A436211
:105B30008B6A8362CB6AC3620B6B03634B6B4363F9
:105B40008B6B8363CB6BC36340304031403ADBD215
:105B500030320BD30B6803604B6843608B68836003
:105B6000CB68C36010301031103AF3D20C3205D339
:105B700051F8043B40F8043B043AF9D2043208D00F
:105B8000D2071CBF11F8013B00F8013B01D30B8881
:105B900003806046704700BF082A13D38B07B0D03C
:105BA00010F00303ADD0C3F10403D21ADB071CBF0E
:105BB00011F8013B00F8013BA3D331F8023B20F878
:105BC000023B9EE7043AD9D3013A11F8013B00F8B1
:105BD000013BF9D20B7803704B7843708B7883705C
:105BE00060467047014B1B681B681847AC070021D3
:105BF000014B1B685B681847AC070021014B1B6811
:105C00009B681847AC070021014B1B681B691847AC
:105C1000AC070021034B1868034BC01A18BF0120C2
:105C2000704700BFAC070021B407002101F0E1BFBD
:105C300001F0E2BF01F0E3BF01F0E3BF01F0D6BF26
:105C400038B505460C46EAF789FE30B13E2D04D141
:105C50002046BDE83840EAF7C1BE38BD1FB5014651
:105C600001A800F006F801A803F037F805B05DF8C8
:105C700004FB0B88C3F30B0383804B88C380002392
:105C800043724B78C3F30113012B03D09A1E534286
:105C900053415B0004310372016070478B8804300C
:105CA00010B500F8043C0C4610F8033C03F0F00378
:105CB00000F8033C8A88C2F30322134300F8033C34
:105CC00003F0CF03CA8800F8022CCA8800F8033C0E
:105CD000120A00F8012C0A7A120102F03002134372
:105CE00003F03F0300F8033C4A7A43EA821300F8CA
:105CF000033C0968814205D0E288FB2A28BFFB22C9
:105D0000FFF7EAFEE0880430C0B210BD8B880A4677
:105D1000043010B400F8043C10F8033C03F0F00326
:105D200000F8033C8988C1F303210B4300F8033CCE
:105D300003F0CF03D18800F8021C10F8011C01F019
:105D4000C00100F8011CD48800F8033CC4F305240A
:105D5000214300F8011C01F03F01147A240104F0F2
:105D60003004234303F0BF0300F8033C547A00F8E7
:105D7000011C43EA841303F07F0300F8033C11681D
:105D8000814203D0D28810BCFFF7A6BE10BC70477A
:105D90002DE9F0410B7805460C46013B832B00F2C0
:105DA0008482DFE813F09A009E00A2005301820271
:105DB0001B01210127012D0133013701390149015F
:105DC0004F0184008202A7008202AB003D01430123
:105DD0005D01630157018202690182027C01AC010D
:105DE000B201B8018202BE01C901CF018202F901EC
:105DF00007022F020D022102290213021B026A026E
:105E0000700276027C0235023B0259024102820294
:105E10008202820282028202820282028202820262
:105E20008202820282028202820282028202820252
:105E30008202820282028202820282028202820242
:105E40008202820282028202820282028202820232
:105E50008202820282028202820282028202820222
:105E60008202820282028202820282028202820212
:105E70008202820282028202820282028202820202
:105E800082028202820282028202820282028202F2
:105E900082028202820282028202820282028202E2
:105EA000820282028202820247024D0253020E23C4
:105EB000B1F803200B7042F283039A4203D03221DF
:105EC000C720EAF7B7FA06236370667821462846AA
:105ED00002363246FFF700FE56E00C230B70082313
:105EE000F2E71A230B700123EEE73E230B70022327
:105EF000A370EAE73E230B700B23F9E72920EAF7AA
:105F00006DFD28B13E232370222363702923EFE720
:105F10000A20EAF763FD3E2305F1080204F10801B7
:105F20002B70A0B30A231F26AB70E378EB70A38815
:105F30002B71A3881B0A6B71A379AB71E379EB71A9
:105F4000A368AB608B889380D4F80E30C5F80E3010
:105F5000638A6B8263696B61238B2B83638BAB7664
:105F6000638B1B0AEB76A38B2B77A38B1B0A6B77B8
:105F7000E38BAB77E38B1B0AEB7794F8203085F843
:105F80002030B21C6E7096B23046BDE8F08101231D
:105F90001326AB70E378EB70A3882B71A3881B0AE0
:105FA0006B71A379AB71E37903F00103EB71A36823
:105FB000AB608B889380638BAB73638B1B0AEB7333
:105FC000A38B2B74A38B1B0A6B74E38BAB74E38BD7
:105FD0001B0AEB7494F820302B75D2E73E230B702C
:105FE00004234B70142383E73E230B700C234B7068
:105FF00004237DE73E230B700A234B70032377E7CE
:106000003E230B700D234B70052371E7052323708E
:10601000042359E70823FAE730230B70032353E7DF
:106020003E230B700B234B70072361E73E230B705D
:1060300006234B700C235BE713230B708B789B00BC
:10604000013341E757230B7002233DE73E230B70DA
:106050000D234DE73E230B7001234B70112347E7BF
:106060003E230B7006234B70122341E73E230B7037
:1060700009234B7013233BE73E2303702420EAF7E8
:10608000ADFC10B12423132601E00E230F26324667
:10609000A11CE81CAB700136FFF71EFD71E73E2323
:1060A00003702520EAF79AFCC0B125230A26AB70BD
:1060B000D4F80230C5F80330D4F80630C5F80730FC
:1060C0006389A5F80B30F01CE27A04F10C01284436
:1060D000FFF702FDE37A01331E4452E70F23072640
:1060E000AB706388A5F8033023796B716379AB716A
:1060F000A379EB71A37A2B72E37A6B72E3E73E2309
:106100000B7003234B701023F2E63E230B70052324
:106110004B702023ECE63E230B7009234B702123A8
:10612000E6E63E2303702620EAF758FC10B126234A
:106130001726ACE71823A6E73E230B7004234B7009
:106140002723D5E63E230027037028233A46837091
:10615000D1F80230C0F80330A979FBB2994205D8D2
:10616000053296B2002E7FF40CAFAEE6961DD31D1D
:106170000137A259A119E818EA50063131F8023C5A
:10618000063020F8023C10F8018C4246FFF7A4FCD0
:1061900006EB080292B2DFE73E232A200B70EAF7F3
:1061A0001DFC18B12B2363702A23A1E61D23637005
:1061B00019239DE63E230B7007234B701A2397E6A5
:1061C0003E230B7014234B70222391E63E230B7069
:1061D0000B7C5B000F334B701D2389E63E230B7055
:1061E00003234B701E2383E63E230B700B7D5B0065
:1061F00013334B701B237BE63E230B7003234B7042
:106200001C2375E63E230B7005234B701F236FE69E
:10621000FF230B700B234B70A22369E6FF230B7047
:1062200005234B70A32363E6FF230B700D234B70F4
:1062300080235DE6FF230B700D234B70822357E60E
:10624000FF230B7002234B70832351E6FF230B7057
:1062500004234B7084234BE6FF23C21C037081236D
:106260008370D1F8033003F1280153F8040B8B42FB
:1062700042F8040BF9D1292683E63E230B700C2348
:106280004B70232334E63E230B700E234B703723D1
:106290002EE63E230B700A234B70352328E63E235F
:1062A0000B70FE234B702B2322E640F2672107E69A
:1062B00008B510B96FF0150008BDFFF7CFFC002836
:1062C000F8D00020F8E710B50C4648B141B1EAF724
:1062D000D1FA002820700CBF6FF02200002010BD02
:1062E0006FF01500FBE708B5EAF756FB002008BD84
:1062F00000F0A9BFF1F7C4BFF1F7DEBFF1F7F0BFBF
:1063000008B5EAF75BFB002008BD01F09FBB01F078
:10631000C1BB0346022200201A70032258709A70F3
:106320008222D8705A716FF0450218719A716FF01D
:106330003502DA716FF02F021A727D225A726FF0F5
:1063400072029A723C22DA72704700F0C9BF70B5CF
:106350000446FAF7A1F9012805461AD1601CFAF79C
:10636000A3F9B0B1A3790020E61D63F03F03A37148
:10637000F3F78CF938B1102200213046FFF742FBC9
:106380000020257070BD3046FAF7A6F90028F2D03B
:10639000F6E70025F4E710B5044610220021FFF7C8
:1063A00031FB04F11003102200211846FFF72AFBED
:1063B000FAF7B0F90020F3F769F920B12046FAF7AF
:1063C0008BF9002010BDFAF767F90028F6D0F8E73E
:1063D00010B50446FFF7A0F9B0F5007F09DA10F513
:1063E000007F08DD031EB8BF03339B10002023701D
:1063F00010BD7F23FAE76FF07E03F7E71FB5002398
:1064000041F64B524178CDF80A30D0F80230934231
:1064100095BF4FF47A7240F2E242B3FBF2F3B3FB62
:10642000F2F398BF03F5506302789BB242EA01226F
:10643000ADF80230ADF80020ADF80430C2798379B0
:1064400043EA0223ADF80630427A037A684643EA0B
:106450000223ADF8083001F031F805B05DF804FB17
:1064600001F09CBB0078003818BF012001F010B883
:10647000F2F73EBD8178008801F05CBB01F077BB8C
:10648000F2F73EBD37B505460C4600880DF1060112
:1064900001F003F82B882380BDF80630638003B039
:1064A00030BDF2F735BDF2F73FBDF2F75BBD01F04D
:1064B000AABB00F0B6BE00F008BF08B5EAF786FA3E
:1064C000002008BDF1F71ABF01F0E4B800F01ABFD0
:1064D000F2F79EBC00F0E5BE01F057BA01F021BA18
:1064E00001F068BAF2F7A2B800F0B8BFF2F7B6BA96
:1064F000F2F71ABB00F0E1BD00F0E6BD00F02FBEE0
:1065000000F049BE00F0DABF01F04BB800F008BF60
:1065100001F09DB800F0D0BE00F08FBE01F0C2B80F
:1065200003880B8001F077BA03880B8001F081BAF1
:1065300000F0D8BD00F0F9BD00F061BE00F06DBE06
:1065400000F04DBE00F042BE00F026BFF1F750BF94
:1065500000F059BF00F094BE00F007BFF2F71CBD79
:1065600001F02CBBF1F7D4BEF1F76EBF01F0D3BA46
:10657000F8B5941C0E46054617460C446343B3F524
:10658000004FA8BF4FF0FF3310F003019CB203D0BF
:10659000B0211420E9F74EFFB4F5004F01D9B12125
:1065A000F7E714220430FFF72DFAEF746C802E8089
:1065B000F8BD38B50388C4888B420589C4F30E0240
:1065C00003D2D1211420E9F735FF84EA0503C3F390
:1065D0000E030BB9AC4206D102F118030122C152DD
:1065E0008274184438BD1846FCE7023101444A431E
:1065F000B2F5004FA8BF4FF0FF3290B21B3020F031
:106600000300B0F5004F34BF00B24FF0FF307047C9
:1066100040881B3020F00300B0F5004F34BF00B2BB
:106620004FF0FF3080B2704738B503888B4203D2F9
:10663000F7211420E9F7FEFE857C65B1C388C3F31A
:106640000E031833C25A8A4207D3C152811DEAF79A
:10665000EDF900238374284638BD0025FBE7034687
:106660001830F0B59E88DD88B4B2C6F30E06A54298
:1066700014D05F89DD7C845B3D44E41B0235A4B209
:10668000354428440D88A54284BF0C80254659898D
:10669000B1FA81F149091170DD81F0BD002528466C
:1066A000FAE7F8B582880026C38904460D4692B2FF
:1066B0000E60CBB14189C2F30E020B4418329BB27B
:1066C0008718825A4381934204D94FF4A27114204F
:1066D000E9F7B0FE04D1011DEAF7A8F946812F6061
:1066E00000230120E381F8BD1846FCE783880146BA
:1066F00002899BB29A4202D00831EAF797B97047F3
:106700008388C0889BB2C31A584258417047828818
:1067100073B595B2C488C2F30E02AC4202F11802FE
:1067200012D04189C689835A314499420EDB0DF15A
:106730000601ADF80650EAF779F9BDF80600001B2E
:1067400018BF012002B070BD0020FBE70120F9E76F
:1067500070B5C488034606891830C4F30E0584EA70
:106760000602C2F30E020AB9B4420FD19C891A88FC
:106770000CB1465B921B914207DCDA7C2C4402325E
:10678000224410440A461A8270BD00221046FAE7DD
:10679000F8B5038A002B38D08B4236D3C48800F179
:1067A00018038589C4F30E041E1995B91D5575701B
:1067B00085891E5B0D443144ADB285811953D2B138
:1067C000811DEAF733F9002383810023038201202E
:1067D000F8BD1E5BAE4204D04FF4F6711420E9F709
:1067E00029FEC57C2644878A023535445E195F53ED
:1067F000857DB570DCE7C27C254402322A449918B5
:106800009B5A83828B788375DFE70020E0E78388DB
:10681000C2889BB29A4206D0428922B9C3F30E03C2
:1068200018331844704700207047C37C0233C818DF
:1068300070470230704738B58388C2889BB29A424D
:1068400009D043893BB9C5893DB9011DEAF7EEF886
:10685000C581012038BD0020FCE71846FAE7002377
:1068600083810382704703881380C388C3F30E03B8
:106870001833034480890B6070470368002223B9F2
:10688000C0E90132031D0360704759681B680A4460
:10689000F5E70729034670B504D84FF4EC711520CD
:1068A000E9F7C8FD0068C0B1446806461A688C4222
:1068B00010D0106860B901F10805AC420DD35468DE
:1068C00050501868651A541800686560505002E00E
:1068D0001346E9E7146830461C6070BD0023C1E927
:1068E000003203680B600160704730B590B1847866
:1068F000B1FBF4F304FB131300EB430252898A4209
:1069000001D1D8B230BDC27822B900F10803D0B2AB
:10691000844201D8FF20F5E733F8025F01328D424F
:10692000F5D1EFE78278038805324B4303EB42034E
:106930001844704737B500240546CDE900448DF86A
:1069400006006846ADF80440EAF750FABDF8044086
:1069500008B103B030BD29462046EAF723FA0028E3
:10696000EFD040F215211720E9F764FD70B51E46FF
:106970000D460921FFF739FE044632460921284613
:10698000FFF733FE40EA04031B0454BF00194FF025
:10699000FF3070BDD31D23F0070370B5083390B1ED
:1069A00010F0070403D058212220E9F743FD0460CA
:1069B0004FF6FF75C28000F108040A468180013A53
:1069C00092B2AA4203D103FB01F0083070BD066801
:1069D000266004601C44F2E718B1C2888188FFF782
:1069E000D9BF70470346EFF3108272B6006830B12A
:1069F000016819600023037043708370C37002B98B
:106A000062B67047EFF3108372B602680A600160E5
:106A100003B962B67047012303707047F8B50C469E
:106A2000054611461E4684F001046400E4B2FF23CB
:106A3000837003191B7D012B05D00134E4B20319C7
:106A40001B7D012B0AD105EB44073B8B3A8C98192F
:106A5000904205DD00232C443B8323750020F8BDC4
:106A600005EB8404324660681844FFF735F83B8B29
:106A70001E443E830023AB700120F0E781F001014A
:106A8000490010B5C9B2FF23837043181C7D012C47
:106A900007D10C3120F8112002221A7500238370CF
:106AA00010BD0131C9B243181C7D012CF1D04FF447
:106AB0008C710920E9F7BEFC024630B5837803F0FB
:106AC000FF00F3B9137D022B19D0537D022B15D192
:106AD0000346012089B10024D5180C332C7522F807
:106AE0001340131803241C7502EB80035B680B60D2
:106AF00000F10C0332F813308B80012030BD0123EC
:106B0000E8E70020FAE7034630B5827802F0FF009C
:106B1000E2B99A7D022A17D0DC7D022C13D1032220
:106B200081B11D1900200C34287523F81400981821
:106B30000324047503EB82000C32406833F81230F2
:106B400008608B80012030BD0324E9E70020FAE7CC
:106B5000037D012B01D1008B7047437D012B0CBFBE
:106B6000408B00207047837D012B01D1808B7047C3
:106B7000C37D012B0CBFC08B00207047038B23B952
:106B8000408B003818BF0120704701207047838B6D
:106B900023B9C08B003818BF01207047012070470F
:106BA000027D022A01D1008B7047437D022B01D167
:106BB000408B7047032AF6D0032BF9D00020704792
:106BC000827D022A01D1808B7047C37D022B01D1C7
:106BD000C08B7047032AF6D0032BF9D000207047F2
:106BE0002DE9F0410646069898460D4643071146A2
:106BF0009DF81C7002D010F0030003D025214C201A
:106C0000E9F718FC4FF48B72FFF7C4FE002F06ABB8
:106C1000044600FB08F114BF00201846E9F728FFDE
:106C200017B9069B33602C60BDE8F081EAF7AEBA75
:106C300000EA400000EA400000EA400000EA4000AC
:106C400000EA400000EA4000B0FA80F040097047D6
:106C500008B5034610468B4209D03AB183EA0100D9
:106C600002F08BF901288CBF0020012008BD012013
:106C7000FCE737B5002304460D46CDE900336846EE
:106C8000EAF7B4F830B10023CDE9003302238DF8E0
:106C9000063012E0009B2A462046196AFFF7D8FF0B
:106CA0000028ECD0012003B030BD009B2A462046CE
:106CB000196AFFF7CDFF0028F4D16846EAF796F885
:106CC0000028F2D00023CDE9003304238DF80630EC
:106CD00007E0009B2A4620461968FFF7B9FF002805
:106CE000E0D16846EAF782F80028F2D00023CDE927
:106CF000003305238DF8063007E0009B2A46204626
:106D00001968FFF7A5FF0028CCD16846EAF76EF8AE
:106D10000028F2D00023CDE9003309238DF8063096
:106D200008E0009B2A462046D3F8BC11FFF790FFED
:106D30000028B7D16846EAF759F80028F1D00023B7
:106D4000CDE900330B238DF8063008E0009B2A467E
:106D50002046D3F8E410FFF77BFF0028A2D1684655
:106D6000EAF744F80028F1D000224FF44023CDE99F
:106D700000236846EAF73AF858B10023CDE900331A
:106D80000A238DF806306846EAF730F858B100203B
:106D900089E7009B2A462046D3F8E410FFF758FF06
:106DA0000028E6D07EE7009B2A462046D3F814113F
:106DB000FFF74EFF0028E6D075E770B523260025C3
:106DC000F3F7D6FB0446F0F77FFC20B10021204604
:106DD000FFF74FFF50B10020013E01D00028EFD057
:106DE0004DB940F215210F20E9F724FB2046254636
:106DF000F0F7A0FCF0E7284670BD00F0FD00003879
:106E000018BF012070476FF45063C318062B8EBF64
:106E100040F2E243A0F550604FF47A735843704754
:106E200090F8F031DBB290F8B0202AB903F0FB0003
:106E3000003818BF012070470020704790F80432D6
:106E4000DBB290F8B0202AB903F0FB00003818BF7D
:106E5000012070470020704710B5044638B1F2F7A2
:106E6000DDF924EA0000B0FA80F0400910BD0120ED
:106E7000FCE713B501210020E9F77EFF044688B93D
:106E800001210846E9F778FF0446C0B90023CDE99F
:106E9000003303238DF806306846E9F7A7FFC8B131
:106EA00000200AE0A830EFF795FB0028E8D0204644
:106EB000EEF7F8F80028E3D0012002B010BDA830AA
:106EC000EFF788FB0028E1D02046EEF7EBF800282A
:106ED000DCD0F1E7009C204602F00DFE0028DBD05C
:106EE000204602F0DFFF0028D6D0E5E7002307B5F3
:106EF000CDE9003303238DF806306846E9F776FFC5
:106F000008B1002004E0009802F0F5FD0028F4D05C
:106F100003B05DF804FB13B501210020E9F72CFF55
:106F2000C0B901210846E9F727FFF8B9FFF7DEFFEE
:106F3000A0B906236C46019000908DF806302046DB
:106F4000E9F754FFC0B100230093636007238DF875
:106F500006301FE0A830EFF73DFB10B1012002B072
:106F600010BDEEF73DF90028DBD0F7E7A830EFF7CA
:106F700031FB0028DAD0F1E70098403002F03FFC06
:106F80000028DCD0EAE7009B586F503002F037FC55
:106F90000028E4D12046E9F729FF0028F3D000209B
:106FA000DDE71FB5002240F6881303A90092FBF726
:106FB0005BF905B05DF804FB38B505460C461AB11F
:106FC0001F2914D9122038BDEAF710F8A04210D3B7
:106FD000284602F0B5FF08B11F2CF3D8284602F06E
:106FE00018FF40B12146284602F03EFF28B100209C
:106FF000E9E70720E7E74220E5E74520E3E738B582
:10700000054602F006FFE8B1284602F074FD08B913
:10701000002038BD284602F0A2FC0446284602F0B3
:10702000A1FC88B9002CF3D02088F2F78BFA02215A
:107030002088E9F7B7FE0028EAD041F6E34139207D
:10704000E9F7F8F94220E4E70C20E2E710B504463E
:10705000FFF74CFF58B901210020E9F78DFED0B9A8
:1070600001210846E9F788FED8B9012009E0F2F7C6
:1070700091F868B1F0F7B6FE044602F04AFF08B195
:10708000002010BD204602F040FF0028E3D0F7E7C3
:10709000002CE0D1F4E7A830EFF79CFA0028DFD00D
:1070A000EEE7A830EFF796FA80F00100C0B2E8E70B
:1070B00008B5F2F74DF8002008BD10B50446F4F706
:1070C0002BF92070002010BD10B5FFF7D2FE04464A
:1070D00030B9F4F71BF92046F2F74CFC204610BDFE
:1070E0000C20FCE710B503780446012B01D91220CF
:1070F00010BDFFF710FF60B92078FFF77EFE012872
:107100000DD004F11703E21D611CBDE81040F2F739
:107110005BBCF2F7EBFC0028EED00C20E8E7A3798B
:1071200003F0C003C02BE2D1EBE710B503780446AF
:10713000012B0AD8FFF7EFFE48B9214611F8010BE1
:10714000FFF75BFE01F0ABF838B9122010BDF2F783
:10715000CDFC0028F1D00C20F8E70020F6E710B5B0
:107160000446FFF786FE90B92078012803D9FF284E
:1071700009D0122010BD611CFFF73FFEF4F7D2F8D2
:1071800038B10020F6E70120F2F7F4FBF9E70C2014
:10719000F0E70720EEE710B50446FFF76AFE98B95E
:1071A0002378012B03D9FF2B0BD0122008E01846BF
:1071B000611CFFF722FEF4F7E1F80028F5D000206B
:1071C00010BDF2F7D7FBFAE70C20F9E708B5008805
:1071D000F2F792FC00280CBF3020002008BD38B523
:1071E0000546FFF798FE044638B92878003818BFDE
:1071F0000120F2F775FC204638BD0C20FCE708B5ED
:10720000FFF789FE18B9F2F75BFC002008BDF2F722
:107210006DFC0028F7D00C20F8E70823037000204D
:107220007047102242F27E030270C2705922A0F809
:1072300001308280C38000207047082108B5E9F73B
:107240000BFB002008BD73B506460D460088694655
:1072500001F04AF8044688B9B3785BB9019B93F909
:107260007C00A87033882B80F2F70CFEA8702046B3
:1072700002B070BD7F20FFF794FEF2E70224F6E72C
:1072800010B504466FF07F00FFF78BFEF2F7FAFDB2
:1072900020707F20FFF785FEF2F7F4FD607000207C
:1072A00010BD10B50446F0F79DFD02F02BFEF2F77D
:1072B000E9FD2070002010BD0A4600F1100108B55C
:1072C0000723FEF71FFA002008BD10B5014604464B
:1072D0000020F2F7C1F908B92060A080002010BD9D
:1072E00010B50446F1F72EFF28B900202146F2F729
:1072F0009BF9002010BD0020FFF7A8FE0028F4D164
:107300000C20F7E710B504460120FFF79FFE28B1D7
:1073100001202146F2F788F9002010BD0C20FCE77F
:10732000F7B50C4605466946008800F0DDFFA21C53
:10733000034690B9019901F1970781F8CB3038687D
:107340001060387910712888208091F8CB6006F0A1
:10735000FF00002EF1D103B0F0BD00230220C4F8DD
:107360000230137123706370F5E710B50446FFF720
:10737000D2FD58B92078611CFFF73FFDE279F2F7A2
:107380001BFD80F001004000C0B210BDF2F7AEFB63
:107390000028EFD00C20F8E7F7B506460D46008828
:1073A000694600F0A1FF044690B9019F87F8764036
:1073B00097F87400F0F7C6FAA87097F87500F0F720
:1073C000C1FAE87097F87630002BEFD133882B8024
:1073D000204603B0F0BD10B583880446022B10D8B8
:1073E000C078FFF739FD08B9112010BDA078FFF76C
:1073F00033FD0028F8D020460121BDE81040F0F709
:107400000BBD1220F1E737B58378C17803F0010492
:10741000027903F0020351EA04051DD052EA030584
:107420001AD0002C18BF0021002B037818BF0022AF
:107430008DF802108DF80320427843EA0223ADF85C
:10744000003043798279684643EA0223ADF804307C
:10745000FFF7C1FF03B030BD1120FBE707B503788C
:1074600000214278012B8DF800308DF80120ADF815
:107470000210ADF8041007D1012A07D86846F0F7CA
:10748000CDFA03B05DF804FB002BF7D01220F8E72B
:1074900008B5EAF76BFB002008BD13B50C4669463A
:1074A00000F022FF30B9019B9DF80020B3F888302E
:1074B00012B9238002B010BD0133FAE72DE9FF4174
:1074C000054602A9008800F00FFF20B102263046D1
:1074D00004B0BDE8F0819DF80830012B01D11126E0
:1074E000F5E7039C2046FFF79BFC0028EED0AA8816
:1074F0001046FFF788FC07464CB1E369984206D175
:10750000638E6889A989884203D91226DFE701239F
:10751000F7E7019320462B890093EB886988F0F701
:107520003BF98046B8B394F8223203F0FF06A3BBC0
:1075300004F13C0001F04BFC76308742CFD3AB889E
:107540006FF450621344062B8ABF40F2E243642377
:10755000B046BB42D9D2B8F1000F05D0B4F87410D0
:1075600040F2022291421AD1A4F80E32C4F81472E9
:10757000EA79AB7943EA0223A4F818322B7A6A7AC3
:1075800043EA0223A4F81A32002384F82032FF23AE
:1075900084F822329BE7302699E73A2697E70C26B3
:1075A00095E713B5044600F048FF00284DD020466B
:1075B000FF24F2F7B3FC0023CDE900336846E9F776
:1075C00015FC48B300244FF44033CDE90043FF24B9
:1075D0006846E9F70BFC18B300204FF48023FF2422
:1075E000CDE900036846E9F701FCE8B100214FF45A
:1075F000C023FF24CDE900136846E9F7F7FBB8B1D3
:1076000000224FF42023CDE900236846E9F7EEFB82
:1076100090B1002002B010BD009B83F80542CDE779
:10762000009B83F88A40D3E7009B83F83440D9E776
:10763000009B83F83440DFE7009B93F83820032A4F
:10764000E3D1FF2283F82220DFE71220E2E713B51F
:107650000088694600F048FE0146C0B99DF8003038
:10766000019C73B19DF80030012B03D10198FFF705
:10767000E5FB58B194F833314BB9FF2384F833312B
:1076800005E02046FFF7CCFB0028EBD1022108469D
:1076900002B010BD10B50446F1F7BAFD206000201D
:1076A000616010BD70B5002105460088E9F764FBF4
:1076B000044688B3FFF7B4FB10B90C26304670BD02
:1076C00094F8523203F0FF0643BB94F8E030DB0736
:1076D00026D5D4F81C31002BEFD1D5F8023004F5B3
:1076E0000E72C4F84832D5F80630C4F84C326B89B3
:1076F000A4F8503205F10C031C3553F8041BAB42BF
:1077000042F8041BF9D10C2104F50970E9F7A4F83B
:10771000FF2384F85232D1E70226CFE73A26CDE79D
:107720001A26CBE72DE9F341054690F801800321A5
:107730000078E9F721FB0446002800F08680F1F785
:1077400029FD002839D0204602F0B9FBEE788642A8
:1077500028BF0646B6B2B8F1040F30D1002E48D18A
:10776000204602F0EDFB6B78032B56D108F0FD07A5
:10777000012F63D1204602F0E3FB00285CD1B8F171
:10778000010F08BF02273A46E16C6846E9F746FC5C
:1077900033466A680121E06CFFF740F910B36B785B
:1077A000023B012B07D8E06CFFF7D2F9012102461A
:1077B000E06CFFF763F900201CE0EE78CBE7E06CAB
:1077C000FFF7C6F98719BFB2F1F7E4FCA8B9EB7867
:1077D00053B9204602F073FB87420ED9204602F0CF
:1077E000AFFB30B9072005E0204602F07AFB002805
:1077F000EFD1122002B0BDE8F081F1F7CBFC3946A1
:1078000002462046FFF7D8FB0028F3D1A8F1030376
:10781000012BA5D9002EA3D1EBE70028E9D1042B39
:10782000A4D1204602F067F90028E2D0E06CFFF70F
:10783000A5F900289AD1DCE70027A4E7B8F1040FE6
:10784000A6D1204602F0B9FBB5E74220D2E72DE9E8
:10785000F7430746467890F8039003210078E9F74C
:107860008BFA0446002856D0F1F794FC30B120463C
:1078700002F04FFB002808BF4FF00009E06CFFF753
:1078800072F900EB09081FFA88F8F1F783FC60B180
:10789000F1F780FC414602462046FFF78DFB054686
:1078A00068B1284603B0BDE8F083FB78002BEFD029
:1078B000204602F02EFB0028EAD11225F1E7042E23
:1078C000FBD0032E0CD1204602F03AFB08BB012E60
:1078D00014BF05220622E16C6846E9F79FFB08E029
:1078E000B9F1000FE9D0204602F005F9A8B9012E40
:1078F000E9D04B467A680021E06CFFF78FF870B151
:10790000023E012ECDD842460021E06CFFF7B6F8CA
:10791000C7E70422DFE74225C3E70C25C1E70725B7
:10792000BFE713B50446F0F75DFA4FF440736846BD
:10793000ADF8003000238DF8023014F8013B8DF8CB
:1079400003300194FFF783FF02B010BD38B5032167
:1079500005460078E9F710FA0446A0B102F0CBF82A
:1079600028B92046691C02F0A2FA002038BD204642
:1079700002F0CFFA08B10C20F8E7204602F0C5FA71
:107980000028EED0F7E74220F0E713B50446F0F701
:1079900029FA684614F8013B8DF803304FF4407320
:1079A0000194ADF8003000238DF80230FFF7BAFEE5
:1079B00002B010BD73B50546F0F714FA04462B78F3
:1079C00063B100230DF1010101208DF80030F1F7C2
:1079D00043FE18B16846FFF7B9FF88B90026204674
:1079E0008DF8006002F099FA2B78C0018DF80360E1
:1079F000012BADF8010005D169462046F0F77CFB6C
:107A000002B070BD2BB9204602B0BDE87040FFF750
:107A1000F6BA1220F4E710B5022104460088E9F70F
:107A2000ABF920B1A11CBDE8104002F08EBC0220D1
:107A300010BD08B502210088E9F79EF920B10021A8
:107A4000BDE8084002F081BC022008BD37B50446FD
:107A50000D4600880921E9F78FF910B10C2003B019
:107A600030BD0B212088E9F787F90028F6D10C21D9
:107A70002088E9F781F90028F0D16946208800F0D4
:107A800033FC0028EBD123882B80019BB3F8BC305A
:107A90006B80E4E737B504460D4600880921E9F715
:107AA0006BF910B10C2003B030BD0B212088E9F731
:107AB00063F90028F6D10C212088E9F75DF9002848
:107AC000F0D1238898B22B8063880BB91220EAE7A3
:107AD000694600F009FC0028E5D1658842F2107281
:107AE000019BA9B2DC6951435A8E62439C8C04FB12
:107AF00002229142EAD3DA69DC699442FBD1002286
:107B0000A3F8BC50C3F8B420621E0A44B2FBF4F2DE
:107B1000C3F8B820C7E713B500880C46088069464B
:107B200080B200F0E1FB18B9019B93F88D30A3708F
:107B300002B010BD10B50C460221E9F71DF990B155
:107B4000022C12D804F00102C4F3400480F8D521BD
:107B500080F8D44112B190F8D2310BB9002010BD99
:107B6000F4F75AFBFAE70220F9E71220F7E710B51D
:107B700004460078FF280AD00321E9F7FDF858B140
:107B80006378A27843EA0223C384002010BDB4F8CE
:107B90000100F4F799FCF8E74220F7E710B5044636
:107BA0000078003818BF0120F7F748F9207800382E
:107BB00018BF0120F4F71CFB002010BD10B50446CF
:107BC000F1F7E8FA50B1F0F70DF96178C1F340022E
:107BD00001F0010102F0F5F9002010BD0321207829
:107BE000E9F7CAF80028F0D14220F6E70620F1F7BD
:107BF000D7BA0820F1F7D4BA0B20F1F7D1BA02F0C6
:107C00003DBD02F0CCBB08B5C3780246013BD8B2FB
:107C1000042801D9FE2806D11378042B03D1EEF7EE
:107C200099FC002008BD1220FCE710B5044604B9F9
:107C300010BD236898476468F9E703680BB90160D1
:107C400070471A465B6813B18A42FAD170478A427C
:107C500018BF5160704708B502F0CDFBF0F748FB44
:107C6000ECF7DAFFBDE80840F3F70CBC08B5FE20DE
:107C7000EEF770FCBDE80840FFF7EDBF08B5F4F77C
:107C80005DFAF5F7D5F920B140F241119320E8F7FC
:107C9000D1FB0320BDE80840FEF74CBE08B502202A
:107CA000FEF748FE0020FEF745FEE9F729F9F1F757
:107CB0003DFCE9F78BFD20B140F221119320E8F75C
:107CC000B9FB08BDFFF7EABF08B5FFF7D7FFF6F726
:107CD00083F820B14FF4AB719320E8F7ABFB08BDFC
:107CE00008B5FFF7B8FF02F0C5FC20B14FF4D7711B
:107CF0009320E8F79FFB08BD08B5FFF7B7FF02F038
:107D0000B9FC20B140F2A3119320E8F793FB08BD22
:107D1000FFF7C4BF08B5EDF717F8F1F745F9F1F72C
:107D20005FF902F0A9FCBDE80840F2F71FBB08B5F7
:107D3000EDF712F8F1F738F9F1F752F902F09CFC7F
:107D4000BDE80840F2F712BB10B5C378044691B104
:107D500063B90388012B01D95B082380F2F7F0FB9C
:107D60002388B0FBF3F202FB1300A070E37883F0EA
:107D70000103E37010BD002BF8D10388FE2BEDD872
:107D80005B009BB2FF2B88BFFF23E6E7837813B12C
:107D9000013BDBB28370B3FA83F0400970470123E3
:107DA000038040F2011343807047FDF7A7B90B46EB
:107DB000152203F8032BD0F80920C1F80320427BD9
:107DC0001A717047012804D1012914BF0020012035
:107DD0007047022801D10229F7E7042908BF0428C7
:107DE0000CBF01200020704737B504460D46F2F75E
:107DF0003FF918B36FF4B3730221E01803886846A3
:107E0000ADF8003034F8F73CADF8023034F8F53C0A
:107E1000ADF80430F0F700F818B14221AE20E8F7D1
:107E200009FBADF800009DF80030002063F3070067
:107E30009DF8013063F30F2003B030BD32232B7067
:107E4000D4F80930C5F803300423ADF80030EAE770
:107E500008B5436893F88E201AB18521AE20E8F763
:107E6000E9FA212283F88E2008BD034610F00100B4
:107E700007D19A0704D4C3F380039B00D8B270479C
:107E8000022070472DE9F34B0446104615461E4666
:107E9000FFF7EBFF834608468946FFF7E6FF4BEA0C
:107EA0000007DDF82880FFB20190003F18BF0127CE
:107EB000F1F7B4F9054018BF5D46F1F7AFF994F852
:107EC000742010EA0901019B18BF1946AA4214BF89
:107ED0002B46002388F8003094F875208A4208BFAA
:107EE00000210B4388F801100BD1B4F88830013E13
:107EF000F61A47F6FD73B6B29E428CBF002707F014
:107F00000107C5B994F87400EFF72CFD03280ED1D2
:107F100094F82C31012B0AD1B4F8302194F8743044
:107F2000012A0AD1032B0AD0032388F800303846EF
:107F300002B0BDE8F08B042DE9E7042BF7D0042351
:107F4000F3E7042906D101280AD103210120518039
:107F500013807047032903D1012801D00421F5E7DC
:107F600000207047012807D0022805D003380128D7
:107F70008CBF0020012080007047182070477FB51B
:107F80000B464468CDE9002118461146F1F792F9F5
:107F900094F8746094F87550C3B2C0F30720B342EC
:107FA00008BF0023854208BF002084F80A3284F805
:107FB0000B0204B070BD2DE9F341446805460F463D
:107FC00094F88F80B8F1000F6FD194F88E30253B74
:107FD000022B63D901A8F1F7F3FAE0B1019B0DF18F
:107FE0000301DB788DF80330162294F88E00F2F747
:107FF000F1FA064688B102461621284601F07FF8BC
:108000003223284684F88F3001F055F84646304632
:1080100002B0BDE8F0814146E6E73B7913F0070284
:1080200035D07B7913F0070331D084F86C2084F8C5
:108030006D3094F82D311BBB94F82C31012B1FD0DF
:1080400094F8753094F86C20D91E012998BF042348
:108050009A4226D194F87430DA1E012A94F86D20E1
:1080600098BF04239A421CD16B68022283F82C210A
:10807000B4F87230B4F87020A4F83031A4F82E218E
:108080002323284684F88F3001F015F8BFE73946DE
:10809000284602B0BDE8F04101F05DB84FF020087D
:1080A000B4E72846F1F74AF9EAE70126AFE770B5E9
:1080B0004468064694F88F50A5F12103062B4DD94C
:1080C0002F2D4BD0002D47D194F88E30262B45D044
:1080D0000B7913F0070335D04A7912F0070231D03B
:1080E00084F86D2084F86C3094F82D3113BB94F82B
:1080F0002C31012B1ED094F8753094F86C20D91EC9
:10810000012998BF04239A4222D194F87430DA1ED0
:10811000012A94F86D2098BF04239A4218D10223B3
:10812000B4F8702084F82C31B4F87230A4F82E2101
:10813000A4F830312323304684F88F3000F0BBFFA1
:10814000284670BD3046C978BDE8704000F0F0BFE9
:108150003046F1F7F3F8EDE70125F1E72025EFE7E9
:1081600013B5446894F88E30212B22D10B7913F08B
:1081700007021AD04B7913F0070316D000218DF8AF
:1081800004208DF80530ADF80610019AD4F82E11B0
:10819000FFF7F5FE0123002084F8CA302523A4F858
:1081A000C60084F88E3002B010BD0023A4F80A3255
:1081B000F0E70120F7E7436810B593F88F200446F5
:1081C000B3F80A12232A15D181B983F88F1093F8D6
:1081D0002C31012B01D1F1F74FF86368002283F8AD
:1081E0002C212046BDE8104000F076BF262283F8FF
:1081F0008F20F6E793F88E20252A0DD141B983F818
:108200008E10F1F739F86368002283F8CA2010BD98
:10821000262283F88E20F6E74FF47771AE20E8F738
:1082200009F908B5436893F88F20232A05D022B1B5
:1082300040F2EA31AE20E8F7FDF8242283F88F20DF
:1082400008BDF1F773B9704730B542401C78087823
:108250005D7860404C786C409D7820448C786C4010
:10826000DD782044CC786C401D795B7920440C7912
:1082700049796C404B40204418441044B0FA80F0D7
:10828000400930BD024600200139C9B2FF2900D1A2
:108290007047535C83F001030344D8B2F4E708B598
:1082A000F1F700FA082807D0F1F71EFA082803D0E2
:1082B000F1F72EFA012008BD0020FCE708B5F1F720
:1082C000F1F9082803D0BDE80840F1F70DBA08BD60
:1082D00008B5F7F7E9FF18B1BDE80840F8F716B898
:1082E000082008BDF7F7E0BF38B50C460021054669
:1082F000E8F742FD606018B100230020237038BD0C
:1083000002212846E8F738FD606008B10123F4E750
:108310000220F4E770B504460D4659BB4FF436729F
:10832000FDF770FB012384F8E65084F896306FF077
:10833000360384F8E130042384F8E2306FF03B0325
:1083400084F8E3306F2384F8E4306FF03C0384F862
:10835000E5306FF07F0384F8E7302B2384F8E030BA
:10836000FE2384F816317F2384F88D30202384F88F
:10837000203270BD012911D10023A0F8DC3180F832
:10838000D33140F6B833C269A0F8BC301146C38C73
:1083900004F18000BDE87040F1F734BD0229E8D156
:1083A000B0F8AE32D0F8A822C169F1E770B5044642
:1083B0000D4659BB4FF41872FDF724FB012384F8D6
:1083C000E65084F896306FF0360384F8E1300423E9
:1083D00084F8E2306FF03B0384F8E3306F2384F8D5
:1083E000E4306FF03C0384F8E5306FF07F0384F8ED
:1083F000E7302B2384F8E030FE2384F816317F2306
:1084000084F88D30202384F8F13170BD01290CD11E
:1084100040F6B833C269A0F8BC301146C38C04F1F1
:108420008000BDE87040F1F7EDBC0229EDD1B0F855
:108430001A32D0F81422C169F1E770B503791F2B05
:108440000FD8461E051D002416F8010F00F0CAFDC6
:108450000444AE42E4B2F7D1012C94BF00200120C5
:1084600070BD0020FCE701440023884203D1B3FA29
:1084700083F04009704710F8012B1343F5E7F8B576
:1084800005460C46D0E90476FBF7CAFB20B940F25A
:1084900007112920E7F7CEFFECB1D5E90423D21B61
:1084A00063EB0603012A73F100014FF0000114DBB6
:1084B0006FF001009042994102DA40F21111E8E7B1
:1084C000631E1344B3FBF4F35C43E41946F1000666
:1084D000C5E904461C462046F8BD0C46FBE7CB1E0A
:1084E000012B0FD803290BBF96234FF416731022CC
:1084F000402203F5BC73984210D9C01A90FBF2F0E9
:1085000080B27047022904D13C2807D980100F3867
:10851000F6E7702802D9C0100E38F1E70020704746
:1085200038B50D460446F0F779FE2B78002B08BFCE
:10853000034684F870306B78002B08BF034684F83C
:1085400071306B88A4F8723038BD022908B5034633
:1085500015D006D801290AD040F289112920E7F761
:1085600069FF03390129F7D840F6A66008BD40F637
:10857000C41040F2E242002B08BF1046F6E740F676
:10858000C410F3E7801AF43810B58842029C94BFF7
:10859000091A491A2268012902EB510294BF0020EE
:1085A000012022601A68A2EB51021A6010BD00235C
:1085B00007B501A80193F9F727FE019810F0030011
:1085C00018BF012003B05DF804FBC2B292FAA2F218
:1085D000030A93FAA3F31B0E100E40EA0320704720
:1085E000013105300022C9B270B510F8013F8B424D
:1085F00016D310F8054C0023012505FA03F6264290
:108600001CBF01F1FF31C9B269B10133082BF4D1AC
:108610000132D2B2052AE8D199214620E7F70AFFB4
:10862000C91AC9B2F4E703EBC200C0B270BD0B684F
:1086300070B5C0F8013004460B790546461D03F0BD
:108640001F0343710023C37215F8010F00F0CAFC29
:108650006871B542E37A1844E072F5D170BD81EAE1
:10866000114170B58CB20546C17A032682EA040036
:10867000FFF7ABFF013E00EB001016F0FF0604EB26
:10868000000290B2F4D144402522B4FBF2F302FB85
:108690001343C3F3C402D8B203F007032A44567845
:1086A000012202FA03F31E4207D161432846C1F3B7
:1086B0000741BDE87040FFF793BF70BDF8B590F873
:1086C000215004466B1E242B54D80AB90020F8BD53
:1086D000807D18B1012844D01F20F8E794F823309A
:1086E00094F8221002FB01322523B2FBF3F103FBC5
:1086F0001123DBB204EBD30203F0070684F8233026
:10870000D17D0122B240114202D084F82430DDE74D
:10871000B3FBF5F205FB123304F11B01013303F047
:10872000FF0311F8012F934218D811F8055C0022BD
:10873000012606FA02F72F4208D0013B13F0FF038F
:1087400004D102EBC00284F82420BFE70132082ADA
:10875000EFD10130C0B20528E3D1BDE79B1ADBB2EF
:10876000F7E7228904F11600096AFFF778FF84F819
:108770002400ABE71220AAE7034612EA010003D067
:1087800013F03F0018BF01207047D0F803300B6092
:10879000B0F807308B8070470378890123F04003DD
:1087A00001F040010B43037070470078C0F3801064
:1087B0007047037803F07F0343EAC11303707047E7
:1087C0000078C00970471F2A38B50546144603D9FA
:1087D000B7212A20E7F72EFE06340930FDF77CF991
:1087E0006C7038BD1F2A38B50546144603D9D92107
:1087F0002A20E7F71FFE06340930FDF76DF96C708B
:1088000038BD0378024603F00F03032B3ED0052B3F
:1088100042D1C37F90F82000034392F82100034324
:1088200092F82200034392F8230000F01F0018433F
:1088300033D05378222B2FD1B2F81930B1B1B3F520
:10884000506F13D940F607518B4225D8B2F81B3030
:10885000B3F5FA7F20D2B2F81D0040F676430A380D
:1088600080B298428CBF002001207047991F40F6CB
:108870007A4089B281420FD8917D481E07280BD8D3
:10888000994209D2B2F817109942DEE74078A0F178
:108890000C0358425841704700207047F8B5C7781C
:1088A0000D4617F03F0600F08780072900F284800C
:1088B000DFE801F0040E172029323B440179012240
:1088C0003846FFF759FF00280CBF00200520F8BDEF
:1088D000017902223846FFF74FFF0028F7D0052420
:1088E0005AE0017904223846FFF746FF0028EED00F
:1088F000052448E0017908223846FFF73DFF0028AB
:10890000E5D0052439E0017910223846FFF734FF1D
:108910000028DCD0052429E0017920223846FFF721
:108920002BFF0028D3D02C4618E00179402238468E
:10893000FFF722FF0028CAD0052406E00179402273
:108940003846FFF719FF441DE4B220223846FFF7EE
:1089500013FF00EBC00004EB4004E4B210223846E1
:10896000FFF70AFF00EB40000444E4B20822384657
:10897000FFF702FF04EB4004E4B204223846FFF79D
:10898000FBFE0444E4B202223846FFF7F5FE00EB9A
:10899000400004EB4004E4B201223846FFF7ECFE4D
:1089A000072D00EB400004EB4000C0B28FD1031F45
:1089B000B342C8BF00208AE7002088E770B50C46A4
:1089C000064611461D4624B940F2E1212A20E7F768
:1089D00031FDFFF763FF10B940F2E221F6E7031F14
:1089E0002B443F2B02DD40F2E321EFE72A462146EC
:1089F0003044BDE87040FDF76FB810B50446FFF78E
:108A00004DFF00B1204410BDC37803F03F0343EA9B
:108A10008113C370704730B5C1F38003C1F3801474
:108A2000C1F340052344C1F3001404EB4404234480
:108A3000C1F3401404EBC40403EB4403C1F300048A
:108A40002C44C1F3C005134404EB44042C4403EB51
:108A5000440313F0FF031CBF01330171C17818BF39
:108A6000DBB221F03F0103F03F042143C170591CE8
:108A700041701AB104339B1A013AC25430BD437895
:108A8000C278013B02F03F02981AC0B27047F8B5B5
:108A90000D46194617460646FFF7F1FF441AE4B2A1
:108AA000BC4228BF3C464DB1F278284602F03F0256
:108AB0000432114422463144FDF70EF82046F8BD39
:108AC0002DE9F047C678012201793046FFF754FEC0
:108AD000022205463046FFF74FFE202282463046EE
:108AE000FFF74AFE082207463046FFF745FE1022F0
:108AF00081463046FFF740FE042204463046FFF729
:108B00003BFE402280463046FFF736FE05EB0A0367
:108B100007EBC707804404EB4404B94403EB430369
:108B200004EB08004B4400EB430010F0FF001CBFB7
:108B30000130C0B2BDE8F08738B5C5780446AB094E
:108B4000032B1ED005F03F054378AB4219D9FFF740
:108B5000B7FFA84215D895B12379DB060FD50421BC
:108B60002046FFF74AFF48B1037803F03F03242B68
:108B700007D880785F288CBF0020012038BD0120F5
:108B8000FCE70020FAE70278437802F00F02072A98
:108B900012D8DFE802F0080408111111080E0C3B8E
:108BA000584258417047063B1F2B8CBF00200120C4
:108BB00070470BB1FFF7C0BF00207047027802F08A
:108BC0000F02072A0AD0082A0AD0042A0ED14078B8
:108BD00006381F288CBF002001207047FFF7ACBF6C
:108BE0004078A0F10E03584258417047002070476A
:108BF000037801F0030123F003030B430370704774
:108C00000078C0F3800070470078C0F3C000704760
:108C10000078C0F3001070470B78837070471B2AF0
:108C200008B504D940F24D412A20E7F703FC427011
:108C30000330BDE80840FCF74FBFB0F80730B1B1D2
:108C4000B3F5506F13D940F6075293421FD8B0F8CE
:108C50000930B3F5FA7F1AD2B0F80B0040F676432C
:108C60000A3880B298428CBF0020012070479A1FBA
:108C700040F67A4192B28A4209D80279511E0729F8
:108C800005D89A4203D2B0F805209A42DEE70020C8
:108C90007047043001F1200351F8042B994240F849
:108CA000042BF9D10B880380704738B5154604466C
:108CB000FFF7EFFF2B68C4F826306B68C4F82A3042
:108CC00038BD037843B1406890F8D23123B1002316
:108CD00080F8D231F3F7A0BA704708B5017A19B11C
:108CE00001290AD0002008BD03680221C2888088BB
:108CF000F1F772F920B10120F5E70368C288F6E7C1
:108D0000F1F76EFBF7E702230B7001238B707047BE
:108D1000F1F7DCBA10B521B94FF410711020E7F764
:108D200089FB4A600B72EFF3108472B6031D0B606F
:108D300042681AB1127A012A08BF036003681960F9
:108D4000016004B962B6BDE81040F1F709BB022228
:108D5000F1F734BB0322F1F731BB0422F1F72EBB4C
:108D60000222F1F76FBB0322F1F76CBB14230B70E7
:108D70006FF4A57318440388A1F80330B0F84830A5
:108D8000A1F80530B0F84C30A1F80730B0F84A30FF
:108D9000A1F80930B0F84E30A1F80B30704708B593
:108DA000CB1E012B04D8800100F5747080B208BD81
:108DB000012902D10E30C000F8E7022902D10F309C
:108DC0008000F3E74FF42E710620E7F733FB40688D
:108DD0007047033901298CBFC08A4FF4296070475E
:108DE00070B590F874608D88033E0C89012E04D90B
:108DF00043B11678033E012E04D8B5F5296F38BF6C
:108E00004FF4296590F87560033E012E04D943B1F3
:108E10005378033B012B04D8B4F5296F38BF4FF4C6
:108E20002964CB884A88A0F86030A0F85C20A0F8BC
:108E30005E50A0F8624070BD1B2200294FF01B114C
:108E40000CBF4FF4A4734FF429638284028402851B
:108E500002F1A472C160C3844384C38383834382C9
:108E60000382C0E90521704738B5CB1E0446012BAB
:108E700010D9C58B438C9D4228BF1D46207AFFF731
:108E80008EFF6389AB4228BF2B46984238BF1846F5
:108E900080B238BD4FF42965F0E72DE9F8439946D3
:108EA00007460D46808919461446FFF778FF0646A7
:108EB0009DF8208049463846FFF7D6FF8642414656
:108EC000A8F1030828BF0646B88AFFF768FFB8F183
:108ED000010F0346B6B28CBFFA8A4FF42962904262
:108EE00004F1060028BF134628449BB233441844BB
:108EF000BDE8F8830346028F13B53C3049B9D98EDB
:108F000093F87540009493F87430FFF7C6FF02B0F1
:108F100010BD998EF4E770B50C46154619464BB94D
:108F2000868EFFF7E7FF28443044A04294BF201A02
:108F3000002070BDC68EF4E738B50D4611460446D4
:108F4000FFF7D8FF2844206438BDC369C06B98423E
:108F500028BF184601F19C0383423DBF401A9C384C
:108F6000400800207047002803DB884204DB08B279
:108F700002E049428142FADC704700F05533400874
:108F800000F05530034403F033329B0803F03333D1
:108F90001A4402F00F33120902F00F32134403F0A7
:108FA000FF101B0A03F0FF13184400EB1040C0B27F
:108FB000704745F2555200EA020302EA500298183F
:108FC00043F2333300EA030203EA90031A4440F603
:108FD0000F7302EA030003EA1213184400EB102097
:108FE000C0B2704700F05503400800F0550003443C
:108FF00003F033009B0803F03303034403F00F0036
:1090000000EB1310704780EA6000FFF7B6BF40F333
:109010004E039BB25840FFF7CCBF32280CD006D885
:10902000162818BF012894BF012000207047A0F126
:109030003E035842584170470120704708B5024628
:10904000FFF7EBFF40B10846FFF7E7FF20B18A4288
:109050000CBF23202A2008BD8A420CD1A2F1300384
:10906000DBB20B2B07D840F6210020FA03F3DB0715
:109070000CD52320EFE73E2901D1262A0ED03E2A27
:1090800004D126290CBF2A200020E4E73B2901D186
:109090001F2AF7E73B2A03D11F29F3E72A20DAE743
:1090A0000020D8E74368002283F88E2083F8CA2086
:1090B000A3F8C6207047037842682BB9A2F8CC30D9
:1090C000012382F8CE3070470023A2F8CC3092F80A
:1090D000CE3001335BB2F4E708B50378426813B9C8
:1090E00082F8CE3008BD92F8CE30013B5BB2002B47
:1090F00082F8CE30F6DA52214A20E7F79BF943682E
:1091000083F8131183F812217047A0F10B03042B8D
:109110000CD9A0F14403012B08D9A0F121032F2879
:1091200018BF062B94BF0120002070470120704714
:109130004268D2F8803010B513F0080409D143F02A
:10914000080382F81011C2F88030FFF7B4FF204600
:1091500010BD0120FCE7436810B593F88F404CB96F
:10916000CA7883F81021032283F88F20FFF7A3FF2A
:10917000204610BD0124FBE7C26941F64B539A42D9
:1091800096BF4AF6C8730623B3FBF2F3828C408E77
:109190001344584380B270474368002093F89020EE
:1091A000073A012A81BF0A7983F89120072283F8C0
:1091B00090207047426892F89030073B012B84BFA3
:1091C000082382F890307047426870B592F88F504B
:1091D000F5B9B1F80930B2F88860A2F8A032013BC5
:1091E0009B1B47F6FD769BB2B34206D9282382F833
:1091F000B130F1F7AFFD284670BD4B68C2F8A2321E
:109200000B7A82F8A6320B22436883F88F20F2E7AC
:109210000125F0E708B5436893F88E201AB12A219A
:109220005520E7F707F90C2283F88E2008BD2DE9B9
:10923000F74F0646894690460193FFF79DFFD6F803
:10924000E47104465FB90023C8F80030B6F88830EE
:1092500023449CB2019B1C8003B0BDE8F08FF2F761
:109260001DF90028EFD1D6F81CC0D6E972320CFBEC
:1092700004FE1EEB030ED7E9021342F100020B4479
:10928000D7E900155B1845F10005734575EB020140
:1092900014D2BEEB03016FF0010B62EB050A8B45A4
:1092A00070EB0A0A03D239215620E7F7C3F8386970
:1092B000471E3944B1FBF0F1E0FB0135B3EB0E037F
:1092C00065EB02056FF001029A424FF00002AA41DD
:1092D00001D24421E8E7B3FBF9F209FB1233B3FBF7
:1092E000FCF291B20CFB1133C8F80030B6F88830AC
:1092F0001C441444A4B2ADE70B46082203F8032B28
:10930000D0F80920C1F80320D0F80D205A60427C23
:109310001A720023CB707047436870B593F88F5072
:1093200006460C46002D60D193F87D102046FFF7CD
:1093300084FC014628B9E1783046BDE87040FFF76B
:10934000F7BE7268B4F80D30B2F88800A2F8A03207
:10935000013B1B1A47F6FD709BB2834207D92823B5
:10936000304682F8B130F1F7F5FC284670BDB4F80C
:1093700007306FF450601818062895BFA3F55063A6
:1093800040F2E2414FF47A704B438CBF294643438D
:10939000C2F8A8322379E1B103EB830303EB830323
:1093A0009B00A2F8A232B4F80530D9B164214B4336
:1093B000C2F8A432B4F80930A2F8AC32B4F80B30D9
:1093C000A2F8AE32002382F8B4320E2382F88F3036
:1093D000CBE7C3EB431003EB800303EB83035B009A
:1093E0009BB2DEE740F2E241E1E70125BDE708B5C7
:1093F000436893F88E201AB197215620E7F71AF8A0
:109400000E2283F88E2008BD0B230B70D0F8093094
:10941000C1F8023070470B460C2203F8022BB0F85B
:1094200009204A80C27A9A70704710B50446406895
:1094300090F88E30182B14D100F1F80200F50A7163
:10944000052300F50E70FCF75DF96368012200202A
:10945000002183F893201A22C3E93A0183F88E2071
:1094600010BD0220FCE7436893F88E20152A0ED128
:109470004A68C3F830228A68C3F83422436800205F
:10948000CA68C3F80C21182283F88E207047022086
:109490007047436893F88E20112A05BF00201422DC
:1094A000022083F8930008BF83F88E20704708B528
:1094B000436893F88E20142A04D04FF486711F203D
:1094C000E6F7B8FF012283F8D020132283F88E201C
:1094D00008BD38B54368054693F88F4034B1123C57
:1094E0000B2C8CBF01240824204638BD93F894200F
:1094F000002AF9D0D3F81C3133B9FFF7DCFD6B68D3
:10950000122283F88F20EFE70C220A21FFF7F7FDE4
:109510006B683222284683F88F20FFF7CCFDE3E703
:1095200008B5436893F88F20162A04D04FF4BD7114
:109530001F20E6F77FFF012283F8CF20172283F850
:109540008F2008BD436893F88F20132A05BF14228B
:109550000020022083F88F207047436810B593F8ED
:109560008F300446192B07D1FFF7B6FD63681D2223
:10957000002083F88F2010BD0220FCE708B5436867
:1095800093F88F20122A04D040F2A3111F20E6F78F
:1095900051FF012283F8CF20132283F88F2008BDCA
:1095A00008B5436893F88F20172A04D040F2AB1116
:1095B0001F20E6F73FFF192283F88F2008BD08B56A
:1095C000436893F88E201A2A04D040F2DB111F2042
:1095D000E6F730FF1C2283F88E2008BD08B54368EB
:1095E00093F88E2022B140F2E1111F20E6F722FF0E
:1095F000012283F8CF20112283F88E2008BD08B500
:10960000436893F88E203AB193F8D02022B94FF4F2
:10961000F4711F20E6F70EFF012283F8CF201522F8
:1096200083F88E2008BD0B46072203F8032BD0F8E1
:109630000920C1F80320D0F80D205A60B0F811209D
:109640001A81C27C9A72704708B5436893F88E20DD
:109650001AB1C5211C20E6F7EDFE042283F88E2006
:1096600008BD08B5027843683AB983F88F20A3F89B
:10967000CC20BDE80840FFF72FBDD3F88020D107EC
:1096800003D4D3211C20E6F7D5FE22F00102C3F853
:109690008020EEE70E23A0F5A1700B7003884B80AD
:1096A00070474368017893F88E2061B9052A08BF96
:1096B00000224FF0000002BF83F8BE2083F8CA20CA
:1096C00083F88E207047102AF1E738B50578446892
:1096D00055B994F88F305BB9FFF7EDFC55B902230B
:1096E00084F88F30002038BDD4F880305B07F3D584
:1096F0000120F8E7D4F8803043F00403C4F8803048
:10970000F0E7037833B14268D2F8803023F00403E5
:10971000C2F88030FFF7E0BC08B5436893F88E20AC
:109720001AB170214B20E6F785FE0278002A14BF9B
:109730001022052283F88E2008BD10B5D0E90D4215
:10974000A24206D38B8C121B498E05334B439342A6
:1097500002D3012380F83E3010BD01230B7000239B
:109760008B7030F8D23CA1F80330437A4B714389B7
:10977000CB8083890B81704710B5446894F8D12061
:1097800092070ED494F88E301BB174214020E6F776
:1097900051FE0122A4F8C63084F88E2084F8CA2035
:1097A00010BD037843B994F88F300BB9FFF794FCE0
:1097B000002384F83231F3E7D4F880309B07F7D5E3
:1097C000FFF78AFCD4F8803023F00203C4F880301D
:1097D000EEE710B50B7901284C790A6843EA0421B9
:1097E000104608BF41F4803110BD07B5FFF7F1FF07
:1097F0000DF10702F1F736FD03B05DF804FB037CC1
:109800000BB900207047037C012BFAD0007C07388D
:1098100018BF01207047037C012BDAB201D0FFF79B
:10982000EEBF1046704710B5FEF7C1FE002814BF0A
:1098300014240024FCF7EEF9404200F01400204408
:1098400010BD30B585B01546089BC01A099B61EB69
:109850000304002C214602DA404264EB440103ABCE
:109860002A46009302ABFCF751F8002C039801DA6A
:1098700000B1281A05B030BD38B50546F8F78AFBA7
:1098800000F55F434FF47A72033D4133B3FBF2F4CA
:10989000FFF7C9FF012D00F1F3038CBF0020282042
:1098A0002344184438BD10B5044690F87500FFF7FE
:1098B000E3FF012201462046BDE81040FFF73CBB14
:1098C000002313B51A4680F80432A0F8583219461E
:1098D00000930446F1F71AFF20B140F21D21302019
:1098E000E6F7A8FD0123C4F80002C4F8F80184F8E3
:1098F0000432A4F81A02A4F8180284F81D02B4F87D
:109900008830A4F85A02013BA4F8883002B010BD98
:10991000F8B50D460023D0F81411044680F818312C
:10992000D0E9526781F8D62180F858310121D0F86A
:109930001401FEF7EFFCD4F81401C0E9906794F825
:109940001031C0F85C5280F82032C0E99467FFF70C
:10995000B7FFF7F705FEBDE8F840F9F7EFBFD0F81D
:109960001401704710B5044690F85831EBB1FF234D
:1099700080F86031012100F01DFB94F85831A3B14B
:1099800094F81001FAF726F994F81001FAF74AFA58
:1099900094F81001F9F7E8FF20B940F209213020CE
:1099A000E6F748FD002384F85831002010BD08B5C3
:1099B00090F8602142B990F8182142B1D0E94731BE
:1099C000994202D9F3F72EFE0022104608BD01226B
:1099D000FBE710B50446FFF726FF00F20B212046F7
:1099E000FFF7B3FAB0F5296F28BF4FF4296080B2B2
:1099F00010BD70B5044621B1012978D040F6280188
:109A000072E000F04CFA94F8593105460E46DBB18D
:109A100050EA010318D0D4E94A32D4E95201C01AFD
:109A2000334661EB02012A46FBF77CFF05FB01F39D
:109A300000FB0633A5FB00021344D4E94A211218A7
:109A400043EB0103C4E94A23E08C30B1F0F778FD21
:109A5000E38CB0FBF3F202FB1300D4E94A32ED18B9
:109A60004FF0000346EB02062D184FF0020284F877
:109A7000383146F1000684F85931A4F84021C4E990
:109A80004A56C4E9525694F8603103F0FF01DBB93D
:109A90006FF00043D4E954029A4208BFB0F1FF3F8F
:109AA00018D02046D4E9525600F0B8F9F630D4E97F
:109AB00054325B1B62EB06021B1A62F10002002AA1
:109AC00008DA2046F3F7AEFDF7F74AFDBDE870402F
:109AD000F9F734BF04F59C7194F81001F9F7EEFF23
:109AE0000028F1D14FF4EA613020E6F7A3FC00230F
:109AF00080F81831E8E790F85801003818BF0120C5
:109B000070470B46062203F8032BB0F80920A1F892
:109B10000320C27A9A7070470B46172203F8032B72
:109B2000D0F80920C1F80320D0F80D205A60704702
:109B3000352301F8033B00F10903293053F8042BC6
:109B4000834241F8042BF9D11B880B8070478B8826
:109B5000F7B513F0180506460C461FD1086820B962
:109B600040F2CF312D20E6F765FC00F0B3FA217CFE
:109B7000F2F7B0FC677CA38801463A463046009372
:109B80002B46F2F7C5FCCC30D4E90223824273F1B4
:109B900000032CBF0120002003B0F0BD0120FBE733
:109BA00038B513220B460C4603F8032B00F10902CB
:109BB000293052F8041B824243F8041BF9D1127871
:109BC00002211A700123A588A3712846E7F7D4F86B
:109BD00070B1E37863B10088EFF7B4FC0221284646
:109BE000E7F7E0F820B140F22B212D20E6F722FC28
:109BF00038BD70B504460D46963019461646FEF738
:109C000016FD84F8745084F87550FF2384F876307C
:109C1000E91E04F13C0001298CBF00210121FFF75E
:109C20000BF931462046F0F715F994F87E30002BF9
:109C300014BF4D239623E386A3860023238770BD9C
:109C400038B5CB690446104641F27072A3F57A75B7
:109C5000954295BF4FF47A7240F2E242B3FBF2F3C1
:109C6000B3FBF2F398BF03F5506304F1A0029BB27B
:109C7000A4F8AC308B8CA4F8AE30CB8CA4F8B03008
:109C800091F87F3084F8B230637F63B394F8683022
:109C9000012B28D194F86E3003F0C003402B22D161
:109CA000D4F86930C4F8A030B4F86D309380082837
:109CB000236A04F1A6019A7803F1030584F8992038
:109CC00004F19A02D3F8033018D0C4F8A630AB8858
:109CD0008B8004F19901EFF723FF40B940F6BB31C7
:109CE0002D20E6F7A7FB0023C4F8A030DEE794F8A8
:109CF000993043F0020384F8993038BDC4F89A30A3
:109D0000AB8893800023C4F8A6308B80F5E70B4620
:109D1000162210B503F8032BD0F80920C1F8032050
:109D2000427B1A71CB78BBB130F8B43C1B0713D41B
:109D3000B1F8054002212046E7F71EF860B100881F
:109D4000EFF700FC02212046E7F72CF820B140F2A3
:109D50006B212D20E6F76EFB10BD0121F3F764B8EF
:109D6000FFF7FBBF08B590F894300BB1012008BD98
:109D700090F8CC30002BF9D190F8BE3003F0FF0002
:109D8000002BF4D0EFF706FA80F00100C0B2EEE746
:109D900030B54FF4B47285B00D4600210446FBF790
:109DA00031FEFF2323701323638042F21073E38498
:109DB000E7F7EEF800220146E0646846E7F72EF97F
:109DC00000220121E06CFCF759FE0422E16C684698
:109DD000E7F724F90022E06C1146FCF74FFE04F18E
:109DE0003000E57400F026F902A8F0F787F820B9F2
:109DF00040F20B312D20E6F71DFB02A904F13600DD
:109E0000FEF715FC05B030BDFF23C86C0B70FCF7E6
:109E100002BE0078FF3818BF01207047F7B504462E
:109E200030300E4600F056F961880746CA0605D55F
:109E30002822F3F733FC8C3003B0F0BD8B07E06CC5
:109E40000FD5FCF7BDFE217905463846F2F742FBF7
:109E5000638801462846009333466279F2F758FB3F
:109E6000E9E7FCF79DFEEEE7034608465A8812F044
:109E7000180F30B587B010D103F13001ADF80420D0
:109E8000D3E902459B8800916946ADF81030CDE9D1
:109E90000245FFF75CFE07B030BD0120FBE7D0E9CB
:109EA00002017047007D003818BF012070470B6821
:109EB000C0F816308B8843830123037770474388AB
:109EC00013F0100005D013F0040F14BF00201F2062
:109ED00070479A0704D4DB0701D4E7F787B8EE2070
:109EE000704708B5FFF7EBFF003818BF012008BD29
:109EF0004FF40043A0F8483043881D2B08BF0021D1
:109F00004174704790F913007047408800F00100D9
:109F100070478078C0F3400070478078C0F3C0007D
:109F2000704710B54488C06CE30654BFC4F34004C6
:109F30000024FCF72CFE84F001042043C0B210BDC5
:109F40008078C0F3001070474088A0F109035842A0
:109F5000584170474079C31E012B05D8B1F87230C3
:109F6000012B14BF04200320704710B50446F0F7FE
:109F7000E7FAC0F30B00A042F9D010BD10B50446BB
:109F8000F3F78AFA00212046F2F74EFF2046BDE89B
:109F90001040F2F73FBC90F8683001624B72D0F885
:109FA0006930C1F80A30B0F86D30CB817047704726
:109FB000F2F752BE80F888107047FF2380F88B308C
:109FC000704780F8241080F8252070478278034677
:109FD00012F0010002D0D978C90710D5900702D538
:109FE000D97889070AD512F0040008D0D878C0F3D0
:109FF000800080F001008000C0B2704702207047EE
:10A00000C0F34002C0F3800300F001001344184481
:10A010007047022808B507D0042807D0012807D0C8
:10A0200039212E20E6F706FA262008BD2720FCE776
:10A030002520FAE70023C0F80230012343700370A3
:10A0400070478170704710B5427014460170807877
:10A05000FFF7D6FF484304FB00F2FE2A03DD5C2134
:10A060002E20E6F7E7F910BD0023C370437103719A
:10A07000704710B50446FFF7A9FF63796278013392
:10A08000DBB29A4263710CD1E3780022A1780343DA
:10A090006271DBB29942E37001BF2379E270013350
:10A0A0002371BDE81040FFF7B4BF38B5044680788F
:10A0B000FFF7A6FF0146E078FFF7A2FF2378227999
:10A0C00065789B1A6B4359436379C91A00FB1510D5
:10A0D000C0B238BD014608B58078FFF791FF4A78D5
:10A0E0000B7853435843C0B208BD40F2EF2070478D
:10A0F00040F25A335843704708B590F81631FE2B9A
:10A1000004D040F6BE013120E6F794F9002380F830
:10A11000161180F8173112B9A0F8CC2008BDA0F8AC
:10A12000C630012380F8CA30F8E708B5436893F8D1
:10A130008F20172A04D040F254513120E6F77AF9E3
:10A140001B2283F88F2008BD08B5436893F88F2041
:10A15000322A06D1002283F88F20BDE80840FEF79E
:10A16000BBBF172A03D11B2283F88F2008BD40F202
:10A1700069513120E6F75EF9037D63B9C37BA3F132
:10A180001102032A07D990F8500028B11D2B8CBF6B
:10A1900000200120704701207047037D63B9837B55
:10A1A000A3F11102032A07D990F8500028B11D2B02
:10A1B0008CBF0020012070470120704738B50E3851
:10A1C000536814460D4693F88E2009283FD8DFE8DF
:10A1D00000F0053E3E3E0F3E173E3E26042A05D1C6
:10A1E0002046FEF75FFF2046F0F766FF002038BDEF
:10A1F000102AFBD120460021BDE83840FFF751BAB4
:10A200001E2AF3D12046FEF74DFF002DEED06268E6
:10A2100092F8E03023F0200382F8E030E6E793F88C
:10A220008F20242AE2D10025204683F88F50FEF7A4
:10A2300053FF636893F82C31012B03D12946204644
:10A24000EFF71AF86368002283F82C21CEE74FF469
:10A2500016713120E6F7EEF802464068097990F869
:10A260008E301E2B16D00DD8042B15D0102B15D0E8
:10A2700090F88F00242815D0302B0CBF2620FE200C
:10A28000F3F7DEBB292B0BD02F2B01D0222BEFD1E4
:10A290001620F5E71420F3E70E20F1E71220EFE790
:10A2A0002320EDE71720EBE7024640680B4690F8C5
:10A2B000E01041F0040180F8E01059791879F3F7C3
:10A2C000BFBB38B50D460446D1E90501E6F704FEEB
:10A2D00095F8200220280FD0F9F77CFC95F8200291
:10A2E000F9F7A0FD95F82002F9F73EFB20B940F6FA
:10A2F00028113120E6F79EF80D212046E6F752FDA1
:10A300000E212046E6F74EFD10212046E6F74AFDD5
:10A310000F212046E6F746FD11212046E6F742FDD3
:10A3200020461221BDE83840E6F73CBDE7F7F4BB14
:10A330000022A0F88E2080F8922090F8D33113B13B
:10A340000221F1F7E1BF0321FBE738B504460846D7
:10A3500094F8903213B10C25284638BD94F88F300C
:10A36000163B012BF7D894F8C03203F0FF05002B01
:10A37000F1D191B194F8EE3123B940F6A421312006
:10A38000E6F758F8052304F1F80204F5EF71FBF73E
:10A39000B9F9012384F89032DEE70223FAE7F0F7F7
:10A3A00011BA10B5044690F8751090F87400F4F7DF
:10A3B0007DFB002201462046BDE81040FEF7BCBDF3
:10A3C00010B586B0044613460A4601466846F4F7BF
:10A3D0008BFB694694F8F101F9F770FB20B940F264
:10A3E000FD213520E6F726F8B4F888300133A4F8CB
:10A3F000883006B010BDF4F715BBC0F8D011704717
:10A4000010B50446FFF70FFA00F2C5112046FEF71B
:10A410009CFDB0F5296F28BF4FF4296080B210BDB4
:10A4200010B5044686B020B940F2B3113520E6F7E6
:10A4300001F890F8F02102F0FF0312B14FF4DA7145
:10A44000F4E790F8F121202A02D140F2B511EDE7AE
:10A45000014601226846F4F747FB694694F8F1018A
:10A46000F9F72CFB10B940F2B911DFE706B010BDC7
:10A47000034690F8CA0028B1B3F8C610B3F8C82054
:10A4800091421ED293F9CE202AB1B3F8CC10B3F882
:10A49000C820914214D2B3F8C220B3F8C41091423C
:10A4A0000ED2B3F8C00093F8923023B9052894BFB8
:10A4B00000200120704782428CBF0020012070479D
:10A4C00001207047436893F818212AB1002283F8CD
:10A4D0008E2083F8CA20704783F88F20FEF7FCBDDA
:10A4E000436893F88E20032A05D1002283F8CA20FE
:10A4F00083F88E207047FEF7EFBDA1F11303012B07
:10A500000AD910B9172902D87047132906D91C296E
:10A510008CBF002001207047012070470020704749
:10A5200038B5142853680D46144693F88E300BD076
:10A53000162819D0122830D1052B13D1002110462E
:10A54000BDE83840FFF7ADB81E3B022B0AD81046D5
:10A55000FEF7A8FD35B1626892F8E03023F02003E1
:10A5600082F8E030002038BD212BFBD11046FEF7E9
:10A5700099FD6DB1626892F8E13023F0010382F831
:10A58000E130626892F8E13023F0080382F8E130AC
:10A590001A212046EEF770FEE4E740F25C413620D7
:10A5A000E5F748FF43680246097993F88E30A3F136
:10A5B00011000C280BD9292B0BD01E2B0BD0052BEF
:10A5C0000BD0212B0CBF1620FE20F4F79DBE0320DC
:10A5D000FBE72320F9E71420F7E71220F5E702460E
:10A5E00040680B4690F8E01041F0040180F8E0105C
:10A5F00059791879F4F788BE38B50C460546D1E983
:10A600000501E6F769FC94F8F10120280FD0F9F76D
:10A61000E1FA94F8F101F9F705FC94F8F101F9F782
:10A62000A3F920B940F6AC113620E5F703FF04F595
:10A63000E4742046F0F74AFF10B12046F0F754FFCB
:10A640000D212846E6F7AEFB0E212846E6F7AAFBC9
:10A6500010212846E6F7A6FB0F212846E6F7A2FBC5
:10A6600011212846E6F79EFB28461221BDE8384016
:10A67000E6F798BB00207047EFF7CCBFF0F78AB839
:10A6800070B5468E014690F89220B600B0F8C03002
:10A6900012BBC3F106039D1B91F8BE301BB191F8AC
:10A6A0008E30052B1DD101F18000FFF776FDD0B172
:10A6B000D1E92D34E41AA41BAC420888A8BF2C466B
:10A6C00000F041F820B1C389043B9C42B8BF1C464E
:10A6D00024EAE47080B270BDB0F8C250ED1AAD1B30
:10A6E000DAE70024E8E72C46E6E770B50D460421DA
:10A6F0000646E6F741FB044648B906213046E6F730
:10A700003BFB20B115B190F8BD3003B9044620469B
:10A7100070BD1D2310B50446C370EEF7A5FD207172
:10A7200010BD1E2310B50446C370EEF79DFD2071C9
:10A7300010BD01234380038000238380C3804FF436
:10A740004863038170470E21E6F716BB73B569466F
:10A750000546FDF7C9FD044618B11F215420E5F751
:10A7600069FE2846019EFFF7EEFF28B1012373869C
:10A77000848144810482C48102B070BD3C23038083
:10A780004FF4FA4343800123C38083800023038175
:10A7900043814FF448638381704708B5FBF762F843
:10A7A000BDE8084000F038B8801A00F3070038B55B
:10A7B0000D46144659B240B2FAF798F900232870B2
:10A7C00020446B7040B238BD00230360704770476F
:10A7D000002070474FF0FF3070474FF0FF30704758
:10A7E00070474FF0FF3070470020704700207047DF
:10A7F0000023037070479DF800300022FFF7D4BF9C
:10A800004FF0FF307047002070474FF0FF30704727
:10A810004FF0FF307047704770470020FAF79CB93F
:10A820000020FAF71DBA0020FAF748BA0020FAF71C
:10A8300093B9704770B50024FAF788FD054626469F
:10A84000E0B2854200D870BDFAF786FD0134068576
:10A8500080F82A60F4E7F8B5037904461BB11B21A0
:10A860009D20FAF7FFFD4679017126B90123437156
:10A87000217909B96171F8BD276820462671B8476A
:10A8800002280546F4D103212046B84708B12F21FC
:10A89000E6E723682946204698470028E8D030217B
:10A8A000DEE703460068884204D109B10A681A60ED
:10A8B0000846704728B97047884202D10A681A6072
:10A8C000F6E7034600680028F6D17047FAF7A6BFFE
:10A8D000704720BF704700280CBF6FF015000020A4
:10A8E0007047002070470723037000207047002046
:10A8F00070470020704710F8012B11F8013B012A26
:10A9000028BF9A42F7D0D01A70470000014804F0DF
:10A910009DBC00BF3809002138B5094D4FF0FF320A
:10A920004FF0FF33284604F05FFC044601F0B2FD0F
:10A9300010B1204601F0B4FB05F000F9EEE700BFCE
:10A94000680900210346F7B5064613F8010B0D46CA
:10A95000022801F1FF322DD0052845D0012855D11C
:10A96000022A53D90322CDE900320022002301F04C
:10A9700059FD0446002849D0F378043D9D4204D097
:10A9800003B0BDE8F04001F08BBB00F10C07384686
:10A9900006F0C4FC854201D92046F1E72A46311D64
:10A9A000384606F09AFC2146194803B0BDE8F0404D
:10A9B00008F031BA032A29D904200022CDE9003059
:10A9C000002301F02FFD044600B3B6F80330053D27
:10A9D0009D42D5D104F10C07384606F09FFC854214
:10A9E000DAD82A46711DDBE7032A0FD9042210208A
:10A9F000CDE900320022002301F014FD044628B105
:10AA0000B6F80330053DC3F30D03E1E703B0F0BD35
:10AA10006809002170B5214888B001F047FD002287
:10AA20000023CDE9062300236FF00802CDE90133AE
:10AA3000CDE9032300934FF4C062194B19491A481A
:10AA400004F05CFE1949184808F070FA184806F03E
:10AA50008EF9184A1849164806F097F94FF0FF3258
:10AA60004FF0FF33154804F02BFC0C4E124D4FF005
:10AA7000FF324FF0FF33304604F0B6FB0446284661
:10AA8000228AE16806F095F9002803DB204601F0F0
:10AA900007FBECE705F052F8F1E700BF5009002191
:10AAA00019A90101D8640021081D00213F3C0201C1
:10AAB000B4350201C8070021B8610021380900211E
:10AAC000014B1B68184700BFE4070021014B1860C9
:10AAD000704700BFE407002130B585B004460D463D
:10AAE00010220021684608F01AFC02238DF802307B
:10AAF000044B2A4621466846019305F0A7FB05B0A2
:10AB000030BD00BFC1AA010180B505460E461746FB
:10AB1000984605F0B7F8034608F08EFC0446DFF8C7
:10AB20001890424649F8003039463046A84754F854
:10AB3000090000F0C5FE00BF080000002DE9F04745
:10AB4000058B04462807904611D4022905F0070515
:10AB500040F0CC80204606F023F878B10138218BF4
:10AB6000042811D8DFE800F0C2106D859500012996
:10AB70000CBF45F0100545F02005258388F31188AA
:10AB8000BFF36F8FBDE8F08701F0070AAA4500F018
:10AB9000A5800027B9463E46A368002B00F0BC8084
:10ABA00041F00801218388F31188BFF36F8FA168FA
:10ABB000002900F0BA800D68002900F0B680334605
:10ABC00052462046D1F80480C047002D76D02B682D
:10ABD00029461D46F0E701F007035A1F012A1BD83A
:10ABE000002221F00701062B276889B2C4E9002260
:10ABF00009D13B4603E0628B013262831B68002B64
:10AC0000F9D141F002012046218305F0C9FF002857
:10AC10007AD041F0200176E0042B0AD121F007011F
:10AC200089B22046218305F0BBFF10B141F020011D
:10AC30002183218B01F0070AAA454FD00027B9468E
:10AC4000AAE7236921F0070141F00601062DD3F898
:10AC5000009021832DD1B9F1000F3FD041F00801C0
:10AC6000218388F31188BFF36F8F20463949C84785
:10AC700029E021F00701236941F0040189B2042D84
:10AC8000D3F804902183E6D000274FF0040A3E4613
:10AC900082E721F00701236941F0050189B2052D02
:10ACA000D3F808902183D6D000274FF0050A3E46FE
:10ACB00072E700274FF0060A3E466DE72B4687E70E
:10ACC000B9F1000FD1D1EFF31188402383F312883B
:10ACD000BFF36F8F238B23F008032383258BEA06B2
:10ACE0002ED525F01003238305F007056669218B17
:10ACF000002EBFF670AF00232768C4E9003321F0AF
:10AD0000070141F001012183218B4FF0000901F07F
:10AD1000070AAA457FF440AF002F9CD041F00801FC
:10AD2000218388F31188BFF36F8F002FC8D03D684F
:10AD3000394633465246204605F05EFF2F46F4E77B
:10AD4000AB067FF51BAF25F02003238305F0070535
:10AD500000E700BF250C020130B50C460E4985B056
:10AD60000291D0F8D4110546CDE9003100F1F0018F
:10AD70004FF0FF33204603F0A1FD50B9012384F8C2
:10AD80006C30D5F8D03123B1204605B0BDE8304055
:10AD9000184705B030BD00BFD50E020138B50C46CE
:10ADA0001146054606F098F8034638B92846044986
:10ADB00006F092F803460020236038BD0120FBE72F
:10ADC0008B4002012DE9F04F012381460569466859
:10ADD00089B005F55D77D7E8EF2F002A03D1C7E8E2
:10ADE000E13F0029F7D10CBF1A46002240F0B180A4
:10ADF000B368B16A05F5F8781C1F104606F0F3F841
:10AE000084426FD8013A00F09E80B2FA82F24FF08D
:10AE10000044D44072682046073222F00302C5F88D
:10AE20003C22B16A06F0DFF8C5F84002B36A40463A
:10AE30006343033323F0030302EB4302230103EBD9
:10AE40004403093323F0030303EBC403C5F834229E
:10AE50001A440832C5F830227368C5F83842C5F87C
:10AE60002C323D4BC5E9AD63316800F0E5F904468D
:10AE7000002835D1D9F810B0D9F804A0D9F800309D
:10AE80000BF53479CDE9060005934846DAE9073435
:10AE9000012B08BF103C08F03DF8DAF824002F49D8
:10AEA00005AB01EB80214FF48062484600932346B6
:10AEB00004F06AFB2A490BF5307007F0E4FFDAE989
:10AEC000050183685C684CB15B46264AA04704468E
:10AED00030B9DAE9050183681B692BB96FF05704B3
:10AEE000002129E0013288E7012298470446002822
:10AEF000F6D11D4B2846C5F8D0311C4BC5F8D431CE
:10AF00001B4B0393D5F840320293D5F83C32CDE980
:10AF1000008305F51173B26AD5F8701300F054F987
:10AF200004460028DCD105F1F00003F06DFD002897
:10AF3000C5F878030ADB0221384606F001F82046FE
:10AF400009B0BDE8F08F6FF00B04C9E76FF015048E
:10AF5000C6E76FF07704F2E72B0F0201D86A0021F1
:10AF6000110F0201050F020175AF0101BD100201B1
:10AF7000710F020113B5044640B100230122CDE94F
:10AF80000032074BD0E9091203F06CFC236F1B68F9
:10AF900023B1606F02B0BDE81040184702B010BD89
:10AFA0008B40020113B504460846216901F55D7125
:10AFB000D1E8AF1F022910D193B1A0B10121CDE991
:10AFC00000311346D0E9091203F04CFC074B9842BC
:10AFD00008BF6FF00B0002B010BD6FF00F00FAE772
:10AFE0006FF04C00F7E76FF00100F4E72EF8FFFF79
:10AFF0002DE9F34789461546066906F55D73D3E8E2
:10B00000AF3F022B64D1136823B96FF0150002B073
:10B01000BDE8F0871B78002BF7D0D6F870A3BAF103
:10B02000000F36D106F5EC774FF0FF324FF0FF33CB
:10B03000384604F011F830462A6801A9FFF7AEFE41
:10B04000019C80461CB9384605F078FFDDE705F124
:10B0500008032367AB6984F86CA06367646460B11C
:10B06000384605F06BFF21463046A36E2A68FFF78D
:10B0700073FE0020C9F80040C9E71F22296804F1C7
:10B08000480008F066F9384684F8678005F056FFF6
:10B09000EFE73046104905F01FFF04460028B4D002
:10B0A000002705F108030367AB6980F86C704367FC
:10B0B00040641F222968483008F04BF922460121DC
:10B0C000304684F8677000F061F80028D1D09CE722
:10B0D0006FF00F009BE700BF8B40020110B50C46DC
:10B0E000006900F55D73D3E8AF3F022B0FD189B142
:10B0F0000A4900F5307007F0F2FE204607F0BFFA6B
:10B1000078220021204608F00AF9002010BD6FF0D7
:10B110000F00FBE76FF00100F8E700BFC0610021FE
:10B120002DE9F04F05460E4690460027D0F8C4A002
:10B1300085B0AAF5BE7421463046FFF7DCFBE0B9C6
:10B14000114BA4F1480B0293DAF810303246CDE9E6
:10B15000008329464FF0FF335846AAF5E27903F001
:10B16000ADFB60B97823012203FB079383F86C20C1
:10B17000DAF80C300BB158469847783417B105B05F
:10B18000BDE8F08F0127D6E7EB1002011FB514468A
:10B1900090B18AB1012912D10A4B00F1F00102935A
:10B1A000D0F8D431483201934FF0FF33204600935A
:10B1B00003F084FB04B010BD6FF01500FAE7002027
:10B1C000F8E700BFEB1002012DE9F04387B00E460F
:10B1D000DDE90E811446DDE910251F4630B329B3A1
:10B1E000DFF850C000F1F009002D08BF65469EB998
:10B1F000CDE9034400F5E2742046059607F0D7FC3C
:10B2000003ABCDE900432A463B464146484603F09E
:10B2100075FC07B0BDE8F083002241460E92484617
:10B220002A4607B0BDE8F04303F0BEBD6FF015003D
:10B23000EFE700BF21B10101F0B504462B4A87B00A
:10B2400004AB0E4692E8030083E80300002C49D0CB
:10B25000184603F00DFA0546B0B94FF0FF33E16C24
:10B2600004F15407A163CDE9010000933846236D32
:10B2700004F1380206F0B5FEA06C05F065FFC4F8D5
:10B28000BC0020B96FF00B05284607B0F0BDA06CDC
:10B2900005F05AFFC4F8C0000028F3D0236CD4F89E
:10B2A000BC10C4F890300423C4F89430C4F8AC3017
:10B2B0000223E3620E4BB4F84820C4F88C10616C92
:10B2C000236204F18C03C4F8A070A4F89820C4F899
:10B2D000B870C4F8A810A4F8B020C4F8A400A661FF
:10B2E0002363D1E76FF01505CEE700BF30370201C9
:10B2F000743A0201014B036000207047A03A02013A
:10B3000008B5044805F03FFCBDE80840024805F0D8
:10B310003ABC00BF5A3C02018F3C020108B5034809
:10B32000034A0021121A05F047FF08BD080A002150
:10B33000D8640021074808B5074A0849121A05F0E1
:10B340003DFFBDE808400648064A0749121A05F0C5
:10B3500035BF00BF00000021040A002100430201A4
:10B3600000000021000000210043020138B505461D
:10B370000C4699B1D1E901230F48096805F003FC97
:10B38000D4E90423E1680D4805F0FDFBE1690C48B0
:10B3900005F0F9FBA1690B4805F0F5FB012D05D17E
:10B3A000EFF305810848103905F0EDFB21462846EA
:10B3B000BDE8384003F00EBDBD3C0201ED3C02018A
:10B3C0001D3D02012D3D02015C3D020130BFFFF732
:10B3D000FDBF00BF2DE9F04105460B4EDFF82C8084
:10B3E000324606EB0807CC1B2046094907F08AFFC6
:10B3F000A01942460021083C07F091FF6C6707F155
:10B400000800BDE8F08100BF00000000040000005B
:10B410002C370201054B5A699B689A421FBF044AA8
:10B42000536843F080535360704700BF08640021A5
:10B4300000ED00E010B5204C204805F0A4FBA36A05
:10B44000990137D51E4805F09EFB1E20A36ADA013C
:10B4500003D51C4805F097FB1F20174CA36ADB029D
:10B4600003D5194805F08FFB0220A36A1C0303D5FE
:10B47000164805F088FB21200F4CA36A590303D519
:10B48000134805F080FB2220A36A9A0303D51148D4
:10B4900005F079FB2320084CA36ADB0303D50E4893
:10B4A00005F071FB2420A36A6FEA03436FEA13439C
:10B4B000A36210BD1D20C9E700ED00E0703D020150
:10B4C000893D02019D3D0201B83D0201E33D0201BB
:10B4D000023E0201283E0201433E020170B5204CAB
:10B4E000064620480D4605F04EFBA36AD90435D523
:10B4F0001D4805F048FB1720A36A1A0503D51B4811
:10B5000005F041FB1820164CA36A9B050FD518487F
:10B5100005F039FBA16BA36A180407D5154805F09F
:10B5200032FB1EB1A36A23F40043A36219200C4C22
:10B53000A36A5A0503D5104805F025FB1A20A36A13
:10B54000DB0503D50D4805F01EFB1B20044A936A5A
:10B5500043F47F43936200232B7070BD1620CBE72A
:10B5600000ED00E06F3E0201863E0201983E0201BE
:10B57000AC3E0201C63E0201DC3E0201F83E020181
:10B5800070B51F4C06461F480D4605F0FCFAA36A2D
:10B59000D90632D51C4805F0F6FA1120A36A1A071D
:10B5A00003D51A4805F0EFFA1220154CA36A9B0741
:10B5B0000FD5174805F0E7FA616BA36A180607D59F
:10B5C000144805F0E0FA1EB1A36A23F08003A362D9
:10B5D00013200B4CA36ADA0703D50F4805F0D3FA02
:10B5E0001420A36A064ADB0658BFA36A936A43F095
:10B5F000FF03936200232B7070BD1020CEE700BFC5
:10B6000000ED00E0113F0201283F0201983E0201D7
:10B610005C3F0201753F02018C3F02012DE9F041C0
:10B620005B4B04465F6800258AB0C7F3080685F3C4
:10B630001188BFF36F8F02F07F43B3F17F4F06D1C4
:10B6400002F00C03082B13D1524805F09CFA002598
:10B650002C464FF00008F31E8DF80780092B00F2EE
:10B660008580DFE803F00A797D7583838383838196
:10B6700010074CBF0C460125EBE74748444E05F048
:10B6800082FA8DF80780F36A9A0704D5434805F0DB
:10B690007AFA00232FE0F36A002B01DA4048F6E73C
:10B6A000F36A5B00F5D53F4805F06DFA7369A2694E
:10B6B00043F480737361BFF34F8FBFF36F8F736970
:10B6C00032F8022C23F480737361BFF34F8FBFF302
:10B6D0006F8F4DF602739A4208D0B36ADBB24BB358
:10B6E00001200DF10701FFF74BFF33E021682E48E1
:10B6F00005F049FA23689DF80720C2B902AE04F1AB
:10B700002007324620686168083403C2BC421646EE
:10B71000F7D1099AB5B3C2F3080121B96FEA5222F1
:10B720006FEA42220992184602A9FFF71FFE0AB0EB
:10B73000BDE8F081B36A13F47F4F05D001200DF10D
:10B740000701FFF7CBFE05E0B36AB3F5803FA0D356
:10B75000FFF770FE0346CEE700200DF10701C2E7B8
:10B7600000200DF10701ECE7104890E7104B17F4AB
:10B77000F87F1049104818BF1946A6F1100205F0CD
:10B7800002FA86E722F4FF7222F00102CAE700BF44
:10B7900000ED00E0DA3F0201064002011E40020116
:10B7A000404002014F4002016F4002018C40020103
:10B7B000C13F0201AC3F0201B1400201064B5A6990
:10B7C00042F010025A615A6942F480625A615A6921
:10B7D00022F008025A61704700ED00E0EFF30880A4
:10B7E000EFF3098101B57246FFF718FF01BD00BFF5
:10B7F000002080F31488BFF36F8F002080F30A8845
:10B8000080F30B880F4880F3088802F047FC002083
:10B810000D490860BFF34F8F00F02CF8402080F3F3
:10B8200011880A484FF40061401880F30988EFF34B
:10B8300014800221084380F31488BFF36F8F05F052
:10B84000CEFC0000D87D002194ED00E0D8720021EC
:10B85000002318460649D1F89020C2F307229342EC
:10B8600000DB7047C1F89830C1F8A0000133F6E75B
:10B8700000ED00E010B572B6002484F31388FFF7E2
:10B88000E7FF23464FF0FF300C4A03F1200101335C
:10B89000102B42F82100F8D100234FF0FF30074A67
:10B8A00003F160010133102B42F82100F8D162B698
:10B8B000BFF34F8FBFF36F8F10BD00BF00E100E0FB
:10B8C000084B9B6883420BD1EFF3058343B1064BD2
:10B8D0005A6842F080525A605A6A22F400425A6210
:10B8E00004F0D6B90864002100ED00E014498A682C
:10B8F0004FF030001044EFF3098C80E8F01F402037
:10B9000080F31288BFF36F8F0E4F4FF000664A69C5
:10B910008A603E60506F0C4C2060906F00239367EC
:10B9200080F3118802F1300090E8F01F8CF3098851
:10B9300002F1000004B505F05DFCBDE8044070476D
:10B940000864002104ED00E0E86100211EF0040F0E
:10B950000CBFEFF30880EFF30980816911F8021C36
:10B960000229FFD001B5724605F02AFC01BD00BFD7
:10B9700040B2002807DB01234109034A00F01F0001
:10B98000834042F82130704700E100E040B20028D7
:10B990000CDB01220649430900F01F0082402033DE
:10B9A00041F82320BFF34F8FBFF36F8F704700BF65
:10B9B00000E100E0054B420953F82220012300F08A
:10B9C0001F0003FA00F01040704700BF00E100E0E4
:10B9D000D30748BF002140B258BF02310028ACBF96
:10B9E00000F16040064A4FEA4113DBB2ABBF00F5FD
:10B9F000614000F00F0080F800331354704700BF1F
:10BA000014ED00E0044B054A23F07F039360BFF37D
:10BA10004F8FBFF36F8F70470000000100ED00E013
:10BA200042F8203C009B0B4942F81C3C019B21F052
:10BA3000010142F8183C029B42F8081C42F8143CF1
:10BA40004FF0807342F8043C0023203A026583677C
:10BA5000704700BF09AB010100B50D4B154698605A
:10BA6000426F0C4B0E461A60436E83F30B882C46D4
:10BA700086F309880020044B9847204600210022C5
:10BA80000023024C204700000312020109AB010110
:10BA900008640021E86100211022014B1A617047FF
:10BAA00000ED00E0002340210348C21801331E2BA3
:10BAB00082F80013F9D1704700E100E008B5EFF318
:10BAC0000583064A103B02EBC30152F83300496874
:10BAD0008847BDE80840FFF79DBC00BFD435020190
:10BAE0001FB5094C094A23460121094800F0FAF81C
:10BAF00000230393074B0121E41A01A80193029448
:10BB000000F0FAF804B010BD00000121000000218F
:10BB1000A03A0201080A002110B50C7A0B6804F063
:10BB20001F0223F01F031A43CB68640923F01F038D
:10BB3000054943EA440343F00103C1F89800C1F802
:10BB40009C20C1F8A03010BD00ED00E010B5074BFF
:10BB5000D3F89030C3F30723013B984202D8FFF794
:10BB6000DBFF10BD6FF01500FBE700BF00ED00E04C
:10BB70002DE9F04F0F46144606464FF000084D4D94
:10BB800085B0B84580F29280D6F80490B9F1000FE4
:10BB900036D0B9F11F0F40F2878019F01F0F40F027
:10BBA0008380D6F800A01AF01F0F7DD1504605F013
:10BBB00068FB834609EB0A00013805F062FB834508
:10BBC00072D11BF1160F6FD05C456DDDC5F898B0D2
:10BBD000D5F89C10C5F898B0D5F8A03021F01F0119
:10BBE00043F01F0AD6E900321A44994202F1FF39A4
:10BBF0001ED1CA4508D131465FFA8BF005F04AFBE9
:10BC000008F101080C36BCE73146C5F898B0D5F804
:10BC10009C3022F01F0203F01F031343C5F89C3031
:10BC2000E0B205F037FB10F1160F3DD0441CE7E7FA
:10BC3000C5F898B0D5F8A020013B23F01F0302F00F
:10BC40001F021343CA453146E0B2C5F8A030E8D020
:10BC500005F020FB10F1160F26D0C5F898B0D5F8E6
:10BC60009C209DF808300AF1FF3A62F304038DF836
:10BC70000830D5F8A0309DF808205B0863F3471220
:10BC80008DF80820D6E900321344009323F01F03F7
:10BC90005344A3EB0903013023F01F036946C0B2EC
:10BCA0000393FFF753FFBEE76FF01504204605B07E
:10BCB000BDE8F08F00ED00E00522044BC3F89420AE
:10BCC000BFF34F8FBFF36F8F704700BF00ED00E0F1
:10BCD000BFF35F8F0022024BC3F89420704700BF70
:10BCE00000ED00E010B5034C2278FFF741FF207013
:10BCF00010BD00BF3C6400212DE9F74F294D8A4655
:10BD000006464FF00008AB46274FD0451BDAD6F861
:10BD10000490B9F1000F3FD031680846019105F059
:10BD2000B0FA0199044609EB0100013805F0A9FABF
:10BD300084424FF014021D4B08D002FB08F36FF051
:10BD400015024BF8032003B0BDE8F08F14F1160F75
:10BD50002C60F8D01978A142F5DD02FB08B0C7F8D5
:10BD60009840C7F89840D7F89C4000F10801007B44
:10BD700064F304000871D7F8A0000C79400860F360
:10BD800047140C71D7F89C1021F01F016960D7F897
:10BD9000A01021F01F01296108F1010814350C36AB
:10BDA000B3E700BFEC61002100ED00E03C6400213E
:10BDB000F0B54149414CD1F890302568C3F30723D1
:10BDC0009D4287B075D80020FFF782FF3C4BC1F839
:10BDD000C030854216D13B4C01A82570FFF78AFA86
:10BDE00000250646384FAE4213D100202378324951
:10BDF000D1F89020C2F30722934254DBFFF75CFF97
:10BE000000202FE0616801EB0011FFF785FE013093
:10BE1000DFE70199280101EB0513DA683A40B2F532
:10BE2000001F21D0B2F5800F2BD0B2F5801F38D182
:10BE30005A689B680958013B22F01F000344012007
:10BE4000844623F01F0340EA4C10CDE902218DF80F
:10BE5000100002A920780593FFF778FE00281DDA6C
:10BE60006FF0150007B0F0BD5A689B680958013B98
:10BE700022F01F0003444FF0020C012023F01F03A7
:10BE8000E1E75A689B680958013B22F01F00034410
:10BE90004FF0000C062023F01F03D4E72378013372
:10BEA000237001359FE7C1F89830C1F8A000013335
:10BEB0009EE74FF0FF30D5E700ED00E0AC3A02011D
:10BEC000AAFF44003C6400210000F0FF08B5024BCB
:10BED0001B689847002008BD00620021034B044AFC
:10BEE0001860937843F0020393707047006200215A
:10BEF0001408002108B50649064821F00701C1F1E0
:10BF0000045202F5803204F0E4FD002008BD00BFB9
:10BF10001F9900210462002170B541690446867AA8
:10BF20000A4D59B1437ADB0706D42C2303FB065391
:10BF30005B6A1B689B689847002363612C2021463D
:10BF400000FB0650BDE8704006F070BF800900217C
:10BF50002C22024B02FB0030704700BF80090021F9
:10BF60002C21827A054B01FB02339A6A1B7F801ACF
:10BF70001B3323F00303B0FBF3F07047800900216B
:10BF800038B52C24827A064B04FB02335B6AD3E972
:10BF900001240C601568FFF7E3FF04FB005038BD77
:10BFA000800900212DE9F04385B00546684690469A
:10BFB0001C46039107F0DFF8DDE90067EFF3118914
:10BFC000402383F31288BFF36F8F6B8B002B41D01C
:10BFD0002A8B9A4225D900220023284603F004F92F
:10BFE0000446F0B189F31188BFF36F8F039B002BD8
:10BFF00041D032463B46684607F0E2F82C21A27A4F
:10C00000254B204601FB02335B6A03A91B681D68B0
:10C01000DDE90023A847606170BB2046FFF77CFF85
:10C0200024E0698B4B1E6B8389F31188BFF36F8FFC
:10C030002B7F2A8BAC6A1B3323F00303521A02FBBB
:10C040000344154B154AEB1A9B105343A3722B7FE5
:10C05000E372CBE789F31188BFF36F8F2346424623
:10C06000284603F0C1F804460028BFD1002420462A
:10C0700005B0BDE8F0836361012300252381039BA4
:10C0800029466382E27A656004F1180007F047F9F7
:10C0900063692582E360EAE780090021A38B2EBA59
:10C0A00070B52C250C4C00B970BD037A4668002B86
:10C0B000FAD0013BDBB20372002BF5D1C3604360C1
:10C0C000837A05FB03431B6A13B198473046EAE7BE
:10C0D000FFF722FFFAE700BF80090021064AD2F8E5
:10C0E000AC3123F00043C2F8AC310022034BC3F85B
:10C0F0004C21D3F84C3170470020014100600141D0
:10C1000073B5354BD3E84F3F00233449CDE90033B5
:10C11000334BD3F80445BFF35F8FD1F80465BFF309
:10C120005F8FD3F804259442F3D16B462246012158
:10C130002B4805F0FBF8324605460F21274801AB96
:10C1400005F0F4F8E0B1019B0DB9009302E0009A0C
:10C150009342FAD3009B22481C44013CD0F84C3552
:10C1600024F07F449C421F4932D0FFF7B7FFC0F84C
:10C170004C451D4B009A9A4218D901230B7001E0DF
:10C18000002DE7D1194AD2F8AC3143F00043C2F890
:10C19000AC31134BD3F84C2132B90121144A516010
:10C1A000D3F84C3103B1116001230DE0BFF35F8F71
:10C1B000D0F80435E41A24F07F440E4B033C9C4233
:10C1C000DBD900230B7000230B4A137002B070BD43
:10C1D0000B78002BF7D0D5E7416400210010014116
:10C1E000006001413F640021FEFF7F00002001410B
:10C1F00000B00041FBFF7F0040640021F8B51E49FC
:10C200000023C1E8423F52BB1C4B1D783DB30523C0
:10C210001B4E1C4F34780134B4FBF3F303EB830360
:10C22000E41A05F0EBFA184A137823B157F82430D2
:10C23000C01A072813D9154BD3F8141141B10021A6
:10C24000C3F81411D3F8143134700CB901231370EE
:10C25000347805F0D3FA47F824002846F8BD0C4A94
:10C260000025D2F8AC3123F00043C2F8AC310122F2
:10C27000084B5A60F1E700BF41640021406400218F
:10C280003E640021106200213D6400210050004105
:10C290000020014100B000410122024BC3F84025BB
:10C2A000704700BF000008415023142213B51D4CF5
:10C2B0000021C4F80C351C4B0846C3F820214FF46C
:10C2C00000621A4BC3F8BC254FF48062C3F83825CE
:10C2D0000DF1070201F050FF002821DB9DF8071047
:10C2E000134805F0BAFB9DF80710124805F0B5FB9E
:10C2F0009DF80710104805F0B0FB9DF80710204688
:10C3000005F0ABFB9DF8070001F044FF4FF400225D
:10C310000A4BC3F844230022C3F84C21D3F84C3114
:10C3200002B010BD00B000410030204100200141AA
:10C330004C610141282001412C2101410060014153
:10C3400048B1054B054A1B68B3FBF2F35843044B55
:10C3500043F0010318477047C008002140420F0016
:10C36000403A020108B53F230348044AC0E90023CC
:10C3700001F0FCFE002008BD2462002100E0FFFF68
:10C3800070B50446807AFFF7E3FD6169054649B15F
:10C39000637ADB0704D4436A20461B689B6898478E
:10C3A000002363612146284606F040FD034B1B68CD
:10C3B0001BB1BDE870402A20184770BD2C620021D7
:10C3C00008B5034B186806F026FD002008BD00BF25
:10C3D00030620021811EC9B21E2938B5044609D831
:10C3E0000A4820FA01F1C90704D5094804F071FF91
:10C3F000054610B90025284638BD064B013CE4B27D
:10C40000195D0C3004F072FFF5E700BF41000040F9
:10C41000D8090021D4400201014B1860704700BFC9
:10C420002C620021F8B501280446DDE9067609D022
:10C43000042804D1144804F04CFF054620B9002517
:10C440002846F8BD1148F6E7013CE4B21F2C96BF20
:10C450000F4B0021195D00F10C04204604F046FF4B
:10C46000002FEDD0002EEBD0204604F057FF86427F
:10C4700003D92846FFF714FEE1E732463946204645
:10C4800004F02BFFDCE700BF80090021AC0900218C
:10C49000D4400201038A014623B1034B1868836824
:10C4A0009B68184712207047B408002110B5084B4C
:10C4B000084C1860206806F0D0FB30B120680649AF
:10C4C0008368BDE810401B6818476FF0120010BD6C
:10C4D00030620021B4080021C1C30101084B70B5CE
:10C4E000C31A0D4607499B1004465943402206488B
:10C4F00004F05BFF2B4601462046BDE8704018471C
:10C5000048620021B76DDBB6D4340201402373B515
:10C510000B4C0093041B0B460D460A49A4106143C3
:10C520000646094A094804F06CFF011E05DA304648
:10C530002B4602B0BDE87040184702B070BD00BF86
:10C5400048620021B76DDBB66D140201D4340201DC
:10C550000521F8B5002205460846FFF739FA1048CC
:10C5600001F096FD0446B8B905F028FA2F690D4987
:10C57000384604F064FB031E09DB01263E642D6986
:10C58000084905F11C0004F05AFB031E02DA1C46A0
:10C590002046F8BDEE64FBE76FF00404F8E700BF47
:10C5A000E1C601011C3B02017FB500220123CDE958
:10C5B000022304ABCDE90433094A6B46CDF800D021
:10C5C000CDF804D004F04BFF002805DB4FF4804287
:10C5D0000023684602F074FE07B05DF804FB00BF5C
:10C5E0007F14020110B5EFF31184402383F3128806
:10C5F000BFF36F8F074A136823F00201DB07116056
:10C6000002D4012005F0D4F984F31188BFF36F8FB1
:10C6100010BD00BF986200210C22104B014602FBA6
:10C620000033002030B4D3E90E529863EFF3118049
:10C63000402484F31288BFF36F8F1C6C04F0C00495
:10C6400044F002041C6480F31188BFF36F8F1DB1A6
:10C650002B4630BC0248184730BC70474862002166
:10C66000D434020110B4EFF31182402383F3128813
:10C67000BFF36F8F1748016841F002040460C807D8
:10C6800007D482F31188BFF36F8F012010BC01F033
:10C69000EFBC1149D1F80C04D1F80C14C907F0D53E
:10C6A000EFF3118083F31288BFF36F8F0B490B6C8C
:10C6B00003F0C00343F002030B6480F31188BFF35F
:10C6C0006F8F82F31188BFF36F8F002010BCFFF7CC
:10C6D000A3BF00BF986200210050004148620021C2
:10C6E00010B1012804D07047034B1B6C5B0701D1CC
:10C6F000FFF792BF704700BF486200212DE9F0416B
:10C70000012207463449D1E8EF3FC1E8E02F002875
:10C71000F9D133B9314932484B60CB608A6004F0BB
:10C72000A1FA7B1E012B28D8012F06D12D4BD3F85F
:10C730001C3403F00303022B1FD006F0F1FB054667
:10C74000E8B9294B1B78D3B102220646254BC3F822
:10C750000823244CDFF89480D4F81824D4F8183433
:10C76000D20315D503F00303022B01D0012F0FD103
:10C770006DB386F31188BFF36F8FBDE8F081EFF3DF
:10C780001186402383F31288BFF36F8F0125E0E702
:10C79000C5B1304604F057FDD4F81835DBB2012B93
:10C7A000DAD1D4F80421002AD6D00022C4F804211A
:10C7B000D4F804210222C4F818252022C8F88021C8
:10C7C000A360C9E70021212006F049FCE4E702222A
:10C7D000044BC3F80423D0E74462002134620021F3
:10C7E0006462002100500041D464002100E100E0B7
:10C7F00008B5074806F031FA38B10648FFF76EFB76
:10C800000448FEF763F9002008BD6FF01200FBE753
:10C810005435020119C801010A2838B50446074DEC
:10C8200004D1AB680D2128465B689847AB68034884
:10C830005B68E1B29847204638BD00BF543502011D
:10C84000EFF31182402383F31288BFF36F8F0A4BFB
:10C85000D3F8001161B10021D3F80805C3F8001125
:10C86000D3F80031C0B282F31188BFF36F8F7047E5
:10C870006FF00A00F7E700BF009000410346F0B5F3
:10C8800010469C7893F803C0EFF31182402585F39E
:10C890001288BFF36F8F1F7893F801E0E41B04EA5E
:10C8A0000C04A04288BFA0B23E180CEA06063D4622
:10C8B0001E7082F31188BFF36F8F0A188A4216D157
:10C8C00077450CD1EFF31182402181F31288BFF339
:10C8D0006F8F1978597082F31188BFF36F8F1B79AE
:10C8E000241AA34222BF0122054B1A60F0BD5E1933
:10C8F0007679013501F8016B05EA0C05DEE700BF2A
:10C9000000900041DB432DE9F04713F001050E468E
:10C91000144604D02248FFF7B1FFBDE8F0879AB370
:10C92000EFF31188402383F31288BFF36F8F092040
:10C93000FFF740F807460920FFF728F888F3118829
:10C94000BFF36F8FDFF85CA04FF40079CAF8005195
:10C95000DAF8003101232546DFF84C80CAF80030B0
:10C96000C8F88091DAF8003183B1FFF769FF031E40
:10C97000C8F88091F6DB013DADB27355002DF1D1C1
:10C9800017B10920FEF7F4FF2046C6E7EFF3118048
:10C99000402383F31288BFF36F8F04F054FCE1E768
:10C9A000CC6200210090004100E100E02DE9F0415F
:10C9B0000D461446114F07F1450814B92046BDE84D
:10C9C000F0814FF0FF334FF0FF32384602F078FC31
:10C9D000224629464046FFF751FF0646384602F0F8
:10C9E00035FC3EB94FF0FF324FF0FF33044802F000
:10C9F00067FCE6E7A41BA4B23544DEE79C62002195
:10CA0000B462002138B50122194C1146204606F0C7
:10CA100017FA0122002104F1180006F011FA40F281
:10CA20000743A4F848304FF0706323630C230025BC
:10CA300084F834300F4B84F84550A4F84650D3F8AE
:10CA40000425052122F00102C3F80425C3F8005192
:10CA5000D3F8002101220920C3F804231A602A46D2
:10CA6000FEF7B6FF0920FEF783FF284638BD00BF5A
:10CA70009C6200210090004110B5FFF7E1FE002804
:10CA800020DB174BC0B293F8322093F8314093F873
:10CA90003310141B31EA04040DD193F8472093F8A6
:10CAA000464093F84810141B31EA04040BD10122CC
:10CAB0000C4B5A600EE09C180132114084F835008E
:10CAC00083F8321010BD9C180132114084F84A00DE
:10CAD00083F847100448BDE8104002F0B7BB00BF20
:10CAE0009C62002100900041B4620021F0B54568CD
:10CAF0001646A8682A7C01F01F0487B044EA421455
:10CB0000002868D0B6F5001F04D1214605F067FA69
:10CB1000002051E00020B6F5800F01AA019050607E
:10CB200037D1B3F1007F14BF052304238DF80430FF
:10CB30000023CDE904230393EB680DF1030723FAE7
:10CB400001F111F0010139D1B6F1A07F36D104F025
:10CB50001F03620903F1800326D0012A3ED1214A36
:10CB600052F82330DB0729D43A462146A86805F05D
:10CB7000AFF916301AD002972146A86803AA05F02B
:10CB80007CF8002818DB01222146A86805F0D7F9B7
:10CB9000BEE7B3F1C06F05D0B3F1007F14BF01232E
:10CBA0000223C3E70323C1E70F4AD9E73946A86840
:10CBB00001F082FB0028DEDA07B0F0BD3A462146DC
:10CBC000A86805F085F90028D6D19DF80310A8685B
:10CBD00001F06CFBD0E76FF08500EDE751F82330F2
:10CBE000FFDE00BF00088C4100058C41420903466E
:10CBF00070B502D0012A17D070BD0D4E3269516850
:10CC00000029F9D0012503F01F030C689D4000297D
:10CC1000F2D08A682A4002D030464B6898472CB13F
:10CC2000236821461C46F2E7024EE7E72346F8E771
:10CC300014350201F434020138B54568A86890B192
:10CC400005F075F9014670B9A86805F054F9044675
:10CC500058B902460649A86805F037F92246052169
:10CC60000A20FEF7B5FE002038BD6FF00400FBE798
:10CC7000EDCB01012DE9F04340F206364768D006BE
:10CC800048BF4FF0030C3B7C02EA060658BFC2F3D4
:10CC9000401C87B001F01F05B6F5837F144645EAB6
:10CCA00043158DF803C044D00DD8062E16D005D8F4
:10CCB000A6B1022E3FD06FF0150037E0B6F5807FA9
:10CCC000F9D101260AE040F20222964235D0B6F5AB
:10CCD000407F34D0B6F5007FEDD102260123220338
:10CCE00003FA01F12DD57B689960B86880BB05F027
:10CCF0001F036D092AD0012D73D13C4A02EB830238
:10CD000084F48033D2F80012C3F30043C4F34044E8
:10CD100044EA430421F4706144EA8C0421F00F01D9
:10CD200044EA06230B43C2F80032002007B0BDE8F6
:10CD3000F0830726D2E70426D0E70526CEE70326B0
:10CD4000CCE7630344BF7B68D960CEE7284AD5E7C8
:10CD500029460DF1020205F0BBF814F4403F80466D
:10CD60000CD12946B86805F0E8F8B8F1000FDCD11D
:10CD70009DF80210B86801F099FAD6E74FF0000963
:10CD800001ABCDE90199CDE90439CDF80C902946E4
:10CD9000B86803AA04F071FF4845C6DB14F40033F9
:10CDA00014D09DF8033084F48034C4F300448DF82B
:10CDB0000E308DF80C608DF80D404B462946B86852
:10CDC00003AA05F00DF80028CFDAAEE7CDE9043369
:10CDD0000DF1030303932946B86803AA04F04DFF3D
:10CDE000F1E7803350F82330FFDE00BF00088C41AC
:10CDF00000058C4110B504460269A2B0C2F880005B
:10CE00001649002001F046FB002205211220FEF702
:10CE1000DFFD8422002101A8646806F080FA002367
:10CE2000012001AA61680432D940C90744BF00FA51
:10CE300003F142F8041C2168D940C90748BF00FA31
:10CE400003F103F1010348BFD163102BEAD101A81C
:10CE500001F034FB002022B010BD00BF2B150201F1
:10CE60002DE9F04F8C46002640F2FF1EDFF8E480EB
:10CE7000DFF8E490DFF8E4A0F3B29C4502D800208C
:10CE8000BDE8F08F50F82610C1F3C324082CC1F37D
:10CE9000080350D8090E734508BF4FF0FF3318F848
:10CEA000044003294AD8DFE801F002083033C2F811
:10CEB0000C35591C2FD10136DEE7C2F814355D1C44
:10CEC000F9D0002550F8261001F40047002F0EBFBE
:10CED000AB464FF0010B002503F01F075B0928D07C
:10CEE000012B31D1534603EB8707C1F341212402C3
:10CEF000D7F8003244EA81042C4303EA090344EAE8
:10CF00004B042343C7F80032D5E7C2F80835D0E711
:10CF1000C2F81035D3E7590909D0012911D10F4FB3
:10CF2000012503F01F0105FA01F1B960CAE70C4FB2
:10CF3000F6E70B4BD7E76FF01500A1E76FF0850020
:10CF40009EE700239B60FFDE0023803753F82730E5
:10CF5000F9E700BF3D410201F0F0FCFF00088C4101
:10CF600000058C412DE9F04104460D46476805F067
:10CF7000D7FF4FF0400888B9264B1B7873B1642661
:10CF8000606804F072FBF0B9012004F01DFD013E61
:10CF9000F6D10021212006F062F8F0E7EFF31186C8
:10CFA000314688F31288BFF36F8F606804F05DFB31
:10CFB000A8B986F31188BFF36F8FEFE786F3118866
:10CFC000BFF36F8FE5E7EFF31186314688F31288E0
:10CFD000BFF36F8F606804F048FB0028EED0FB6958
:10CFE00000201D706368FA691B68C3F8442501229C
:10CFF000C3F84825C3F82001D3F82041C3F85801ED
:10D00000D3F858019A6081F31188BFF36F8FBDE8A0
:10D01000F08100BFD46400210123834070B5DC435C
:10D020000B4AD2E8EF1F01EA0405C2E8E65F002ED2
:10D03000F7D14FF4803282400648C0F80823BFF38E
:10D040005F8FBFF36F8F0B4214BF0120002070BDB4
:10D05000A06300210060014170B40E4922F07F46B8
:10D06000D1E90034D01AC31844F10004C1E90034F6
:10D07000A6F50013B3F5400F09D2074B1B681A0A37
:10D080001B069C19054B42F10005C3E9004570BC25
:10D0900002F0F4BF18210021A46300212021002107
:10D0A000D9B101230D4A8340D2E8EFCF4CEA030CFB
:10D0B000C2E8E1CF0029F7D14FF48033084A83401A
:10D0C000C2F80433074BD3E8AF3FC340DB0742BF8E
:10D0D0004FF48002044BC3F800217047A063002185
:10D0E000006001419C63002100E100E00D4B1868E5
:10D0F000010A0006BFF35F8F0B4BD3F804351818F5
:10D1000041F10001B3F5801F0AD2084BD3E9002397
:10D11000904271EB030303D210F1807041F10001E2
:10D12000704700BFA463002100600141202100215D
:10D130002DE9F04F85B016461F4604469DF840A0E5
:10D14000FFF76AFF0190FFF7D1FFB04271EB0703D1
:10D1500052D23B4B301A67EB0101984271F100014A
:10D160004DD2384B03EB0413D3E902239F4208BF8F
:10D17000964258D04FF48038334908FA04F82046D4
:10D1800026F07F4BC1F8488304F02CFB4FF00309D5
:10D19000584604F15005AD00ADB205F1824504F5E5
:10D1A000A87305F5B0350293029A20F07F4341F849
:10D1B0002230C1F84483D1F80435244AC01A033818
:10D1C00020F07F4090422ED9286868B1D1F804350C
:10D1D000A3EB0B0020F07F40B0F5000F039322D9A2
:10D1E000204604F0FFFA039BBAF1000F07D109EBC8
:10D1F000030009F10109D7E7BAF1000F09D06FF078
:10D20000150520460199FFF74BFF284605B0BDE8FC
:10D21000F08F01230E4AA340D2E8EF0F1843C2E873
:10D22000E10F0029F8D107490E982301C8500F9B40
:10D2300001EB04120025C2E902675360E1E700BF79
:10D24000010080000821002100600141FDFF7F00F6
:10D250009C6300217FB500254FF0FF304FF0FF3178
:10D26000194C1A4B0226C4F80833C4F84833184B3B
:10D27000C4F80855C3E902014FF480334FF480022B
:10D28000C4F80433134B0521C4F804631620C3F813
:10D2900080212A46FEF79CFB1620FEF769FB01233E
:10D2A0000D4AA360236013600C4B0D4A009328467F
:10D2B0000023CDE90155FFF73BFF3046FFF71EFA8B
:10D2C000284604B070BD00BF0060014103000F009C
:10D2D0000821002100E100E0A063002159D00101F4
:10D2E000FFFF7F002DE9F74304F051F82A4BD3F8F4
:10D2F000042390070BD5D3F8042142B10022C3F8D0
:10D300000421264AD3F80431136801331360224AFA
:10D31000D2F80433D90320D5214BD3E8EF1F21F0F5
:10D320000100C3E8E40F002CF7D1CB0702D4D2F8F8
:10D33000403193B10025184CC4F84051D4F8403125
:10D34000FFF7D4FEEFF3108272B6164BD3E90267F3
:10D35000B042B94104D282F3108803B0BDE8F08333
:10D360004FF0FF38D3E900104FF0FF391D60C3E9DB
:10D3700002894FF48033C4F84833C4F84051D4F8DC
:10D38000403182F310880029E7D0009032463B46B6
:10D3900028468847E1E700BF00600141A4630021FF
:10D3A0009C6300210821002130B5431C124C85B03C
:10D3B00005D08442A8BF0446012CB8BF0124FFF762
:10D3C00095FE0E4B0C4DD3E90013401AB0F5000F3B
:10D3D0000FD22218AA4228BF2A4600205218084914
:10D3E000CDE90100009143F10003FFF7A1FE05B074
:10D3F00030BD2A46F1E700BFFFFF7F001821002162
:10D4000059D0010108B5FFF771FE024B1B68C01A25
:10D4100008BD00BF1821002102460B46014801F05B
:10D420001BBE00BF24090021014801F08DBE00BFD2
:10D43000240900211FB500240A2201940294CDF88A
:10D440000B400091014601A805F083FF009A01A955
:10D45000074803F098FB074803F095FB84F3118815
:10D46000BFF36F8F0323184602DF04B010BD00BF67
:10D47000544102018A400201F0B506468BB00D46C8
:10D480002648274905F0FFFC05A8E3F799F9254848
:10D4900005F0E3FB00283BD0234B02A80293E3F7FF
:10D4A000D3F9002837D14FF0FF304FF0FF31FFF7AD
:10D4B000B3FF044638B91D491D48E3F73FF9044658
:10D4C00020B1FFF7B1FF20460BB0F0BD41F64C573D
:10D4D00003A80397F8F7CCFF20B1FFF7A5FF6FF083
:10D4E0008504F0E7012301A88DF80430F8F7B8FFB0
:10D4F0000028F2D104A80497F8F7C2FF0028ECD165
:10D50000FFF792FF33690B481D60FEF785FFDAE7EE
:10D510006FF01204D7E76FF01504D4E7AC63002175
:10D52000A91802013435020169D601012821002120
:10D5300081D601013DD6010130B53B4885B0E2F707
:10D54000DDFF044600286AD1E3F74CF9E3F756F90A
:10D55000E3F760F9F8F76AFBF8F76CFBF8F76CFB98
:10D56000F8F766FBF8F766FBF8F766FBF8F766FB7B
:10D570000F230121204601AA8DF80430E3F70AF8B1
:10D5800000284BDB01250221204601AA8DF804501A
:10D59000E3F700F8002841DB08230721204601AA11
:10D5A000ADF80430E2F7F6FF002837DB4FF01B132D
:10D5B000019340F203230321204601AAADF808306D
:10D5C000E2F7E8FF002829DB0421204601AA8DF8B4
:10D5D0000450E2F7DFFF002820DB1F23062120464E
:10D5E00001AAADF80430E2F7D5FF002816DB0323CB
:10D5F0000521204601AA8DF80430E2F7CBFF002870
:10D600000CDB43F6AA5398420CDD84F31188BFF378
:10D610006F8F0423184602DF6FF00B00044620468C
:10D6200005B030BD2046F9E735D401010149024873
:10D6300005F045BCAC630021D85E0021094B93F88E
:10D640004730042B02D1810709D47047022B02D145
:10D65000020704D47047082B03D1830601D5FFF7D6
:10D66000E5BF70474464002110B403460A460348EE
:10D6700081680C681946234610BC184734350201EE
:10D6800070B53B4C94F84730E3B194F84730042B25
:10D6900041D120783E2827D0FF282BD00025637861
:10D6A0000233472B5AD800220023294603F071FE8B
:10D6B000064620BBBDB1002384F84730BDE870406A
:10D6C000FFF7B4BF4FF0FF304FF0FF31FFF7A4FE7C
:10D6D00048B9204604F1470100F02AFC0546FFF74F
:10D6E000A3FE002DD1D070BDA578022D14BF00255A
:10D6F0000125D4E7A57805F0FD05802DF6E76278D1
:10D700001B4902320C3003F0E8FD3146194B1B680F
:10D7100019489847CFE7022B14D100220023082094
:10D72000FEF758FE05460028DDD062880432472AFD
:10D7300014D80F4905F10C0003F0CFFD0D4B29461D
:10D740001B68E5E7082BB6D1002200232020FEF756
:10D7500041FE628805460028E8D1C4E7002383F330
:10D760001188BFF36F8F0423184602DFA3E700BFC1
:10D7700044640021A863002194350201F7B5B54C3B
:10D78000064623780588002B40F0CC8304238DF8CF
:10D790000730B14B1F68AFB10DF106030DF1070261
:10D7A000611CB84701280DD09DF80630002B6FD1C1
:10D7B0009DF807300E22A37001236270E370A580EC
:10D7C000A0716EE0B5F5105F4FEA95230ED2002BE5
:10D7D0005DD0013B072B0CD8DFE813F00D000B00E8
:10D7E0004500C40012010B000B002C013F2B00F080
:10D7F000778201208BE0304640F2064230F9033B4D
:10D80000934210D040F21D42934229D0012040F2B1
:10D8100006439D4240F05E830F2363700423E07053
:10D82000A3700123F7E0F8F79DFE42F264039D42E6
:10D8300040F23E8342F285039D4268D842F267037C
:10D840009D4200F24D8342F266039D425FD10F2359
:10D8500063700423A37001236622E070237156E3F2
:10D86000F8F782FEE1E7304640F6354130F8032B09
:10D8700013B28B423ADC40F62C418B421DDC40F661
:10D880000142934241D040F60342934242D00120EC
:10D890000F2363700423A3700123E0702371A4F8A5
:10D8A00005500123237040F635439D4240F08580AA
:10D8B000A379002B00F0B2807FE0A2F62D43082B65
:10D8C000E5D801A252F823F01BD901018FD801013C
:10D8D0008FD801018FD801012DD901018FD8010105
:10D8E00033D901018FD801013BD9010140F67B42B8
:10D8F000934225D040F67C4293422AD040F66342C0
:10D900009342C4D1F8F7FCFC01E0F8F7ECFC0128E5
:10D91000BDD04DE7E3F77CF8F9E79DF807304F49B4
:10D9200003338DF80730F8F7E3FCF0E7F8F7E2FC93
:10D93000EDE703F0F0FFC0B2E9E7F8F7DFFCE6E758
:10D940009DF80730454904338DF80730F8F7DDFCC2
:10D95000DDE79DF80730414902338DF80730F8F7CD
:10D96000D6FCD4E73388A3F58053013B082B4CD871
:10D97000DFE803F0050E264B4B4B4B4B3D009DF86B
:10D980000730364808338DF80730F8F792FDBEE7C8
:10D990009DF80730314E403330468DF8073003F0A4
:10D9A00085FF0E229DF807306270A37000220123CC
:10D9B000A580E370A27106F8073C002003B0F0BD1B
:10D9C00000239DF807100E200831A1700121234A81
:10D9D000A37113605360E37A607023F0600343F037
:10D9E0006003E170A580E37202F8071CE5E79DF88B
:10D9F00007301A4806338DF80730F8F75CFD86E7E4
:10DA000041F2054332889A420AD00F2363700423FF
:10DA1000A3700123E3702371A4F805502370CCE7B1
:10DA20009DF807300D490333F01C8DF80730F8F7E7
:10DA30009DFD6CE7304642F24E0130F8033B1AB2CE
:10DA40008A4242F264016EDCB2F5005F08DC8D426E
:10DA50005EE000BF8C640021BC6300219364002160
:10DA6000A3F50053013B4D2B4FD8DFE813F06300C3
:10DA7000700079004E0082008500880091009400BB
:10DA800097009A009D00A000A300A600AF00B2007E
:10DA9000B500B800BB00BE00C700CA00D300DC0060
:10DAA000DF00E800F1004E004E004E004E004E0038
:10DAB0004E004E004E004E004E00060109010C01C2
:10DAC0000F014E004E0018011B014E001E012701E0
:10DAD0002A014E004E004E004E004E004E004E00F9
:10DAE0004E004E004E004E004E004E004E004E00C6
:10DAF0004E004E004E004E004E004E004E004E00B6
:10DB00004E002D014E004E00360142F264039D424C
:10DB100040F0C8810F2363700423A3700123E370D6
:10DB200064222371F3E142F27C039A428FD1F8F729
:10DB300017FD01E0F8F7C1FC42F264039D427FF457
:10DB400074AE0F2363700423E070A37093E09DF81C
:10DB50000730CF4803338DF80730F8F7B3FCEBE715
:10DB60009DF80730CA4808338DF80730F8F7ACFC49
:10DB7000E2E7F8F7ABFCDFE7F8F7AAFCDCE79DF893
:10DB80000730C34801338DF80730F8F7A3FCD3E71B
:10DB9000F8F7A2FCD0E7F8F7A1FCCDE7F8F7A0FC76
:10DBA000CAE7F8F79FFCC7E7F8F79EFCC4E7F8F769
:10DBB0009DFCC1E7F8F79CFCBEE79DF80730B44830
:10DBC00001338DF80730F8F795FCB5E7F8F794FCCA
:10DBD000B2E7F8F793FCAFE7F8F792FCACE7F8F799
:10DBE00091FCA9E7F8F790FCA6E79DF80730A84953
:10DBF00007338DF80730F8F789FC9DE7F8F788FCC4
:10DC00009AE79DF80730A24910338DF80730F8F7EE
:10DC100081FC91E79DF807309D4808338DF8073067
:10DC2000F8F77AFC88E7F8F779FC85E79DF8073084
:10DC3000974902338DF80730F8F772FC7CE79DF8BE
:10DC40000730934902338DF80730F8F76DFC73E71E
:10DC50009DF8073008338DF80730FF23E371E37236
:10DC600042F264039D4240F018810F236370042345
:10DC7000A3700023E370012352E7F8F759FC5BE738
:10DC8000F8F758FC58E7F8F757FC55E79DF80730C8
:10DC90007F4801338DF80730F8F750FC4CE7F8F770
:10DCA0004FFC49E7F8F74EFC46E79DF80730784906
:10DCB00004338DF80730F8F747FC3DE7F8F746FCEA
:10DCC0003AE7F8F745FC37E79DF80730704802332C
:10DCD0008DF80730F8F73EFC2EE7F8F73DFC2BE710
:10DCE00030464FF60B4230F8033B934222D8B3F54F
:10DCF0007C4F01D801206BE0A3F57C43013B0A2B4C
:10DD0000F8D801A252F823F0C1DD0101DDDD0101E7
:10DD1000F5DC0101F5DC0101F5DC01012BDE01017F
:10DD2000F5DC0101F5DC010107DE010119DE01016D
:10DD300031DE010103F2FE2292B21B2ADAD8A3F5EA
:10DD40007D43023B1B2BD5D801A252F823F000BF24
:10DD500043DE010149DE01014FDE010155DE010113
:10DD6000F5DC0101F5DC0101F5DC01015BDE0101FF
:10DD7000F5DC0101F5DC010161DE0101F5DC0101E9
:10DD8000F5DC0101F5DC0101F5DC0101F5DC010147
:10DD900067DE0101F5DC01016DDE0101F5DC010149
:10DDA0007FDE0101F5DC0101F5DC0101F5DC01019B
:10DDB000F5DC010185DE01018BDE010195DE01014B
:10DDC0009DF8073032480C338DF80730F8F7A1FA88
:10DDD0004FF6025225F0080393427EE000209DF8A2
:10DDE000073040338DF80730294B1880E37923F052
:10DDF000230343F02303E371237A23F0070343F063
:10DE000007032372E4E79DF80730214817338DF8A4
:10DE10000730F8F79CFADBE79DF807301C48203301
:10DE20008DF80730F8F7B7FAD2E7F8F78EFACFE7B0
:10DE30009DF80730164801338DF80730F8F7C8FA17
:10DE4000C6E7F8F7DBFAC3E7F8F70AFBC0E7F8F72D
:10DE500009FBBDE7F8F70CFBBAE7F8F70BFBB7E7F0
:10DE6000F8F70CFBB4E7F8F70BFBB1E79DF80730C8
:10DE7000074904338DF80730F8F704FBA8E7F8F7F3
:10DE800010FBA5E7F8F70FFBA2E7F8F70EFB9FE7FB
:10DE900093640021F8F70BFB9AE708D942F2850357
:10DEA0000020C9E414D942F285030120C4E4002013
:10DEB00042F219039D421ED842F20C039D427FF6A6
:10DEC000A6ACA5F500530D3B41F241229BB20CE0FC
:10DED0000120EDE740F21D439D423FF49DAC16E565
:10DEE000A5F50153283B114A9BB222FA03F3DB0745
:10DEF0007FF50DAD90E442F232039D420BD10F232A
:10DF000063700423A37001233222E07023716271D5
:10DF10002022A27182E5A5F50153033B012B3FF6B8
:10DF2000F6AC79E44FF0FF3048E500BF2F80402089
:10DF300038B5094C0D4623781BB9BDE83840F8F7D1
:10DF4000C2B9A278611C023205F0DCF9002004237A
:10DF500020702B7038BD00BF8C6400211FB50024D9
:10DF60000A2201940294CDF80B400091014601A8C9
:10DF700005F0EFF9009A01A9074802F004FE0748EE
:10DF800002F001FE84F31188BFF36F8F032318465C
:10DF900002DF04B010BD00BF854102018A400201CA
:10DFA000322337B50125ADF8043000231A21684625
:10DFB000104A8DF80630ADF800508DF80230F7F7B2
:10DFC0007FFA044690B94FF4AF60F7F7F1F82A46AC
:10DFD00021460C20FDF7FCFC2A4621461120FDF7C6
:10DFE000F7FC2A4621460820FDF7F2FC204603B044
:10DFF00030BD00BF5DDF01010149024804F05FBF91
:10E00000C0630021D85E002137B500240C4D6FF0AD
:10E0100009034FF4806228460A49009401F0B4FADB
:10E020000949284604F082FF0849094804F02BFFFB
:10E03000224604211A20FDF7CBFC204603B030BD58
:10E04000D85E0021D86E00219A41020145190201D3
:10E05000C063002110B9024B1B681847704700BF0E
:10E06000D0630021014B01201B681847D0630021B9
:10E0700028B1012807D100200349F6F7CDBF034B93
:10E0800001201B681847704755E00101D06300214B
:10E09000014B186000207047D06300210022D3009C
:10E0A00003F1FF7303F58033D3F80013013107D078
:10E0B000D3F800130132D3F80433202A0B60EED1D9
:10E0C000224BD3E94C32072B26D1023A032A204BAC
:10E0D00028D9D3F80024D10732D41C4BD3F83021EF
:10E0E000072A19D1D3F83431023B032B02D8194A3D
:10E0F000D35C8BB17F23184A1849C2F8183100232A
:10E10000C1F8043EC1F8083EC2F82431C2F82C31EF
:10E1100002F57F22C2F81031114B1A68114BC3F877
:10E120004425704710498A5C002AD2D0D3F80024D5
:10E13000D207CED50022C3F81421C3F81821C8E7AE
:10E140006FF00102C3F80024C7E700BF0000FF0121
:10E1500000500041A441020100200041000008419C
:10E160000080FF0100600041A8410201014B1860DE
:10E17000704700BFD463002110B5054B14461868E2
:10E1800003F024FC0028A4BF2070002010BD00BFB5
:10E19000D46300210123024A8340C2F8043570474A
:10E1A00000F00041036803F01F025B09026004D025
:10E1B000012B034818BF002070470248704700BF7A
:10E1C00000088C4100058C41034A4309D35C00F0F0
:10E1D0001F001844C0B27047AC410201034611F061
:10E1E000010030B5CCB210D1A207C4F3400018D55D
:10E1F0000D4A106A58600D4B1062D3F83031072B6E
:10E2000010D0003818BF01200BE00949074D0A6AF9
:10E210001A600A62D5F83051072D08BF096A002A32
:10E22000E2D030BD136AECE700088C410000FF012A
:10E2300000058C41F7B504460846FFF7C5FF04EB1F
:10E240004006B38A0D46DB072AD5204603F0F3FCCF
:10E250002946204603F05FFC50B1204603F071FCD4
:10E260000023276807EB8000C0F81035C0F8103590
:10E270002946204603F08EFC002101A8B1820195B9
:10E28000FFF790FF019B00EB8300D0F80022064BC4
:10E29000134043F00203C0F80032084603B0F0BD5B
:10E2A0006FF01500FAE700BFF0F0FCFF014803F043
:10E2B000A7BB00BFC408002110B504480C4603F0FA
:10E2C00085FB0028A4BF2070002010BDC4080021D9
:10E2D0002DE9F04F804658F804AB8346DAF8041372
:10E2E0000822C9B2504689B041F0004103F07BFCDE
:10E2F000051E2BDA0023032106A8CDE90633FFF71C
:10E300006DFF604B0DF1180901930023019A0093F2
:10E3100012F8013B5C490192DA088A5C03F00703BA
:10E3200022FA03F3DA071AD4009B09F10409A3B116
:10E330004FF000410022504603F055FC032106A88F
:10E34000FFF74CFF0028DCD125F000450124002D0B
:10E3500040F0828009B0BDE8F08F0123D6E7009B32
:10E360004A4A13440293D9F800100029DCD091FAEC
:10E37000A1F1B1FA81F1029B1C7841EA44142046D4
:10E38000FFF722FF0BEB4000878AC808BB08039306
:10E39000012319F8002001F0070103FA01F122EA34
:10E3A000010209F8002005A80594FFF7FBFE059A75
:10E3B000039B803250F82220C7F382065B07374662
:10E3C000C2F301422CD54046D6B221463A4603F06C
:10E3D000C2FB05A80594FFF7E5FE059B803350F8C6
:10E3E0002330C3F301439E4207D10021204603F0AE
:10E3F00083FB3146204603F07FFB05A80594FFF719
:10E40000D1FE0122059B02FA03F30362204BD3F8ED
:10E410003031072B01BF036A036A036A036AA2E76C
:10E42000022A0DD10321204603F066FB06F0050306
:10E43000012BE2D13A462146404603F08CFBDCE753
:10E4400002212046039203F057FB032EF2D0039AD9
:10E45000032AD2D1022EECE795FAA5F3B3FA83F39F
:10E4600004FA03F225EA020503F5A2725AF8222003
:10E470000BEB43034046B3F87C10C2F3014203F0B8
:10E480006AFB64E7BC410201D03B0201BC410201CE
:10E490000000FF01F8B5084D0F462C79164644B927
:10E4A0001220FDF765FA012320462B712F60AE6024
:10E4B000F8BD6FF07700FBE7D8630021002330B58B
:10E4C0000D4A50F8234003F5A2710133102B42F896
:10E4D0002140F6D10023084A00F13C0103F5B27453
:10E4E00051F8045F0133102B42F82450F6D1D0F8D4
:10E4F0008030C2F8043330BD002001410123024ABC
:10E500008340C2F804337047002001410123024ACE
:10E510008340C2F80833704700200141F8B5012656
:10E5200000270B4B0B4DD3F80C4304B9F8BD94FAFC
:10E53000A4F0B0FA80F006FA00F324EA0304064BD4
:10E5400082009F502B68002BEFD0A9689847ECE71A
:10E5500000200141D8630021002101412DE9F04153
:10E560000E4617460C4D55F81C4FAC4203D16FF0C8
:10E570001200BDE8F081314654F8440CA4F144087F
:10E58000FCF7B9F930B9C7F800804046BDE8F04162
:10E5900003F0F7BD2468E8E7E463002110B5D0E993
:10E5A00009124A60416A00F124031160C0E909338D
:10E5B0004368044603B19847054A936833B112791A
:10E5C000062A03D90720226802499847002010BD77
:10E5D000E4630021BE4102012DE9F04107460D46EA
:10E5E0000B4E56F80C4FB44202D16FF001000AE016
:10E5F000394654F8240CA4F12408FCF77CF920B91E
:10E600001DB1C5F80080BDE8F0812468EBE700BFCC
:10E61000E463002138B5044600B30068F0B1037824
:10E62000E3B10021FFF7D8FFD8B104F11C03C4E91E
:10E6300007330D4B04F12402196903F10C00A162A8
:10E6400060621A610A609D6835B11B79062B03D997
:10E65000072022680549A847002038BD6FF0150043
:10E66000FBE76FF01000F8E7E4630021C04102010E
:10E6700038B5114C0546216819B1002001312160DF
:10E6800038BD2422204604F04AFE2B682846A360A9
:10E690002B79237104F10C03C4E9033304F114034F
:10E6A000C4E9053304F11C03C4E9073300F018F88A
:10E6B0000028E5D12168E0E7E463002138B5074D83
:10E6C0002C68013C2C6044B900F012F82146284621
:10E6D000BDE83840242204F022BE38BDE4630021A6
:10E6E00008B50248FFF796FF002008BDC8080021C2
:10E6F0000148FFF753BF00BFC80800210EB4431EF6
:10E70000062B33B588BF0020094B05AC54F8045BD9
:10E7100053F82010074802F036FA214628460194A3
:10E72000FCF7DAF902B0BDE8304003B0704700BF33
:10E73000D43B0201DB4102012DE9F04F87B01746BF
:10E740009B460446DDF840A000284BD0056A35B151
:10E750002D6825B1AC4607B0BDE8F04F6047E36ACD
:10E760009F4242D80026BE4203D1002007B0BDE838
:10E77000F08F182303FB06F8D4F83090A26909EB58
:10E7800008052B1D0593CAB9686969680368B5F85F
:10E790000CC0C91AAB680CF1030E5D1E05EB0C151D
:10E7A0005B4205EB4E051D4005EBCC038568063347
:10E7B000A94228BF4FF0FF3103F0B0FC59F80830F0
:10E7C00020460293236AB1B29B6A01935AF826301D
:10E7D00000935BF82620059B03F0F1FC0028C5D1CF
:10E7E0000136C0E76FF01500C0E70148BEE700BF83
:10E7F00040F4FFFF10B5044690B1028D43899A4260
:10E8000009D0084A936833B11279032A03D94268C0
:10E810000549042098472046BDE8104004F06BBD30
:10E8200010BD00BFE46300217642020130B5448987
:10E830008C4212D9436A013C5D882C4003EBC4032F
:10E8400059609A60BFF35B8F426A538801335380EB
:10E85000438D01334385002030BD0148FCE700BFF4
:10E8600041F4FFFF70B4039E144660B1006A50B1DA
:10E870004BB1013407D0002E05DBD0F8844014B131
:10E88000A44670BC6047014870BC70472DF8FFFF7C
:10E8900070B4039E144660B1006A50B14BB10134AC
:10E8A00007D0002E05DBD0F8944014B1A44670BC0C
:10E8B0006047014870BC70472DF8FFFF2DE9FF4706
:10E8C000DDF834800E4691469A460546002876D0FB
:10E8D000002974D0B8F1000F71D001F164073846F7
:10E8E00003F0FDFDBAF1FF3F49D1346E06F150024D
:10E8F00004F18000844204F01F0C07D2C4F34111DC
:10E9000052F8211021FA0CF1C90736D4012104F084
:10E910007F04600952F8203004F5806A01FA0CF196
:10E9200004F201440B4304F07F0442F820303466C3
:10E930006B6C4A4603930E9B2946CDE901830C9BE1
:10E9400030460093534603F079FE384600F07EFCD3
:10E950002C7874B196F8A4405CB1AB6A013330D125
:10E960000021284603F0FAFD044610B1284603F0C2
:10E97000CBFD204604B0BDE8F0870134BAE7BAF514
:10E98000806FD5D3AAF580637F2B06F150010FD895
:10E99000580951F8204003F01F0324FA03F2D2076C
:10E9A0000BD4012202FA03F3234341F82030BFE7DE
:10E9B000054C384600F04AFCDBE7044CF9E7024C12
:10E9C000D7E70024D5E700BF2DF8FFFF29F8FFFFA8
:10E9D00008B583681A0C0AD1094A93682BB11279D9
:10E9E000022A02D9032007499847002008BDA3F551
:10E9F000803383601B0C0CBF01200020F6E700BFB2
:10EA0000E46300219842020138B50446E0B100F108
:10EA10006405284603F063FED4F8B4309B6953B90B
:10EA2000D4F8A840103C002C00DC084C284603F029
:10EA300054FE204638BD012BF7D1D4F8BC0003F0BA
:10EA400036FDA0F11004EEE7014CF2E72EF8FFFFCF
:10EA50002DF8FFFF38B50446E0B100F16405284603
:10EA600003F03DFED4F8B4309B6953B9D4F8AC4000
:10EA7000103C002C00DC084C284603F02EFE2046FB
:10EA800038BD012BF7D1D4F8B80003F010FDA0F188
:10EA90001004EEE7014CF2E72EF8FFFF2DF8FFFF20
:10EAA0002DE9F04385B00F46904603A90D9A05461F
:10EAB000994603F0D5FF0446E0B10C9E039BD5F8C0
:10EAC000C0009E42A8BF1E460168D0F808C0611A67
:10EAD00033464A46614528BF4FF0FF3103F0E4FA60
:10EAE0002346424639462846009603F059FF05B0B2
:10EAF000BDE8F0830048FAE72EF8FFFF2DE9F04764
:10EB00008AB00D46DDE9129716469846044620B9AC
:10EB1000954E30460AB0BDE8F0870029F8D0002BAA
:10EB2000F6D00021A822C0F8D01004F0F8FB012292
:10EB300004F16400114604F083F98C4BC4F8B4501E
:10EB4000E667AC62C4F88430894BC4F88830894BDE
:10EB5000C4F88C30884BC4F89030884BC4F894309B
:10EB6000874BC4F89830874BC4F89C30864BC4F868
:10EB7000A030AB693BB9002FCAD097E8070004F179
:10EB8000A80383E80700AB69012B04D02B6A03BB01
:10EB90006FF00506BDE7D4F8B400002800F0E0806F
:10EBA000036A002BF4D09B68002BF1D098474206F3
:10EBB0000CD50021D4F8B40003F07FFD06460028F0
:10EBC000A7D10021212004F04AFAE4E74307F8D551
:10EBD000DCE71B69002BDBD028469847AB69012B8B
:10EBE00004BF0023286100F0010008BF6B6184F8B6
:10EBF000A400AB69DBB93B7A002B00F0838009F1FC
:10EC00000C03C4F8C430B9F1000F81D0D9F8082042
:10EC1000002A00F0A3809B68002B00F09F805B4BD4
:10EC200004935B4B05935B4B06935B4B0793AB697C
:10EC3000012B07D1564B0493544B0593564B069327
:10EC4000544B0793002104F1C803C4E9323306ABE7
:10EC5000C4F8C080022200932846019104ABFFF75C
:10EC60006BFD064600287FF454AFAB693BB92B6BB4
:10EC70001B68C4F8B8302B6B9B69C4F8BC30AB6917
:10EC8000012B07D12B6B9B69C4F8B8302B6B1B6829
:10EC9000C4F8BC30D4F8BC0003F0A4FB2B6B1B6899
:10ECA000C3F82C802B6B9B69C3F82C80D5F818A077
:10ECB000BAF1000F07D1D4F8AC300993D4F8B830CA
:10ECC0005B89534520D894F8A430C4E9004463B16B
:10ECD00000230293314B204601933523304A03949D
:10ECE000009304F1080103F0A9FCAB69002B7FF449
:10ECF00010AF0421284603F0E0FC074600283FF44B
:10ED000008AF26E04B467CE74846D4F8AC1003F049
:10ED100098FE0746E0B1D8F800100890411AD8F8DC
:10ED200008000022814228BF4FF0FF31D4F8AC30F8
:10ED3000404603F0F3F9009701230022D4F8B8000D
:10ED400008A903F069FA074618B90AF1010AB5E7FC
:10ED5000144F284603F0AAFC3E46DAE6114ED8E6E8
:10ED60006FF01506D5E600BF2DF8FFFFA1EA0101FF
:10ED700033270201A1280201612A0201A12902010F
:10ED8000EB26020155EA010109EA0101B94202013B
:10ED9000BF420201D5280201D926020157270201EC
:10EDA000C54202012EF8FFFFF0B505460E46174694
:10EDB00087B0074A03AC07CA84E807000C9A3146BB
:10EDC000009228463A460194FFF798FE07B0F0BD3E
:10EDD0003837020138B5EFF31185402383F31288E9
:10EDE000BFF36F8F064B9C6803F04AFF85F31188D1
:10EDF000BFF36F8F2046BDE83840FCF761BD00BF10
:10EE00000864002138B50A4B53F82040013053F80C
:10EE10002050A54200D838BD606830B1037FDB07C1
:10EE200001D403F002FF0834F3E723689847FAE7B8
:10EE3000F43B0201012270B52A4B032086B01A7000
:10EE4000FFF7E0FFFDF730FAFCF75AFA0420FFF76E
:10EE5000D9FF254C254D2646AE4204F1300410D38F
:10EE600000F01CFE204C224EAC4226D300F02AFEBD
:10EE7000FBF7D0FD1F4A137B23F00103137306B089
:10EE800070BD54F80C3C059354F8103C049354F8AE
:10EE9000143C039354F8183C029354F81C3C01931F
:10EEA00054F8203C009354E90A2354E90C0100F083
:10EEB000E7FB54F8303C5E65CDE7D4E90A23B3F1B3
:10EEC000FF3F08BFB2F1FF3F05D052EA03012068BF
:10EED00003D100F0B3FE3034C6E73146183001F0FC
:10EEE0003DF8F8E7D4640021C4360201C4360201BB
:10EEF00021300201F85F00210023012270B586B0A5
:10EF0000CDE904230F220193CDE9023214230F4DE2
:10EF10000F4E03FB00550F4906EBC016044601EBEC
:10EF200000214FF4807230460B4B009500F0A8FB97
:10EF3000737B2C7423F004037373084B013403EBCD
:10EF4000C423EE606B6006B070BD00BF0864002192
:10EF5000785F0021D87A0021CF2C0201D8720021DD
:10EF6000BFB50020FFF74EFF2A4B03F5006282F386
:10EF7000088883F30A88E023274C002584F8223090
:10EF80002023E37725766576A57684F82050636A9A
:10EF9000224F43F4E023636284F82350FCF70EFC15
:10EFA000FCF77AFD4FF0FF33A362E362FCF700FF4A
:10EFB000FCF796FD1A4800F0CDFBFDF76DF9012036
:10EFC000FFF720FF0220174CFFF71CFF00F0AEFDFB
:10EFD000154B16495C61164B4FF4007205930123E3
:10EFE0002046CDE90353CDE901553B46009500F09D
:10EFF00047FB0646627B204622F00402627303F060
:10F00000D2FF2846FFF778FF3A4631462046FCF704
:10F0100023FD00BFD872002100ED00E035EE0101B4
:10F0200078600021F85F002108640021D87B00216E
:10F03000C842020138B5064C064DAC4201D300204F
:10F0400038BD2046D4E9011203F01DFE1434F4E764
:10F0500010090021240900212DE9F3410446174637
:10F060001E46EFF31188402383F31288BFF36F8F9E
:10F07000C368334A7BB180689168884219D057EAE7
:10F08000060318D188F31188BFF36F8F6FF00F005C
:10F0900002B0BDE8F081916891F90E100133E36090
:10F0A00093682161A36088F31188BFF36F8F0020FC
:10F0B000EEE72169F2E791F90E1090F90E306FF04A
:10F0C0007E029942A8BF19469142B8BF11468B42B1
:10F0D0002DDD03F007FE054622464146CDE90076C8
:10F0E000184800F021FC0028E1D0EFF311864023FE
:10F0F00083F31288BFF36F8FA068D0B123682169B2
:10F100009C420AD04BB193F90E309942A8BF1946E0
:10F110006FF07E039942B8BF194603F0E3FD40B19A
:10F120003146084800F094FC6FF00A00B0E7002573
:10F13000D2E7002DF4D186F31188BFF36F8FF3E788
:10F1400008640021D5640021F8B583680546002BCA
:10F150003FD0234A926893423ED1C368012B03D922
:10F16000013BC3600020F8BDEFF31187402383F318
:10F170001288BFF36F8F0169806803F0B3FD2C68BC
:10F18000A54207D10023C5E9023387F31188BFF3F5
:10F190006F8FE7E7002CF5D0D4E90032002613602A
:10F1A0005A60637BC4E9006623F002036373A660C0
:10F1B00004F1180003F0B3FFAC6094F90E30204660
:10F1C0002B61E66703F0EFFE3946064800F040FC8D
:10F1D000C8E76FF01500C6E74FF0FF30C3E700BF88
:10F1E00008640021D564002137B51146EFF311857D
:10F1F000402282F31288BFF36F8F04689CB12368AA
:10F20000426823F003039442036008BF4360012176
:10F21000204603F0F4FD044685F31188BFF36F8F99
:10F22000204603B030BD51EA0302F5D000F10802D8
:10F23000CDE900131046294600F076FB0028EFD1F7
:10F24000014B9B681C69EBE70864002170B5EFF384
:10F250001186402383F31288BFF36F8F0468A042A6
:10F260001AD0CCB1D4E90032002513605A60637B18
:10F27000C4E9005523F002036373A56004F118008C
:10F2800003F04DFF2046E56703F08DFE3146BDE8F3
:10F2900070400A4800F0DCBBD0E902329A4218BF45
:10F2A000013302218360103003F0EEFF0028EDD11E
:10F2B00086F31188BFF36F8F70BD00BFD564002146
:10F2C00013B5EFF31181402484F31288BFF36F8FDD
:10F2D000846844B1013C846081F31188BFF36F8F6F
:10F2E000002002B010BD52EA030406D181F3118858
:10F2F000BFF36F8F6FF00F00F3E7CDE900230246F5
:10F30000014800F011FBECE7D56400212DE9FF4135
:10F31000044640274E4EEFF3118887F31288BFF35F
:10F320006F8FD4F88450F5B9022104F19C0003F0EA
:10F3300097FD002868D004F1940500220121284699
:10F3400003F0B4FE0028F8D100234FF0FF320293FF
:10F350004FF0FF334146CDE900233E4804F18C02D3
:10F3600000F036FDD7E7D4F888202B689542C4F822
:10F37000843008BFC4F88830D4F89C3043F00203CE
:10F38000C4F89C30EB6823F0040343F00103EB6006
:10F390006B6888F31188BFF36F8F28469847EFF3A7
:10F3A000118887F31288BFF36F8FEB68D80623F0BC
:10F3B000010236D4EA60EB689A0716D5306823F06C
:10F3C0000203EB6088B10021036870B14268954286
:10F3D00035D1036869BB72683360824200D17360C3
:10F3E000002340F8083BFFF731FFD4F89C3023F0AE
:10F3F0000203C4F89C3088F31188BFF36F8FDB05DC
:10F4000089D400F09BFB86E7D4F89C30D9069BD5C5
:10F41000C4F89C0088F31188BFF36F8F04B0BDE877
:10F42000F08123F01103EB6005F11000FFF70EFFF0
:10F43000C1E70B607368834208BF7160D0E723B1F6
:10F440001A68014618461346BFE71A46F9E700BF97
:10F4500028640021D5640021F8B5C36804469A07E2
:10F460000F46C3F340062ED45B071CD40B680BB9C0
:10F4700083680B60E368DD0742BFA36802263B6038
:10F480003D6858BF0126002D3CD0204B9A68D5F826
:10F4900080309A420AD0D5F89C30D807C3F3800256
:10F4A00014D46FF0120600233B6025E003F038FD12
:10F4B000D5F89C300028F0D1D907C3F3C002F0D5AD
:10F4C00052B15B0708D46FF00F06ECE7002AFAD1BF
:10F4D000C3F3C003002BF6D100232360D5F8883096
:10F4E00063B9C5E92144284603F0C6FCE36843F04C
:10F4F0000403E3603B68A3603046F8BD1C60C5F8B8
:10F500008840F0E76FF01506CDE700BF08640021E2
:10F51000F8B5C368064603F00503002B0C4614BF7C
:10F52000012700271CD085680122002104F110006A
:10F5300003F086FC2046134903F0A5FCE36843F082
:10F540001003E360F3685B0712D5336823606BB97F
:10F55000D5F8883033B9C5E92144284603F08CFC3E
:10F560003846F8BD1C60C5F88840F6E73460F4E71B
:10F57000D5F884302360D5F88830C5F88440002B56
:10F58000EBD1F0E7772E0201F0B50446002089B0F8
:10F59000C4E921000E9D04F18C00C4E9230004F1AC
:10F5A0009400C4E9250055B32879002840F20110E1
:10F5B00008BF0120C4F89C0000204FF0FF364FF038
:10F5C000FF37CDE90330CDE90100CDE906672046DC
:10F5D0000C4B009400F092F855B1296811B1204607
:10F5E00003F0A4FC6B791BB1237B43F0010323736D
:10F5F000204600F023FBC4F8804009B0F0BD012094
:10F60000D8E700BF0DF3010130B50A46044685B0C6
:10F61000EFF31185402383F31288BFF36F8FD0F887
:10F620009C3013F0060F1DD1B1B143F00C03C4F8A8
:10F630009C30204603F020FC00234FF0FF32029361
:10F640004FF0FF332946CDE900230C4804F1940222
:10F6500000F0BEFB05B030BDD0F8840048B143F0E7
:10F660000403E4E743F00401C0F89C10002AE0D052
:10F67000DBE785F31188BFF36F8FEBE7D5640021DB
:10F680002DE9F043984685B000F15803C0E91633E0
:10F69000109B002603730423073222F007054373EF
:10F6A0000F9B01EB05090F4683734946C0E90666C7
:10F6B0008660C6730446FBF78DFE0E9B073020F074
:10F6C0000700E066C4E9197502930D9BA9EB0009D8
:10F6D00001930C9B4A460093394643462046FCF76B
:10F6E0009FF9054B66659B6803B11B6F484623670E
:10F6F00005B0BDE8F08300BF08640021F0B5002527
:10F7000087B00595109DDDE9127604950F9D04469E
:10F7100003950E9D02950D9D01950C9D0095FFF79B
:10F72000AFFFB6F1FF3F08BFB7F1FF3F05D056EA84
:10F73000070305D1204600F081FA204607B0F0BD4E
:10F740003A46334604F11800014900F007FCF4E79B
:10F750002130020140F201138381002310B50446D9
:10F76000C0E9193300F04EFD014B9C6010BD00BF95
:10F77000086400216FF00A01084A9368D9670849B4
:10F7800098674B6843F080534B60002383F31188E4
:10F79000BFF36F8F9368D86F704700BF0864002174
:10F7A00000ED00E070B590F90D20437B002A36DBB8
:10F7B000D90634D11B4C63F07F032246437352F8C1
:10F7C000183FE169934207D1C0E900210860E06178
:10F7D00011E09942F8D01B68002BF5D090F90E503B
:10F7E00093F90E60B542F4D0AE42F2DD5968C0E93B
:10F7F000003108605860A569954200D005B9E568F8
:10F80000A3685A7BD20604D1DA897F2A01D9AA6972
:10F8100032B1AB4202D0284600F01AFB656170BDE0
:10F820006361FCE70864002138B590F90D200146BA
:10F83000002A437B04DA03F07F03437303F079FB70
:10F840000D4D2A4652F8184FAB68944200D004B9C7
:10F85000EC688B4207D05A7BD20604D1DA897F2A22
:10F8600001D9A2692AB1A34202D0204600F0F0FAE1
:10F8700023466B6138BD00BF08640021B3F1FF3F30
:10F8800008BFB2F1FF3F03D00249183000F066BB59
:10F89000704700BF2130020170B590F90D2001467C
:10F8A000002A437B04DA03F07F03437303F041FB38
:10F8B0001C4C4B7B224663F07F034B7352F8183F7E
:10F8C000E069934207D1C1E900200160E16111E0E4
:10F8D0009842F8D01B68002BF5D091F90E5093F99F
:10F8E0000E60B542F4D0AE42F2DD5868C1E9003096
:10F8F00001605960A569A368954200D005B9E56823
:10F900008B4207D05A7BD20604D1DA897F2A01D9EB
:10F91000AA692AB1AB4202D0284600F099FA2B46D8
:10F92000636170BD08640021F8B5DDE906670D4B21
:10F930000C46986811460C4A1060EFF31182402281
:10F9400082F31288BFF36F8F9D68284603F003FB94
:10F95000284632463B46FFF791FF2046BDE8F84077
:10F96000FFF708BF0864002130640021F8B50446A1
:10F97000EFF31187402383F31288BFF36F8F437B2C
:10F9800049B203F01F02002A0CBF0126002639D11C
:10F9900003F07F032D4D437303F0CBFA2A46437BDC
:10F9A000817363F07F03437352F8183F934227D16A
:10F9B000E869C4E900200460EC610FE09842F8D0E7
:10F9C0001B68002BF5D093F90EC06145F6D08C452D
:10F9D000F4DD5968C4E900310C605C60AC699442A4
:10F9E00000D004B9EC68AB689C4202D0204600F01D
:10F9F0002FFA6C6187F31188BFF36F8F3046F8BD23
:10FA0000E869DEE79B071ED5856803F092FA8173EB
:10FA10002B689D4209D16B68C4E900531C606C607F
:10FA2000E8E76A689342F6D01B68002BF3D093F99D
:10FA30000E209142F5D08A42F3DD5A68C4E90032C3
:10FA400014605C60D6E78173D4E700BF08640021CE
:10FA500049B9EFF3058030B9054B5A699B689A4262
:10FA600001D0FFF787BE81F31188BFF36F8F704716
:10FA700008640021034648B9EFF3058232B9064A0B
:10FA800051699268914201D0FFF774BE83F31188E7
:10FA9000BFF36F8F704700BF08640021EFF311813F
:10FAA000402383F31288BFF36F8F054B9A68D37B93
:10FAB000013BD37381F31188BFF36F8F704700BF91
:10FAC0000864002170B5EFF31186402383F3128898
:10FAD000BFF36F8F144DAB68DA7B0132DA732A46BD
:10FAE00052F8184F944200D004B9EC685A7BD20601
:10FAF00004D1DA897F2A01D9A2692AB1A34202D0AE
:10FB0000204600F0A5F923466B6186F31188BFF308
:10FB10006F8FEFF31180402383F31288BFF36F8F51
:10FB2000BDE87040FFF7A6BF08640021024B03F157
:10FB30001802C3E9062270470864002170B5EFF38C
:10FB40001186402383F31288BFF36F8F1B4CA1688B
:10FB5000E0690B68814214BF1A46002249680B60B5
:10FB60005960A368E1692AB9154AC3E900210B600D
:10FB7000E3610CE093F90E0092F90E50A84218D000
:10FB8000854216DD5168C3E900210B605360A56909
:10FB90000B4B9D4200D005B9E568A3689D4202D099
:10FBA000284600F055F965613046BDE87040FFF722
:10FBB000E1BD8A42D8D01268D5E700BF08640021B1
:10FBC00020640021F8B550EA010306460C4603D133
:10FBD000FFF7B4FF0020F8BDEFF31187402383F354
:10FBE0001288BFF36F8F124D124BA8681860FFF791
:10FBF0001BFEA868234632460F49183000F0AEF9C4
:10FC0000AA680446537B384643F004035373FFF756
:10FC1000B1FDAB68D3E90A23B3F1004F08BF002A56
:10FC2000D8D103F0A4FA201A20EAE070D3E700BF8D
:10FC300008640021306400212130020138B50446F7
:10FC4000EFF31185402383F31288BFF36F8F437B5B
:10FC50005B070FD5183003F062FA637B204623F070
:10FC600004036373FFF79EFD2946BDE8384004484E
:10FC7000FFF7EEBE85F31188BFF36F8F38BD00BF6D
:10FC8000D5640021014B9868704700BF08640021CB
:10FC90002DE9F8430446077BEFF31185402383F3F6
:10FCA0001288BFF36F8F437B190705D585F3118841
:10FCB000BFF36F8FBDE8F883D90943F008025DD127
:10FCC0004273A36813B1204603F03BF904F1180016
:10FCD00003F025FAA66D04F15808B04511D04FF095
:10FCE000000976B1304603F02CF906F1180003F054
:10FCF00016FA3046C6F87C90FFF754FDA66DB04565
:10FD0000EFD1DFF8C080D8F808309C423ED1EFF345
:10FD10000589B9F1000918BF4FF00109D8F818603A
:10FD2000294A964200D00EB9D8F80C60B34202D0EE
:10FD3000304600F08DF82046C8F8146001F05EFAF5
:10FD4000B9F1000F02D02148FFF704FDD8F80830C0
:10FD50009C4231D1EFF3058373BB227BD20718D4C9
:10FD60002846FFF707FDFB07A4D5002383F311887E
:10FD7000BFF36F8F0423184602DF9BE703F07F0376
:10FD800043F00803437303F0D4F89AE74FF00009F7
:10FD9000C4E785F31188BFF36F8F83F31188BFF336
:10FDA0006F8F0423184602DFEFF31180402383F3A3
:10FDB0001288BFF36F8FD4E785F31188BFF36F8F7D
:10FDC000D1E700BF08640021206400217860002191
:10FDD000D3B5DDE90667089CCDE90067FFF7A4FD10
:10FDE0001CB1034B9B681B69236002B0D0BD00BFF0
:10FDF000086400210122044BC01A044BC010584370
:10FE0000034B1A54704700BFF8600021ABAAAAAA9E
:10FE1000D5640021C3897F2B12D80A4B1B6863B1BC
:10FE2000094B90F90E201B689A4209DB437BDB06E5
:10FE300006D1064BC31A18BF012303F00100704717
:10FE40000023FAE7F408002134640021785F0021E0
:10FE500070B50E4B0E4C1E7C182303FB0644054662
:10FE6000204603F05CF900220A4B28469A55FFF71A
:10FE7000D1FF48B1084B2046BDE870401A680749D9
:10FE8000013AD31700F06AB870BD00BF08640021C2
:10FE9000F8600021D5640021F4080021F5FD01017E
:10FEA00038B5EFF31185402383F31288BFF36F8FCA
:10FEB000104B114A9C681068A04206D1FFF7C8FF9A
:10FEC00085F31188BFF36F8F38BD00211B7C116053
:10FED0000A4AD35C002BF3D02046FFF79BFF002893
:10FEE000EED0637BDB0602D12046FFF7D5FC20462F
:10FEF000E4E700BF0864002130640021D5640021DC
:10FF0000024B1868984208BF00207047F80800218B
:10FF1000034B1B680BB9FDF775BA0020704700BF93
:10FF20003864002130B570B10B4B5B6898420AD041
:10FF3000036843B1D3E90421D0E90445121941EB28
:10FF40000501C3E90421D0E9003213605A6000239F
:10FF5000C0E9003330BD00BFF8080021B3F1FF3F16
:10FF600008BFB2F1FF3F2DE9F84F04469946154608
:10FF70001F467AD08160EFF31188402383F3128803
:10FF8000BFF36F8FB9F1000FDFF8E4A020DBFFF7BC
:10FF9000BFFFDAE90027013549F100092D1849EBC7
:10FFA000E07306464FF00109C4E90453AD1843EB72
:10FFB0000707FFF7A5FF0346DFF8B8E0DEF804A067
:10FFC000EBB9C4E900EACAF80040CEF8044028E0E2
:10FFD0006FF00103DAE900125B1A4FF0FF3161EBB9
:10FFE00002025B1B62EB0902012B72F10001BCBF34
:10FFF000012300224FF00009C0E90432D9E7D3E918
:020000040102F7
:10000000041CD4E904208A4270EB0C0B24DA891A10
:100010005A686CEB0000C3E90410C4E900321460B4
:100020005C60FFF76DFF84420ED1134B1B685BB918
:10003000B9F1000F02D1FFF76BFF0646304603F01F
:1000400057F80021FDF7B0F988F31188BFF36F8FDF
:1000500028463946BDE8F88F521A60EB0C009A45E5
:10006000C4E90420ADD01B68AAE700252F46EFE7BE
:1000700010610021F8080021386400212DE9F047C3
:10008000EFF31185402383F31288BFF36F8FDFF8FE
:10009000A0900026C9F800000027FFF731FFDFF825
:1000A0009480D9F80030D8E900ECD91750B1D0E9E4
:1000B0000442A34271EB020A1BDAE41A62EB01026A
:1000C000C0E90442002413EB0E034CEB010120466F
:1000D000C8E90031C9F8004003F00AF82146FDF7ED
:1000E00063F985F31188BFF36F8FBDE8F047FFF721
:1000F000D7BE14EB0E024CEBE473C0E90467C8E909
:100100000023FFF70FFF85F31188BFF36F8F83681C
:100110009847EFF31185402383F31288BFF36F8F65
:10012000D9F800301B1BC9F80030FFF7E9FEB8E72B
:10013000386400211061002110B5EFF311844023D1
:1001400083F31288BFF36F8FFFF7E2FE0346054A81
:10015000D2E90001181841EBE37184F31188BFF371
:100160006F8F10BD1061002138B50346EFF3118584
:10017000402282F31288BFF36F8FC160012181603A
:100180000068834206D185F31188BFF36F8F002486
:10019000204638BDD0E9003213605A600023C0E920
:1001A000003303F02EF8294604460248FFF750FCBE
:1001B000EEE700BFD66400212DE9F04105460E466A
:1001C000174602F0ADFE28B9074B9B681C6F14B9A7
:1001D000BDE8F081054C3B46324629462046BDE845
:1001E000F04103F070B800BF08640021100900213D
:1001F00002460021014B024803F065B8CD0A020116
:1002000010090021014B0367704700BF100900214E
:100210000146024A0020FFF7CFBF00BFCD0A02010E
:1002200007B5074B4FF40072009306494FF0FF33B8
:100230000548FFF7A9F9002003B05DF804FB00BFF3
:100240000C3C0201D88D0021186100212DE9F04FEE
:1002500043688DB015468046029383789A0740F133
:100260000D8100240E78002E00F00A81252E0BD07F
:100270004B1C0393013441463046029B98470028AB
:10028000C0F2F6800399EDE74E788B1C252E039380
:10029000F0D00027B946BB46BBF11F0F38D8A6F1F6
:1002A0002003102B0AD8DFE803F02A0909300909D6
:1002B000092109090928092D09091F00A6F13003A0
:1002C000092B33D92A2E37D11BF0400F55F8043BA8
:1002D00040F08280002BA7BF4BF0200B9946C3F162
:1002E00000094BF0280B01E04BF0010B039B13F8C6
:1002F000016B0393002ECFD130E04BF0020B4BF09B
:10030000040BF3E74BF0080BF0E74BF0100BEDE7B5
:10031000BBF17F0F19D8A6F13003092BD2D81BF0FF
:10032000400F03D00A2101FB0737DFE70A214BF01A
:10033000200B01FB0939D9E72E2E06D11BF0400F07
:1003400040F09E804BF0400BD0E76C2E31D02BD884
:10035000682E36D06A2E3CD04C2E3AD0002F46F074
:100360002003B8BF2BF04002A3F16501BCBF0027FA
:100370001FFA82FB022901D9612B2FD107350727EC
:10038000DFF8ACA225F0070508351BF0080F66D092
:100390000AEB070B56465E4563D1A4EB0A0AA9EBAC
:1003A000070906EB0A026FE1742E9FD07A2E9DD0CA
:1003B000D4E71BF0800F18BF4BF4007B4BF0800B91
:1003C00094E71BF4807F18BF4BF4007B4BF4807BD9
:1003D0008CE74BF4207B89E71F4687E7A6F1630192
:1003E000122900F2F080DFE811F013004F00EE0058
:1003F000EE00EE00EE004F00EE00EE00EE00EE002C
:10040000EE00FE00E900EE00EE001B00EE00AF0083
:1004100055F8043B01270DF1180A8DF81830B4E7A0
:1004200055F804AB834BBAF1000F08BF9A461BF096
:10043000400F504614BF39464FF0FF3102F099FF8C
:100440000746A2E741462020029B984700280FDB81
:10045000013EB742F6D34C44B146A41B98E74E4642
:10046000F7E7414616F8010B029B9847002892DAFD
:1004700098F8023043F0040388F802304FF0FF345C
:1004800020460DB0BDE8F08F1BF0800F34D01BF478
:10049000007F2CD0073525F00705AA4669685AF871
:1004A000080B2BF010050029ADB237DA404245F4B5
:1004B000806561EB41010DF1180B0A235A4602F0E9
:1004C00064FFA0EB0B0301936B0662D5019B25F043
:1004D00001019F4289B240F3A180002E00F0998073
:1004E00015F0100240F09C80BB460D4623E0AA4662
:1004F0005AF8040BC117D4E7AA461BF4807F5AF8B8
:10050000041B01D10846F5E71BF4007F19BF48B270
:1005100041F3C01108B241F3C031C2E750EA010310
:10052000C9D11BF0400FC6D0002FC4D12BF011024F
:10053000BB46019795B240F2064115EA01021CBF85
:100540000BF1010B00222CE02BF010020A231FFA02
:1005500082FB1BF0800C49D01BF4007115BF0735DE
:10056000AA4625F007055AF8040B1EBFAA4669687B
:100570005AF8080B50EA010545D12BF016051BF07F
:10058000400FADB242D0002F40D12BF0170201979F
:1005900095B215F0100248D0019B002E42D103F114
:1005A000010B29075AD4EB0706D5D9456FDDA9EB16
:1005B0000B030199CB465F185B4649E04BF0100BEB
:1005C00010237826C5E7782B04D1C6F1780343F0D1
:1005D0001003BEE741462520029B98470028FFF6FE
:1005E00047AF023447E608230026B2E7AA461BF4C9
:1005F00080715AF8040BBDD01BF400711ABFC0B251
:10060000614680B2B6E72BF0060295B20DF1180BE9
:1006100054E725F01105BB46ADB28CE70D46B8E7AF
:100620003B460D4603F1020BBBE7DDF804B082E761
:10063000F8420201F1420201CDE904324146202094
:10064000029B98470028FFF613AF049B059A0133DD
:100650009945F1DCA4EB0B019B46CC180AB341464B
:100660003020029B98470028FFF602AF8EB9013474
:100670002744391B019B994224DC1D4655BB019A36
:10068000A9EB0B09554622441446914433E0019FDF
:1006900092E7023441463046029B98470028E7DA49
:1006A000E6E640F206410D42E2D015F0020F04F1F9
:1006B0000104414614BF2B20202015F4806F18BF81
:1006C0002D20E9E741463020029B0134984700285D
:1006D000CFDACDE606AB013D4146585D029B984717
:1006E0000028CBDAC4E641462020029B013498471B
:1006F0000028FFF6BDAEA9EB0403002BF3DCC1E537
:100700007047836800EBC101B3F5004F2CBF51F86F
:10071000220031F81200704700EBC1018068B0F58B
:10072000004F2CBF41F8223021F8123070470122CF
:1007300008B5FFF7E6FFD04008BD836800EBC101B4
:10074000B3F5004F08D34B681AB143F001034B6077
:10075000704723F00103FAE74B881AB143F0010315
:100760004B80704723F00103FAE753000122FFF7A3
:10077000D3BF8368B3F5004F34BF04230823C91ADD
:10078000081AC00870478368481CB3F5004F34BF8F
:10079000042308230833A0EBD300B0FA80F0C0F1A3
:1007A0001F0070472DE9F041174603220E4604460C
:1007B000FFF7A7FF8642054607F104080AD1012288
:1007C000E368BA4023EA0203E360002344F82830D8
:1007D000BDE8F081314602222046FFF792FF06462F
:1007E0002B4601460322204644F82850FFF794FF89
:1007F000334629462046BDE8F0410222FFF78CBF70
:1008000070B50D4686680446FFF791FFB6F5004FB8
:10081000014601D3012809D02046FFF7B4FF29463D
:1008200002462046BDE87040FFF7BCBF70BD2DE911
:10083000F0470546FFF7A7FF05EB800ADAF81090AE
:1008400088460646B9F1000F1BD00327DAF810409E
:1008500028462146FFF76BFF404507D33246214625
:100860002846FFF79FFF2046BDE8F0870322214678
:100870002846FFF746FF013FCAF8100001D0814526
:10088000E4D14FF0FF34EB680136B4401C40EAD0AD
:1008900094FAA4F2B2FA82F2131D55F82340DEE76F
:1008A0002DE9F04114460E460546FFF740FFA4EB44
:1008B0000608371B0744424631462846FFF755FFD6
:1008C0003A4621462846FFF750FF4346002221467C
:1008D0002846FFF721FF21462846FFF728FF3B4621
:1008E000211800222846BDE8F041FFF715BF2DE989
:1008F000F041164604460F46FFF719FF31460546FC
:100900002046FFF714FF05442A4639462046FFF7E4
:100910002CFF31462046FFF70AFF2B4631180022F4
:100920002046BDE8F041FFF7F7BE2DE9F0410D4646
:1009300086680446FFF7FBFEB6F5004F014601D37B
:10094000012832D02046FFF71EFF04EB80010E691C
:1009500096B90122E36882401343E36002220D61ED
:100960002B4629462046FFF7D7FE0322294620467C
:10097000BDE8F041FFF7D0BE022231462046FFF726
:10098000C0FE0746034629462046FFF7C5FE032260
:10099000334629462046FFF7BFFE39462B46204600
:1009A000FFF7BAFE02223146E1E7BDE8F081F8B573
:1009B0000C460546FFF7BBFE2618012231462846A5
:1009C000FFF79FFEC3070CD431462846FFF718FFF8
:1009D00021462846FFF7ABFE214622182846FFF79E
:1009E00086FF002221462846FFF78BFE271A0122A8
:1009F00039462846FFF785FE10EA020613D139462C
:100A00002846FFF7FDFE214632462846FFF779FECD
:100A10002246211A2846FFF76AFF21463246284619
:100A2000FFF76FFE241A21462846BDE8F840FFF77D
:100A30007CBF38B571B1056800222846FFF799FEE2
:100A4000044601462846FFF778FE2146BDE83840B7
:100A5000FFF7ADBF38BD70B5056809B9002070BD9E
:100A6000AB6801F00704B3F5004F2CBF0822042245
:100A700007341444E40804EBD1049C4228BF1C460C
:100A800028462146FFF7D3FE06460028E6D0014659
:100A90002846FFF74CFEA04209D934443146284687
:100AA0002246FFF7FDFE21462846FFF73EFF284677
:100AB00001223146FFF741FEAB68B3F5004F34BF6A
:100AC0000423082303EBC6031844C8E71146FFF7C5
:100AD000C2BFB2F5802F2CBF082304232DE9F041BB
:100AE0000026D21A8C18CD1D25F0070524F0070426
:100AF000641BE408056021462846AC60EE60FFF701
:100B000042FE421D9200013002F107074FEAD7076B
:100B10003146A2F1100205F11000B8BF324602F0D2
:100B2000FEFB3A4631462846FFF71FFE3346324663
:100B300031462846FFF7F0FDA4EB0708284631466A
:100B40000122FFF7FAFD42463946FFF70EFE3B460B
:100B5000324639462846FFF7DFFD21462846FFF793
:100B600004FE4346324621462846FFF7D5FD21467E
:100B700028460122FFF7E1FD3946BDE8F041FFF7C5
:100B8000D4BE002070470FB407B504A951F8040B78
:100B90000191F9F7A1FF03B05DF804EB04B07047D1
:100BA000038B13F0070305D10368002B0CBF002053
:100BB00003207047022B05D1408BB0FA80F040092A
:100BC00080007047012B05D10368002B0CBF00206B
:100BD000052070470020704710B50C4600B111B9D0
:100BE0006FF0150010BD081D00F093F80028F9D132
:100BF000A368032BF6D9F3E72DE9F0410D4607462C
:100C00001946281D90461E4600F097F8044638B154
:100C10003346424629463846A446BDE8F04160477F
:100C2000BDE8F08110B4EFF31182402484F3128800
:100C3000BFF36F8F416110BC0121F9F77FBF38B559
:100C40000C46054658B151B10B6843B14B6833B1FE
:100C50001C22002102F063FB00202C6138BD6FF0E4
:100C60001500FBE770B505460E46FFF7B5FF041EFD
:100C700014DBEFF31182402383F31288BFF36F8FED
:100C80004FF6FF716B8B2C8B8B4204F0070407D15E
:100C900082F31188BFF36F8F6FF00A04204670BD96
:100CA000022C0CD101336B8382F31188BFF36F8F59
:100CB0000023224631462846FFF79EFFEEE7062C2A
:100CC00014D8DFE804F004131313041A04000023FB
:100CD00033606B683BB9C5E90066ACB902212846B0
:100CE000F9F72CFFDAE71E606E60F6E782F31188F1
:100CF000BFF36F8F6FF00404D0E782F31188BFF366
:100D00006F8F6FF08504C9E782F31188BFF36F8F8F
:100D1000C4E7034640B1426802F00302022A06D04B
:100D2000032A04D0012A05D06FF0150070471A6815
:100D3000002AF9D000209860704710B54268034639
:100D400002F00302022A4FF00004816007D0032A58
:100D500002D05C60002001E018685C6010BD18687B
:100D60005C600028F6D0FFF7FFF9F3E7704720B189
:100D700083682BB11B6833B118476FF015007047BB
:100D80006FF0040070471846704730B450B149B155
:100D900042B1846854B1E56845B141F8040BE36899
:100DA00030BC18476FF0150030BC70476FF004007E
:100DB000FAE730B41346044650B1006860B1826867
:100DC0006AB195685DB10A46AC46616830BC60475F
:100DD0006FF0150030BC70476FF00100FAE76FF05C
:100DE0000400F7E70369D3F8780370476FF08500D4
:100DF0007047084608B5114618B101F0D2FB002033
:100E000008BD6FF00100FBE7084608B5114618B1B0
:100E100001F0BEFB002008BD6FF00100FBE713B539
:100E200004460846216901F55D71D1E8AF1F02292A
:100E300009D15BB168B100931346D0E90912FDF7FF
:100E400027FD02B010BD6FF00F00FAE76FF04C0005
:100E5000F7E76FF00100F4E72DE9F8431C46DDE900
:100E60000853164698460F46006939B34AB344B34F
:100E70006A1C43F10003022A73F1000324D22268A2
:100E800042B1D0F878339A4204D96FF00B00236056
:100E9000BDE8F88305EA080909F101035A425A41FD
:100EA0002146384601F086FB88B9B8F1FF3F08BFFC
:100EB000B5F1FF3FF0D06FF06800E9E76FF0010097
:100EC000E6E76FF01500E3E76FF08500E0E73060DC
:100ED0000020DDE701F0D3BB38B50D46044600F134
:100EE00048012846F9F707FD30B1284604F1C00152
:100EF000F9F701FD20B90120782303FB004038BD3C
:100F00000020FCE702F5307102F5347001F0D7BF24
:100F1000D0F8B030A0F53070003B18BF012300EBD3
:100F20008300D0F8AC0201F0D4BAC86828B10969CE
:100F300083681B680BB1002218477047FEF704B99D
:100F4000D0E8EF3FC0E8E21F002AF9D1704710B5A2
:100F5000436804691B68C4F8703304F5EC7001F051
:100F6000C9FE002104F55D70FFF7EAFF084610BDD9
:100F70002DE9F74317460D4691B30B7883B3D0F8AC
:100F8000C440A4F5E27914344FF0FF324FF0FF3340
:100F90002046FEF761F82A46484601A9F9F7FEFE09
:100FA000019E80462EB9204603B0BDE8F043FFF70E
:100FB000C5BF58B12046FFF7C1FF3B462A46314620
:100FC000484603B0BDE8F043F9F7C6BE1F222946E4
:100FD00006F1480002F0BDF986F86780B766E2E7DF
:100FE00003B0BDE8F083030103EB4003093323F0B2
:100FF000030303EBC00348430330083320F003002E
:101000001844400070472DE9F84306464FF00108A8
:101010000569D0F8049005F55D77D7E8EF3F022B1E
:1010200003D1C7E8E28F002AF7D141D195F86C309F
:10103000002B40D195F8E430002B3CD12846D5F860
:10104000701300F054F8044680BB73683669D3E926
:10105000050183681B693BB322469847044628BBB9
:10106000414606F53470FEF7CFFAD6F8500305F581
:10107000F876FAF725FC3046D9F8001000F072F83F
:10108000044698B90146D022304602F048F921467C
:101090004FF4F672284602F042F921463846FFF72F
:1010A0004FFF2046BDE8F8836FF057040221F5E7B3
:1010B0006FF07704F5E76FF00F04F2E710B508461C
:1010C000029B114652B993F86C202AB901221846A6
:1010D00083F86C20F9F74EFF002010BD1A6F94685A
:1010E000002CF9D05A6FA047F6E701F0C8BA38B51E
:1010F0000D46044660B1F03001F060FD0DB10020F6
:1011000038BDC4F8C451C4F8C851C4F8CC51F6E78E
:101110006FF01500F4E70268D2F8C83013B1D2F8C6
:10112000C41018477047704783690BB9C36B1970B7
:101130007047012070478369012B03D1C36B187876
:10114000C0B270470420704738B5C41DE400204683
:10115000FFF74EF8054618B12246002102F0DFF8ED
:10116000284638BD38B504463822002102F0D7F8A9
:101170001822002104F1A40002F0D1F81822002165
:1011800004F18C0002F0CBF8D4F8C000FDF732FB7C
:10119000D4F8BC00FDF72EFBD4F8803004F15405E0
:1011A0000BB12846984738220021284602F0B7F8AC
:1011B000FDF784FA002038BD02F0B1B802F0A2B801
:1011C00001460068FAF7D2B808B5FAF7FFF8BDE8AB
:1011D0000840FAF71FB900210120FAF7C7B808B58F
:1011E000FAF710FCFAF79AF8FAF7A4F8FAF75AFCAB
:1011F000FDF7B6FE436E83F30B8870476FF08500F2
:10120000704761B662B680F31188BFF36F8F704785
:1012100008B5FAF775FF72B6002383F31188BFF3A0
:101220006F8FFAF7EBFF50B1BFF34F8F30BF00BFA6
:1012300000BF00BF00BF00BF00BF00BF00BF62B65D
:10124000BFF36F8F08BD10B50446FAF759FF72B6A9
:10125000002383F31188BFF36F8FFAF7CFFF50B1EC
:10126000BFF34F8F20BF00BF00BF00BF00BF00BF54
:1012700000BF00BF00BF84F31188BFF36F8F62B659
:1012800010BD40E800F313F4803FD8B208BF6FF000
:101290001500704730B50C684B6885B00A894D89D8
:1012A0000094013B24F01F04234402F01F0242EA91
:1012B000451223F01F0369468DF808200393FAF7BF
:1012C00045FC05B030BD08B5FAF700FE002008BDAA
:1012D0007047416A8968FAF765BE30B4848805684A
:1012E000A3188380281930BC02F00CB810B583888D
:1012F00002685C1C8480D154D01810BD03468288DB
:10130000521A8280006808441860704710B503685C
:1013100001211C78FFF7F2FF204610BD8388C288A8
:101320008168D21A03685B1AD01A7047F0B5D0F8FA
:101330000473064617F002001CBFC2F180701860EB
:101340004FF0000518BF01204FF0010C4FF4803E14
:101350000CFA05F40C4214D00EFA05F43C4210D0FD
:1013600005F5A87456F82440A41A34F07F4408BF49
:101370004FF0807408B91C6002E01868A042FAD8E7
:1013800001200135042DE3D1F0BDFAF7A7BEFAF72D
:10139000A5BE0220FBF71EB80C220369C9B201FBEF
:1013A0000233186C00F00700704770B5C9B20369CA
:1013B000EFF31185402484F31288BFF36F8F0C265E
:1013C00006FB0134246C14F0C00408D0A24206D0FD
:1013D00085F31188BFF36F8F4FF0FF3070BD01228E
:1013E00006FB01331A6485F31188BFF36F8F4368DE
:1013F00003EBC1035B6898470020EFE78022FFF70B
:10140000D4BFF8B5069F0469C9B2EFF31186402531
:1014100085F31288BFF36F8F0C2505FB0144256C03
:1014200005F0070CBCF1010F0CD1276486F311887D
:10143000BFF36F8FC4E90E23436853F831309847E8
:101440000020F8BD05F0C005AF4286F31188BFF358
:101450006F8F0CBF6FF077004FF0FF30F1E713B5DF
:1014600080240094FFF7CDFF02B010BD10B41C24FF
:101470000069CBB203FB0400002110BC10471046EA
:10148000FDF7E4BE00F093BAFCF7ECBD4368002022
:101490005B681B690B607047436802EA01005B6888
:1014A00021EA020198600020D9607047436800205B
:1014B0005B6899607047436800205B68D96070473B
:1014C00043685A68536821EA03000B40906000208B
:1014D000D360704710B503695868F8B1884219D1D4
:1014E0009C680868A142586000D19860002008609C
:1014F0002AB15A680A609A68596002B99960002056
:1015000010E0814206D10868206098688142EDD1E0
:101510009C60EBE7044600680028F2D1002AE8D17D
:101520006FF0150010BDFCF7D3BE30B451F8205059
:101530000C4601EB80023DB10146AC46D4F8800078
:10154000002330BC126C604730BC704710B5006996
:101550000F299FBF00EB810440F821202364002065
:1015600088BF6FF0150010BD002070471020704735
:101570000F290ED843685B68CB40DB0709D50122F1
:101580008B00DBB203F1824303F5903300201A6035
:1015900070476FF01500704738B50F290C46056984
:1015A00033D843681B68CB40DB072ED5D5F88410B1
:1015B00021FA04F303F001031AB99BB96FF0770025
:1015C00022E0002BFAD111B91220FAF7D1F9012249
:1015D000D5F88430A2401343C5F88430E0B2FCF75C
:1015E0008DFF0AE0E0B2FCF791FF0122D5F88430CC
:1015F000A24023EA0203C5F88430D5F8843013B939
:101600001220FAF7C3F9002038BD6FF01500FBE790
:1016100030B543681360057A446804EBC504A342FF
:1016200002D36FF0010030BD5C798C4201D00833E9
:10163000F0E70020F7E743681B68D3F88004C3F89D
:101640008004704742681368D3F8100150B100203D
:10165000126A12780A70C3F81001D3F8102101221F
:101660001A6070474FF0FF30704702680346D2F8A7
:10167000580140B95B68DB0706D4D2F82001003876
:1016800018BF012070470120704743681B68D3F8DA
:101690000423D20517D5D3F82021A2B1EFF311828C
:1016A000402181F31288BFF36F8FD3F8201131B13D
:1016B0000021C3F82011D3F820110121D96082F351
:1016C0001188BFF36F8FD3F85831704713B501AA53
:1016D0000446FFF79DFF002805DB019B226819796E
:1016E0001868FBF7BDFB02B010BD6FF085007047B6
:1016F000F8B50546002205211320FAF769F91320F1
:10170000FAF736F96C680121E068FFF7DFFF6B68D4
:1017100019682369C1F82435A27D637D207D1343B8
:10172000228B02431343C1F86C356E68D6E900433F
:1017300013F001033CD02F6904F10C0107F10802FA
:1017400004F5907000F075F9002830DB387AFCF76A
:1017500021FD0823C4F80035F369C4F8443500239B
:10176000C4F848350123A360D4F85831002BFBD0CE
:101770000026C4F800656B683146D868FFF7A6FFFD
:101780006D683146E8682C68FFF7A0FF0823C4F8AD
:1017900000352A7A52B92B6AC4F834350123C4F8CB
:1017A0003835C4F81021D4F8102123600020F8BD8A
:1017B0000822C4F80025F269C4F84425C4F8483565
:1017C0000123A360D4F82031002BFBD00023C4F800
:1017D0002031D4F820310123E3604FF48073C4F842
:1017E0000433C1E7002200F150039B009BB203F1D8
:1017F000824303F5B0331A601B68704708B5FBF7E6
:1018000075FC08BD10B54FF0FF304FF0FF31FBF70E
:1018100003FE044628B9DEF7C1FF044618B1FBF702
:1018200003FE204610BDFBF7FFFD2046FAF7F4FD4E
:10183000F7E738B50B8A0D463BB101F10C00FFF715
:1018400065FD012818D0022803D06FF0150420464A
:1018500038BD4FF0FF304FF0FF31FBF7DDFD0446A0
:101860000028F4D1E868F4F723FD0446FBF7DCFD1B
:10187000ACB1FBF7DBFEEAE74FF0FF304FF0FF3192
:10188000FBF7CAFD04460028E1D1E868FBF776FFC4
:101890000446FBF7C9FD002CD9D1FBF7C7FE28464B
:1018A000FAF7FEFB0024D2E7FBF7EABE10B53122BF
:1018B0000021044601F033FD202323708023A37010
:1018C0006FF03F0363716FF01B03A3722823A373B0
:1018D0002223E3730423A3756FF008036376FF23C9
:1018E000A376E3767F232377302384F82030782390
:1018F00084F822306FF0090384F82330012384F840
:101900002430802384F82630042384F827304023B1
:1019100084F82D3010BD034607B59A8800689B797E
:101920000090ADF804208DF80630BDF8033068460D
:101930000A2B28BF0A23ADF80330F4F7DDFC03B00F
:101940005DF804FB08B54FF0FF314FF0FF30FBF7B7
:1019500063FDF8F7BBFFBDE80840FBF765BD6846CF
:1019600020F007018D4601B5FFF70FFDF3F700F8F2
:10197000BDE8014085467047684620F007018D4666
:1019800001B5F1F719FFBDE801408546704768468B
:1019900020F007018D4601B5F1F702FFBDE80140D7
:1019A0008546704708B5F8F7F8FE002008BD704777
:1019B000012802D10020F3F74BBB70477047F3F7C3
:1019C000D5B903460020184701F02BB9024610B5DF
:1019D000116891B1B1FA81F3C3F11F000123834073
:1019E00021EA0303D2E8EF4F8C4204D1C2E8EC3F76
:1019F000BCF1000FF6D1EBD110BD6FF00B00FBE78F
:101A000010B50368CB40DB0710D401238B4002687C
:101A100043EA0201D0E8EF4F944204D1C0E8EC1F42
:101A2000BCF1000FF6D1F2D1002010BD6FF015000F
:101A3000FBE770B50D460021064608461446FCF744
:101A40009BFB48B9237843F00043C6F880302378E5
:101A500043F00043C5F8803070BD41F00041C0F84C
:101A6000801000207047F7B51646DDE90847019061
:101A700001A81D46FCF796FB019BB6F1000C18BFB0
:101A80004FF0010C00EB83000B1E18BF0123002D4B
:101A900043EA4C0314BF4FF00C0C4FF0000C002C29
:101AA00043EA0C0314BF4FF4706C4FF0000C002F8E
:101AB00043EA0C0314BF4FF4403C4FF0000CD0F845
:101AC000002243EA0C0322EA030301B109780EB1B4
:101AD0003678760019430DB12D78AD0031430CB145
:101AE0002478240229430FB13F783F040C433C4340
:101AF000C0F8004203B0F0BD1FB50DF10F03019314
:101B000000238DF80F101A4619460093FFF7ABFF1C
:101B100005B05DF804FB10B504460846FCF754FB1D
:101B200004EB4004A08AC0F3401010BD10B5044679
:101B30000846FCF749FB04EB4004A08AC0F34000D0
:101B400010BD10B504460846FCF73EFB04EB40040C
:101B5000A08A400B10BD70B5044608461646FCF737
:101B600033FB083034F810300D46DA0509D5C3F3DD
:101B7000432304EBC3023146284654F833305268FD
:101B80009847A3682BB131462846E268BDE870400B
:101B9000184770BD10B504460846FCF715FB04EB6A
:101BA0004000838ADA051DD5C3F3432123F4F8539B
:101BB000838204F1120204F1720032F8023F13F43E
:101BC000807F03D0C3F3432399420BD08242F4D1E8
:101BD000002204EBC1035A6004F17800BDE8104014
:101BE000FFF70EBF10BDF0B5034600F5807400206E
:101BF00001270546844695420AD1D3F87C2132B1AB
:101C00000022C3F87C21D3F87C3140F00040F0BDC5
:101C100025F0404607FA06F6314209D0D4F800E034
:101C2000BEF1000F04D0C4F800C0D4F800E0304387
:101C300001350434DFE738B504460D46FFF76BFF86
:101C4000A8B12046FFF772FF88B92046FFF779FF59
:101C5000012322688340C2F80833236803EB800025
:101C6000D0F8103523F00303C0F8103538BD2846EE
:101C7000BDE838400021FFF73FBF2DE9F04317468C
:101C8000044685B00846FCF79FFAD7F800800E4658
:101C90000546B8F1000F1ED02046FFF747FF18B1E8
:101CA0002046FFF738FF20BB00230DF10F02CDE9DE
:101CB00000338DF80E308DF80F30304643460DF16D
:101CC0000E01FFF7D0FE04EB4502938A23F00203D6
:101CD00043F0010393827B689BB33146204693F81F
:101CE0000080D3F80490FFF721FF28B1B9F1000F6D
:101CF0001FD06FF0150027E004EB4500838A23F422
:101D0000604323F020038382B9F1000F11D0B8F1B2
:101D1000030FEED87B6821685B6893F800C04FEA38
:101D20008C031944B8F1000F11D1C1F81085C1F826
:101D3000108504EB4502938A23F01C0343EA8803D1
:101D40009382BB6843BB002005B0BDE8F083D1F8A7
:101D5000102522F00302C1F8102522681344D3F89D
:101D6000102522F44F3222F44072C3F810253202BB
:101D7000D3F8101502F47C5242EA08420A43C3F831
:101D8000102504EB4C03A3F87C60838A43EA4C33B0
:101D900043F020038382CCE73146D3E90078204624
:101DA000FFF7F8FE002FCED063689F4206D004F103
:101DB0007800FFF70BFE002804DAC5E7A368984512
:101DC000F5D1002004EBC003C3E9017804EB45051D
:101DD000AB8AC0B243EA402343F48073AB82B2E7DC
:101DE0002DE9F043054685B0084616461F46FCF728
:101DF000EBF90C46804626B32846FFF797FE18B944
:101E00002846FFF788FE18BB05EB4809B9F81430DF
:101E100013F01C0F02D07378012B19D001238DF819
:101E20000F3000232046CDE90063721CB31C0DF176
:101E30000F01FFF718FEB9F8143043F00303A9F8B7
:101E40001430002F3FD021462846FFF76FFE20B9FF
:101E50006FF0150005B0BDE8F08300223E782B68D6
:101E60004FEA860C03EB8603C3F81025C3F8102550
:101E700005EB4802938A23F4604323F02003938206
:101E8000787800B32968BF786144D1F81035000430
:101E900023F4991323F4F853C1F81035230200F406
:101EA000403003F47C5303433805D1F8105500F457
:101EB000801003432B43C1F81035938A43EA46331D
:101EC00043F0200393820020C4E7C0E90312704767
:101ED00070B504461546FFF71EFE48B10846FCF7EC
:101EE00073F904EB40040020A38A5B0B2B7070BDD8
:101EF0006FF01500FBE738B590F88C4005469CB9AB
:101F000060222146143001F00AFA2868C0F87C41AA
:101F1000D0F87C3140F30730F9F72AFD0123204641
:101F200085F88C30AB6738BD6FF07700FBE790F831
:101F30008C00003818BF01207047FCF77BB92DE9F1
:101F4000F34104461746FFF7E6FD0D462668F0B15B
:101F50002046FFF7EBFD8046C8B92046FFF7F1FDAC
:101F6000820002F5807346F80380F3582368134417
:101F7000D3F8102542F00102C3F8102527B1012340
:101F800022688340C2F8043302B0BDE8F081D6F87D
:101F900004332846002BA4BF4FF00043C6F8043397
:101FA000FCF712F904EB4004A38AC3F38203042B69
:101FB00011D0052B11D001A80195FCF7F3F8019B76
:101FC0000169D94001F001010231284602B0BDE8A3
:101FD000F041FFF791BD0321F7E70221F5E7FFF795
:101FE0002ABE2DE9F04389B0109E044689469046EA
:101FF0000021202268461F46129D01F090F91F2EF5
:1020000097BF01234FF0FF33B34003F1FF33236148
:10201000119BC4E90098C4E902766361183445B1A4
:102020000FCD0FC495E80F0084E80F0009B0BDE89C
:10203000F0836D46F4E773B50468661C31D085689B
:10204000A9422ED264182CD05E18AE4288BF6B1AFB
:10205000056A35B100930523A8470346184602B028
:1020600070BDBFF35B8F1946A41A101919B140EA6D
:102070000205AD070AD103290DDC013811448A425B
:10208000ECD010F8014F02F8014BF8E70078013965
:1020900002F8010BE9E750F8044B043942F8044B0D
:1020A000E9E76FF02103D9E773B50468651C32D006
:1020B0008568A9422FD264182DD05E18AE4288BF21
:1020C0006B1A456ACDB100930523A84702B070BDD5
:1020D00012F8015B013905701546A01819B140EAE4
:1020E0000206B607F4D103290ADC013D0144884207
:1020F0000CD1BFF35B8F1846E8E71946A41AEBE74B
:1021000055F8042B043940F8042BECE715F8012F9F
:1021100000F8012BEBE76FF02100D7E773B51C4601
:10212000036815465A1C29D08268914226D25B1852
:1021300024D066189642866A88BF541A36B10523A1
:102140002A460094B047204602B070BD1846224689
:102150004AB9294601F0E3F8BFF35B8FF3E700F8D3
:10216000015B013AF4E78307F9D14FF001336B4388
:10217000032AEEDD40F8043B043AF9E76FF0210052
:10218000E2E70020704710B4046B02460B4684B9A6
:10219000C1681F2998BF23FA01F4416861B18068C2
:1021A000834209D21069184051F82430184410BCF9
:1021B0007047234610BC18474FF0FF30F7E730B5A3
:1021C000059CC4E90002039A21811989E260049AFE
:1021D000618121856261D3E9002502EB0113C4E925
:1021E00006128A1C236203EB42036A1C13446D42ED
:1021F0002B406362836953B90139E2698B4202EB78
:10220000031206DB002393736FF07F03D373002068
:1022100030BD0133D381F0E72DE9F04FB0F830A0A5
:1022200004465546002685B002EB030891460E9AF7
:1022300000EBCA031FFA88FB9A63A3F83CB008F1CD
:10224000FF32C3690F1D0192B0451ADC238D25862C
:10225000A3EB0B032385236A61895A8801390A405D
:1022600003EB4203A3F804A0BFF35B8F0020226AB4
:10227000538801335380638D0133638505B0BDE816
:10228000F08FE06A2A0157F8041C03EB051502934E
:1022900003680392C91A83680837994228BF4FF030
:1022A000FF31FFF770FFDDE90232985000226A60CB
:1022B00057F8082CAA60019A9642ACBF002201226E
:1022C000B145D8BF42F00202AA810136ED89BBE7D1
:1022D000F0B550B3456A448E6B88A34230D0631C7E
:1022E00043864389BFF35B8F013B1C4005EBC4056C
:1022F0006B689EB209B1AD680D60D0F81CC09BB28E
:102300000CEB031100EBC3039D8F078D2F44013DA0
:1023100007859D878D896F070ED5058ECD8100219C
:102320000686986B996302B11480F0BD9D8FC989B0
:10233000013D0CEB01119D878D89ED07F6D4ECE78B
:102340000020F2E7C36903EB01139868704770B58A
:10235000C369C56A09015E586B6BE3B92C69621CDD
:1023600009BF6B6834401C68341B21462846FFF7C0
:102370000AFF864207D02B6901331C44AB689C429C
:10238000F3D34FF0FF342868431C09D0AB68A34255
:1023900006D9204470BD3146284698470446F2E7E6
:1023A0000020F7E770B5BFF35B8F0D46016A164654
:1023B000838E4A8804469A4212D05A1C82864289E9
:1023C000013A134001EB43018988298089B2FFF764
:1023D000BEFF2A88E36903EB02139B68336070BD7C
:1023E0000020FCE710B5026893691269920017D5C6
:1023F00043B9438E026A81694489013B1B1B02EB8E
:102400004102938003689B69012B08D1838E426A45
:1024100081694089013B1B1A02EBC102938010BD08
:1024200023B9026A138843F00103138003689B6990
:10243000012B01BF426A138843F001031380EEE7CA
:1024400010B5BFF35B8F036804461A699B6912F0ED
:10245000005F1AD07BB9036A426A5B888169013BDD
:1024600002EBC10292889B1A628D9BB29A4214D8E9
:102470000023638510BD012BFAD1436A026A5B8891
:102480008169013B02EB4102ECE763B9436A1B88B7
:10249000DB4303F00103002BEAD06369002BE7D094
:1024A00020469847E4E7012BE2D1036AEFE7036A8D
:1024B000828E598891420AD0418901390A4003EB42
:1024C00042039A88C36903EB02139868704700209F
:1024D0007047BFF35B8FC36803B1184770474FF075
:1024E000FF324FF0FF33FCF7EBBE10B1C36A01338C
:1024F000C362704738B1C26A013AC2621AB9026B4C
:1025000002B110470262704770B50446056A05F1D2
:1025100064063046FFF7E3FF636AA3F580637F2B11
:102520000BD801225909503503F01F039A4055F882
:10253000213023EA020345F82130D4E90F124A6022
:10254000E16B04F13C0311602046C4E90F33FFF74F
:10255000D1FF3046BDE87040FCF778BE10B5436A45
:102560008CB00A932023044602460B9102A8194618
:1025700000F038FB28230122CDE900322046352225
:10258000616A02ABFCF76EF900EAE0700CB010BDB6
:1025900030B1006A20B119B1D0F8883003B11847C2
:1025A000704730B1006A20B119B1D0F88C3003B156
:1025B0001847704730B1006A20B119B1D0F8903097
:1025C00003B11847002070472DE9F84306468846B6
:1025D000174699460468A64201D1002520E07A1CDE
:1025E000A4F13C0502D06B6ABB4219D0B8F1000FD0
:1025F00022D020224146284600F099FEE0B9B9F1E8
:10260000FF3F02D0AB6A4B450AD07B1C0BD024683D
:10261000B442E2D054F8183CA4F13C059F42E8D102
:102620002846BDE8F883AB6A0133F9D02468B44288
:10263000D3D0A4F13C05D9E72468CCE770B50546B2
:102640000C461E46CAB120232046194600F0CAFA9D
:102650000123E362049B6662A362059B25626363B8
:10266000069BA363079B63646A6804F13C03C4E9A7
:102670000F526B60226C136070BD0A70E8E710B5F2
:10268000044690B1036A83B102784AB193F8A4304A
:1026900033B1436AB3F5806F02D30121FFF75EFFC8
:1026A0002046BDE81040FFF72FBF10BD20B1036AE0
:1026B00013B15B6803B11847704708B530B1036ABE
:1026C0003BB1DB682BB19847002008BD6FF01500C7
:1026D000FBE76FF00500F8E77047FCF7B7BD4FF078
:1026E000FF324FF0FF33FCF7EBBDF8B50C4600F1BD
:1026F00064070546A4F110063846FFF7F0FF3046A0
:10270000FCF766F980B154F8083C24F8083CD5F889
:10271000CC3044F80C3C05F1C80344F8103CC5F833
:10272000CC6054F80C3C1E603846FFF7D6FF002002
:10273000F8BD38B50D4600F164042046FFF7CFFF21
:1027400055F8083C204603F5803345F8083CBDE8C1
:102750003840FFF7C2BF2DE9F04188B00E9C282A0F
:102760008846D4F8C0006ED101688568A8EB0101E5
:10277000A94228BF4FF0FF3120236A46FFF75BFCD8
:1027800004F16406D8F820703046FFF7A8FF3B46F6
:102790004FF0FF3269462046FFF716FFD8F8243085
:1027A0000546E0B1D0F8308003F00103B8F1000F26
:1027B00002D0DBB9AF6230E0002BFBD04FF0FF332B
:1027C00083623046FFF789FFAB6B83BBD4F8803060
:1027D000002B38D03A4669462046984733E0DB075D
:1027E0001FD43046FFF779FFE36FF1E74FF0FF3377
:1027F0008362FFF77AFE3046FFF76FFFAB6BA3B93A
:10280000D4F880301BB13A46694620469847304696
:10281000FFF765FF2846FFF76DFE3046FFF75DFFC7
:1028200011E03046FFF759FFD0E74FF00108284686
:102830009847D4F880301BB13A46694620469847FD
:10284000B8F1000FE3D1002008B0BDE8F081F0B589
:1028500004468E680D46B6B23146D0F8B80085B051
:10286000FFF770FDD4F8B43007469A6942B9009575
:10287000CDE902500123D4F8B80002A9FFF7CCFC3F
:10288000D4F8B4309B69012B08D13A463146D4F8CC
:10289000B80005B0BDE8F040FBF7C8BF05B0F0BD1B
:1028A00070B500F16406A1F1100504463046FFF74B
:1028B00016FF2846FCF78CF838B120462946FFF76A
:1028C000C6FFD4F8B800FFF7BBFD3046BDE8704046
:1028D000FFF703BF2DE9FF4103689E6A06F1640814
:1028E0004046FFF7FCFED6F8B4309B693BB1012BA4
:1028F00012D04046FFF7F1FE04B0BDE8F081D6F8F3
:10290000B8000DF10A0203A9FFF7E2FCD6F8B430D3
:1029100004469B69012B07D1D6F8B80003AA0DF134
:102920000A01FFF73FFD0446002CE2D0BDF80A3053
:1029300000216268A36030464FF0FF33FFF744FE8A
:102940000546FFF7D2FDA368404603F58033A36038
:10295000FFF7C3FE75B1AB6A696C013308BF23682A
:10296000284608BFAB622368A28900916F6B04F10F
:102970001001B8474046FFF7B2FE2846FFF7BAFD00
:102980002046FCF725F838B130462146FFF75FFFB7
:10299000D6F8B800FFF754FD4046FFF79EFE9FE7CC
:1029A0002DE9F041A3F1100653F8085C002388B02C
:1029B0000693ADF81E3004461023CDE904120E9F95
:1029C000D0F8C000ADF81C700168D0F808C0711ACA
:1029D0000DEB0302614528BF4FF0FF3104F164089D
:1029E000FFF762FB4046FFF77AFED4F8B430ADB291
:1029F0009B69CBB9D4F8A820D4F8B430D4F8BC0083
:102A00009B69C3B9CDE902620096012202A9FFF7D2
:102A100003FCD4F8BC00FFF713FD4046FFF75DFE52
:102A2000384608B0BDE8F0812946D4F8BC00FFF76D
:102A300089FC0246E0E7012BEBD12946FBF7F6FEC5
:102A4000E7E710B548B149B143688B4206D38268C5
:102A50000468D21A5B1A4360A01810BD0020FCE77E
:102A60002DE9F3470546D0F8B4000E46904618B954
:102A7000002002B0BDE8F087036A002BF8D09B6805
:102A8000002BF5D098474307F2D543F69823B8F1C9
:102A9000000F18BF984605F1640705F1C8093846CC
:102AA000FFF71DFED5F8C8404C452BD054B3D4E9F0
:102AB0000023536022681A60C4E90044D5F8B4309A
:102AC00021899B69ADF806107BB1012B14D03846E3
:102AD000FFF703FEBDF8063004F1100003F5803364
:102AE000A3603368103B3360C3E7D5F8A830336088
:102AF000D5F8B4309B69E8E7D5F8BC00FFF722FCB5
:102B00003060E4E7D5F8B430D3F818A0BAF1000F7C
:102B100036D13146D5F8BC000DF10602FFF7D8FBDF
:102B200004460028D3D1D5F8BC301B8DB3B9384644
:102B3000FFF7D3FDB8F1000F9AD0D5E92D32182157
:102B400012891B6B01FB0233D5F8D02022BB212058
:102B5000002100F084FA08F1FF38A0E7D5F8A810AA
:102B6000D5F8C400FFF76DFF0446D5F8A830ADF8DE
:102B700006A033603846FFF7B0FD002CDAD0A9E795
:102B8000BAF1010FD3D13246D5F8BC000DF10601E0
:102B9000FFF708FC0446EDE71969284690476FF4F3
:102BA000FB639842D3D000283FF479AF60E720B1AF
:102BB00019B112B1C0E901220160704738B504466D
:102BC00018B938BD3C38FFF75AFD20688442F9D166
:102BD0000025D4F8B400C4E92E55FFF767FDC4F80A
:102BE000B450EEE770B505461C4699B18B4228BF3C
:102BF0000C46661C013E05D012F8013B00F8013B73
:102C0000002BF7D1A14207D9091B8A19002100F036
:102C100086FBA11B084670BD00230D4405F8013C4E
:102C2000F7E708B1F9F78CBB704710B54369044664
:102C30003BB90020E2684042537843F001035370EF
:102C400010BD98470028F4D00028B8BF4042FF28A4
:102C5000A8BFFF20E3681870ECE740B1C36858785C
:102C600010F001001EBF1878B0FA80F040097047DC
:102C7000EFF31183402383F31288BFF36F8FFEE7D6
:102C800008B5FFF7F5FF10B400F10C04C0E90344E8
:102C900010BCFDF71EBF38B50446EFF31185402385
:102CA00083F31288BFF36F8FFDF7C3FE04F10C00AE
:102CB00000F0C2F930B1294604F11400BDE83840F3
:102CC000FCF7C6BE85F31188BFF36F8F38BD402473
:102CD00008B5EFF3118384F31288BFF36F8FFEF70B
:102CE00097FAF6E790F90E308B4201D0FCF73EBE22
:102CF0000020704703460020C3E90033C3E9020007
:102D00007047D0E9003213605A600023427BC0E96B
:102D1000003322F002024273836070472DE9F843CA
:102D2000914604460D469DF8202000F10807EFF378
:102D30001186402181F31288BFF36F8F02B145687D
:102D4000D4F80880474518D0B8F1000F15D0404698
:102D5000FFF7D7FF08F1180000F0E1F90023404623
:102D6000C8F87C30C8F8109000F01DF9384631469C
:102D7000FCF76EFE0020BDE8F883A3B10820FDF744
:102D800047FA002838D00122C0F804900260016898
:102D900001F003015DB922680A43026062682060A5
:102DA0006AB960600BE04846C9F80030EFE72A686E
:102DB000032A16D80160616869B9C4E900000421DA
:102DC00004F1100000F060FA0028CFD186F31188DA
:102DD000BFF36F8FCFE70A6802F0030202430A6075
:102DE000DFE722F003020A4302602A6802F00302CE
:102DF00040EA02032B60E2E76FF00B00E6E710B554
:102E0000044630B10268930703D0446809B100F06A
:102E100072FA204610BD012307B5009300230A462D
:102E20001946FFF77BFF03B05DF804FB002307B5ED
:102E30000A4600931946FFF771FF03B05DF804FBE3
:102E40005AB18A4209D300F11003C0E90212C0E965
:102E50000000C0E90433002070476FF01500704790
:102E6000012302688B4022EA0303036022FA01F087
:102E700000F001007047704720B100228C301146ED
:102E800000F014B9704738B504460D4610220021F1
:102E900000F045FA656038BD13B501900846EFF3C0
:102EA0001184402383F31288BFF36F8F01A9FCF7CD
:102EB000D3FA84F31188BFF36F8F02B010BD10B541
:102EC000FFF7EAFF041E08DDEFF31180402383F3D0
:102ED0001288BFF36F8FFCF7CDFD204610BD70B593
:102EE0000D46EFF31186402383F31288BFF36F8FF3
:102EF000FCF70EFB044686F31188BFF36F8F38B1E1
:102F00004FF0FF324FF0FF3305F11000FCF7D8F916
:102F1000204670BD08B5A022002100F000FA08BDCF
:102F2000EFF30580003818BF012070476FF057009D
:102F30007047D0E9003213605A600023C0E90033C3
:102F4000704708B5FFF7F5FF437B23F00203437397
:102F50000023836008BD38B504460D46FCF764FCC9
:102F6000637B43F002036373E5B1A5602B689D4268
:102F700009D16B68C4E900531C606C6012E06A6898
:102F80009A42F6D01B68002BF3D094F90E2093F9E7
:102F90000E108A42F3D09142F1DD5A68C4E9003242
:102FA00014605C6038BD10B5EFF31184402383F3E7
:102FB0001288BFF36F8FFCF7F5FB84F31188BFF322
:102FC0006F8F10BD08B5EFF31181402282F3128894
:102FD000BFF36F8F83680BB1FFF7B3FF81F31188E5
:102FE000BFF36F8F08BD014610B5EFF31184402386
:102FF00083F31288BFF36F8F437B13F0280F0AD13E
:1030000083680BB1FFF79DFF4B7B084623F0040359
:103010004B73FCF7C7FB84F31188BFF36F8F10BDB0
:1030200001211838FFF7DFBF10B5FFF7CBFFBDE870
:103030001040183000F073B838B505460468002019
:10304000AC4200D138BD002CFCD02046FFF7ECFF8D
:103050002046FFF7A8FF2C680120A542F1E738B50C
:1030600004460D46FCF7AEFDB5F1FF3F08BFB4F1D5
:10307000FF3F0246204618D000204FF47A7447F6EE
:10308000FF730146C2FB0431B3F5004F71F100023A
:103090000BD36FF400429A4243F6FF728A4132BF6B
:1030A0006FF00040D80B40EA414038BD38B5EFF32F
:1030B0001185402383F31288BFF36F8F0468A04209
:1030C00012D09CB1E16722612046FFF73AFF04F17C
:1030D000180000F024F82046FCF764FB012085F37B
:1030E0001188BFF36F8F38BD0020F8E72046F6E760
:1030F00008B50246FCF704FF70B1D0E904319B1A11
:1031000061EBE272B3F1004F72F1000104DA002AC0
:10311000ACBF1846002008BD6FF00040FBE7024638
:1031200038B5EFF31185402383F31288BFF36F8F17
:103130000368CBB1FCF7E4FE04461046FCF7F2FE50
:1031400000224FF000438442C0E9042306D1FCF77B
:10315000DFFEFFF7CDFF0021FAF726F9002085F307
:103160001188BFF36F8F38BD6FF01500F7E708B512
:10317000FCF7E2FF08BDB3F1FF3F08BFB2F1FF3F2C
:1031800070B506461D46144614D01A4316D0002BBF
:1031900008DBFCF7D1FF041941EB0501C6E900414A
:1031A000304670BD6FF001031C1B4FF0FF3363EB23
:1031B0000501F3E74FF0FF342146EFE70024FBE77A
:1031C000B3F1FF3F08BFB2F1FF3FF8B5074616461F
:1031D0001C4610D054EA020311D0FCF7ADFFB042F8
:1031E0000A46A14103460AD2F31A64EB0204C7E976
:1031F00000343846F8BD4FF0FF331C46F7E7002394
:10320000FBE72DE9F041846805460E46D4B16378AA
:10321000012B22D114F8533C9A0711D5A4F1600771
:103220003846FFF701FF082E0CBF6FF003030023A1
:10323000E36114F8533CDB0602D13846FFF7B3FED6
:10324000002323700020EB68A860C3F38632164386
:1032500066F39433EB60BDE8F081022BF0D1237864
:10326000002BEDD054F8048CB8F1000FE8D004F135
:103270001400FFF754FF0023A4F114073946404619
:10328000E362FFF709FEDBE738B5EFF31185402372
:1032900083F31288BFF36F8F0468A04211D0D4E982
:1032A000003213605A6000232046C4E90033FFF760
:1032B000A8FF85F31188BFF36F8F201E18BF012070
:1032C00038BD0024F5E7043270B504460ED2EFF3A2
:1032D0001185402686F31288BFF36F8F41F00401F9
:1032E000984785F31188BFF36F8F08B9002070BD30
:1032F00040F8044BFBE720B1011F50F8040CFFF726
:10330000CABC70470A44431E914200D1704710B5B1
:1033100011F8014B914203F8014FF9D110BD02445D
:103320000346934200D1704703F8011BF9E710B53B
:103330006AB10139841810F8012B11F8013F9A4243
:1033400003D1A04201D0002AF5D1D01A10BD1046F9
:10335000FCE710B50139044632B111F8013F013ADA
:1033600000F8013B002BF7D10021FFF7D8FF2046E2
:1033700010BD0246014410B58A42134603D01C78A2
:103380000132002CF8D1181A10BDF0B5C3F137077F
:10339000044603F01F031046FFB2082BE6B232D0FA
:1033A000102B3DD06508A40845EAC17544EA817434
:1033B0008A082D1942EB5102290941EA02716D1860
:1033C00042EB1212290A41EA02616D1842EB122205
:1033D000290C41EA02416D1842EB1242AD1842F14C
:1033E0000002EC0844EA4274D10804EB8402A6EB24
:1033F0004205EDB2092D0CD90134A5F10A0541F1C0
:103400000001EDB212E0E40806F0070544EA417459
:10341000C908303554EA010200F8015BBDD1F0BDA6
:10342000240906F00F0544EA01740909092D84BF37
:10343000ED19EDB2EDE700000148006870470000AB
:10344000E8610021B274FF7F0100000065C3010143
:103450000000000000000000D434020135F001013A
:103460000000000000000000143502010000000010
:10347000F4340201A1DF010100000000A5190201DE
:1034800000000000000000003435020100000000D0
:1034900054350201F1C701010000000055D20101BD
:1034A00000000000F5BE0101000000000000000067
:1034B00074350201000000009435020109E00101A9
:1034C00000000000210202010000000000000000D6
:1034D000B4350201F4400201283B02010437020125
:1034E000020900214862002151C5010100000000CD
:1034F0000000000013410201383B0201CC360201FA
:1035000006090021F062002139CC01010000000011
:1035100000000000214102014C3B0201CC360201B7
:1035200008090021FC62002139CC010100000000E3
:10353000000000000341020100000000C436020147
:10354000040900219C62002105CA0101000000005D
:103550000000000046410201603B020120370201E9
:103560000C09002190630021F1160201EB16020103
:10357000000000002F410201B8080021F0360201CE
:103580000A09002108630021F5CD010100000000B7
:10359000000000007A41020100000000C03B02016F
:1035A0000E090021A863002139D5010100000000A7
:1035B00000000000553C0201E8070021483A0201E2
:1035C00000090021881D00214F0F020100000000AA
:1035D0000000000000000000D71102010000000000
:1035E000D711020100000000D71102010000000005
:1035F000D711020100000000D7110201BF1902011A
:10360000C319020100000000D711020100000000F0
:10361000D711020100000000D71102019C620021B5
:1036200079CA0101240800212715020100000000C9
:10363000D711020100000000D711020100000000B4
:10364000D711020100000000D711020100000000A4
:10365000D711020100000000D71102010000000094
:10366000D71102011DE50101C31902015435020100
:103670008B16020100000000D711020100000000BB
:10368000D711020100000000E5D201010000000096
:10369000D711020100000000D71102010000000054
:1036A000D711020100000000F9DF01010000000055
:1036B000D711020100000000D71102010000000034
:1036C000D7110201ADC9010105C9010175CC010184
:1036D0008D14020199140201AD140201B714020104
:1036E000C1140201EDCA0101D5140201000000005D
:1036F000711502014D150201691502016D150201D6
:1037000099150201A9C50101FD1302015F1402010F
:1037100000000000991302010000000000000000FA
:0C3720004516020165CF010137160201B9
:10373000FDE601010600000000020000000200009A
:1037400000000000000103020102040025262700FA
:103750000102040301020303010204002804000023
:10376000BE110000904200004C01000086040000E1
:10377000E80B00000001030201020303010203033E
:103780000101000207000102040100010000010123
:103790000000010001000001000100000000000025
:1037A000020B000001000B0002000A0005000900E6
:1037B0000A000800140007001E0006003200050081
:1037C0004B0004006400030096000200FA000100B0
:1037D000F40100000102030302030100F401FA00F6
:1037E000960064004B0032001E0014000A00050021
:1037F000020001000C0802170D0101020909010174
:10380000060209181803010109090303050302014F
:10381000230202240910040405050B0B040B2B1BC7
:103820001B159A9A1C021D16130501490D15050852
:10383000061B1B0F0A060601010000FEFEFEFEFE2F
:10384000FEFEFEFEFEFEFEFEFEFEFEFE16FEFEFE80
:10385000FEFEFEFEFEFEFEFE1F1FFEFE26FEFEFE1E
:10386000FEFEFEFEFEFEFEFEFEFEFEFEFEFEFE3E38
:103870003EFEFEFEFE3B3B006000BE0290062C01B9
:10388000CE05D0122804BE1190426400AE0250064C
:1038900072050813DA430001020201020400A301C9
:1038A000B103BF05EF024906A309C505F50B2512B3
:1038B0000E021C045A03B4063006600C0102030316
:1038C0000102030301020401020303002804BE11E4
:1038D000904272050813DA432C00CE01D002041086
:1038E00040002804BE1190422C00CE01D002B4004A
:1038F000EE03500B6400AE025006B400EE03500B12
:1039000001020303010204002804BE1190422804AE
:10391000BE119042010203030001020201020400F1
:1039200001030200E3A3C300010000000700000040
:103930000000000000000000000000000406080A6B
:103940000C0E10121416181C1E20222426282A2CB5
:103950002E30323436383A3C3E40424446484A4C97
:103960004E021A500000000028000000180000005D
:10397000500100005001000000000000141E000073
:1039800030110000B45F00003C730000B80BD0079A
:103990006C396C390000000070170000A00F0000A7
:1039A0003C2800003C2800000000DC05E803000083
:1039B000D41700000000000000000000000000001C
:1039C000141E00003011000060EA000060EA0000F0
:1039D00000002CA6E0A120A820A800000000000004
:1039E0000000000000003408E803280A280A00004C
:1039F00000000000000000000000000000000000C7
:103A000000000000000000000000010101010202AE
:103A10000202030303030405060708090A0B0C0D41
:103A20000E0FD8ECF0F4F8F9FAFBFCFDFEFF0001F4
:103A3000020300100200FA00000000000000000075
:103A40000338FDD870470000C5AD01010710020121
:103A5000A5AF0101F1AF0101DDB00101E50D0201EA
:103A6000590E0201ED0D02011F0E0201090E0201A5
:103A7000F30D0201000000000000000037110201F8
:103A80002911020133110201271102010000000077
:103A900000000000000000000000000017110201FB
:103AA00000000021000000000600010002000000EC
:103AB000B43A020100000001C54002010600000006
:103AC000E0FF030100000021CD40020121000000C1
:103AD000E0FF002181BF010100000000D1120201BE
:103AE000D43A0201F03A0201200000000000000078
:103AF000D88F0021D43A0201043B020145000000A6
:103B00000000000060910021D43A0201183B02013C
:103B10004700000000000000609500210DC5010174
:103B2000DDC401010000000065C60101E5C5010119
:103B30008914020185140201FFFF000000088C4176
:103B4000240800210000000001000000FFFFFFFF2B
:103B500000058C4124080021000000000000000046
:103B6000003001410100000000000000843B020120
:103B70000000D601000000000000000043640021A6
:103B80004264002100300141903B0201020000002C
:103B9000B03B020104000000A03B02010401000050
:103BA0002180000020800001258000022480000385
:103BB0002100000025000002200600012406000369
:103BC00079D4010105180201331802010800000030
:103BD00003000000DE410201F14102010442020142
:103BE000174202012A4202013D42020150420201F3
:103BF000634202014C3402014C3402019C34020144
:103C0000A4340201D4340201D4340201CD420201B1
:103C10000001000000000000647261676F6F6E2F8A
:103C20006C6962732F73636865642F7372632F739B
:103C3000636865645F68616C5F7274632E630048DB
:103C4000434920697063205458006E72665F627445
:103C50005F6863690069706330002A2A2A20426F16
:103C60006F74696E67206E524620436F6E6E656397
:103C7000742053444B2076332E322E342D3463334C
:103C8000666330643434353334202A2A2A0A002A01
:103C90002A2A205573696E67205A657068797220E8
:103CA0004F532076342E322E39392D39363733653D
:103CB00065633735393038202A2A2A0A0072302FB6
:103CC00061313A2020307825303878202072312F29
:103CD00061323A2020307825303878202072322F17
:103CE00061333A20203078253038780A0072332F3B
:103CF00061343A2020307825303878207231322FE4
:103D000069703A2020307825303878207231342F8D
:103D10006C723A20203078253038780A002078708C
:103D200073723A20203078253038780A0046617561
:103D30006C74696E6720696E737472756374696FF1
:103D40006E206164647265737320287231352F7040
:103D500063293A203078253038780A00556E68613A
:103D60006E646C6564204952516E3A2025640A00E5
:103D70002A2A2A2A2A205553414745204641554C94
:103D800054202A2A2A2A2A0A0020204469766973A4
:103D9000696F6E206279207A65726F0A0020205563
:103DA0006E616C69676E6564206D656D6F727920F8
:103DB0006163636573730A002020537461636B2031
:103DC0006F766572666C6F772028636F6E746578A6
:103DD000742061726561206E6F742076616C696415
:103DE000290A0020204E6F20636F70726F63657325
:103DF000736F7220696E737472756374696F6E731A
:103E00000A002020496C6C6567616C206C6F6164EE
:103E1000206F66204558435F52455455524E2069E5
:103E20006E746F2050430A002020496C6C656761F6
:103E30006C20757365206F6620746865204550534B
:103E4000520A002020417474656D707420746F20D4
:103E50006578656375746520756E646566696E6501
:103E60006420696E737472756374696F6E0A002AD8
:103E70002A2A2A2A20425553204641554C54202AAA
:103E80002A2A2A2A0A002020537461636B696E670C
:103E9000206572726F720A002020556E7374616320
:103EA0006B696E67206572726F720A002020507213
:103EB0006563697365206461746120627573206550
:103EC00072726F720A00202042464152204164649F
:103ED000726573733A20307825780A002020496D86
:103EE00070726563697365206461746120627573C3
:103EF000206572726F720A002020496E73747275A9
:103F00006374696F6E20627573206572726F720AD6
:103F1000002A2A2A2A2A204D5055204641554C5421
:103F2000202A2A2A2A2A0A002020537461636B69F6
:103F30006E67206572726F722028636F6E74657889
:103F4000742061726561206D696768742062652004
:103F50006E6F742076616C6964290A0020204461C8
:103F60007461204163636573732056696F6C61747B
:103F7000696F6E0A0020204D4D4641522041646415
:103F8000726573733A20307825780A002020496ED4
:103F9000737472756374696F6E20416363657373C4
:103FA0002056696F6C6174696F6E0A0052657365A3
:103FB0007276656420457863657074696F6E202839
:103FC0000053707572696F757320696E74657272D3
:103FD00075707420284952512000535053454C208D
:103FE000696E20746872656164206D6F6465206419
:103FF0006F6573206E6F7420696E646963617465A8
:10400000205053500A002A2A2A2A2A204841524482
:10401000204641554C54202A2A2A2A2A0A002020C8
:10402000427573206661756C74206F6E20766563CF
:10403000746F72207461626C6520726561640A003D
:1040400020204465627567206576656E740A0020DD
:10405000204661756C7420657363616C6174696F6F
:104060006E20287365652062656C6F77290A0041B0
:104070005243485F4558434550542077697468203F
:10408000726561736F6E2025780A0A002A2A2A2A2F
:104090002A204465627567206D6F6E69746F7220A7
:1040A000657863657074696F6E202A2A2A2A2A0A45
:1040B000002A2A2A2A2A20257320256429202A2A30
:1040C0002A2A2A0A00464C4153485F300053524185
:1040D0004D5F3000010400020000000200000000FB
:1040E00000000005000000000000000000000000CB
:1040F00000000005636C6F636B4034313030353045
:1041000030300072616E646F6D4034313030393060
:104110003030006770696F40343138633038303088
:10412000006770696F403431386330353030006D6E
:10413000626F78403431303132303030000001026B
:1041400003040506070B7561727440343130313356
:1041500030303000536F6674446576696365204380
:104160006F6E74726F6C6C6572204153534552547C
:104170003A2025732C2025640A0062745F68636905
:104180005F736463004D50534C2041535345525468
:104190003A2025732C2025640A004D50534C20579B
:1041A0006F726B0000000001010000000020303041
:1041B0003030303030303030303030300001756EDB
:1041C0007265676973746572656420257320627512
:1041D000730A0067656E65726963002573006D651B
:1041E00074616C3A20656D657267656E63793A201B
:1041F000006D6574616C3A20616C6572743A2020C0
:10420000202020006D6574616C3A206372697469C6
:1042100063616C3A2020006D6574616C3A206572B0
:10422000726F723A2020202020006D6574616C3A14
:10423000207761726E696E673A202020006D657488
:10424000616C3A206E6F746963653A20202020000B
:104250006D6574616C3A20696E666F3A202020208B
:104260002020006D6574616C3A2064656275673A60
:1042700020202020200025733A2066726565696E33
:1042800067206E6F6E2D656D70747920766972741B
:1042900071756575650D0A00756E65787065637476
:1042A0006564206275666665722068656C6420636B
:1042B0006F756E7465720D0A0072785F76710074A6
:1042C000785F7671004E53006D61696E007379738B
:1042D000776F726B710082BACAD07D8D3C96B070D8
:1042E00010273B6D906A0473904F00FFFFFFFF1F84
:1042F00000286E756C6C29002A666C6F61742A0048
:10430000FFFFFFFFFF1F00001F0000000000000074
:104310007FFE0000E40700001D40000000000000D8
:104320000000000000000000FFFFFFFF1FFF1B0058
:10433000BAABBABA10101010A0354D00FF00000043
:10434000C40900000000000000C00041000000009F
:10435000000000000C00000000FF7F0000000000D3
:10436000000000000000000000000000000000004D
:104370000000000000000000D5250001912600018A
:10438000693E0001F939000151230001A9350001FE
:1043900051230001A9350001D93200013533000154
:1043A0007D400001614000017D400001614000014D
:1043B000AD3900013D3A0001E53A00018D3A0001B6
:1043C0000D230001DD350001ED210001ED3E00016E
:1043D000ED210001ED210001ED210001ED210001A1
:1043E000ED210001413B0001B93C0001ED2100013C
:1043F000ED2100010D230001DD350001B533000181
:10440000ED3E0001ED210001B13D00011D3C000128
:10441000ED210001ED210001413B0001B93C00010B
:104420004D3D0001A53B00013D390001292500015A
:104430004D45000129250001594B0001914B000118
:10444000BD290001352A0001F133000125230001B7
:10445000F1330001252300019D2300019D2300016C
:10446000D53000013D230001B94000018800002142
:10447000A0000021C00000212801002148010021E6
:104480004541000190000021A8000021F400002116
:104490003001002150010021000000000000000058
:1044A000000000000000000000000000000000000C
:1044B00000000000000000000000000000000000FC
:1044C00000000000C98F0001000000007D7C010198
:1044D000000000000990000100000000C97C0101FB
:1044E00000000000C57C010100000000157D0101F5
:1044F00000000000E17C010100000000117D0101CD
:10450000000000002F7D010100000000F97C010186
:10451000000000000000000000000000000000009B
:10452000000000000000000000000000000000008B
:10453000000000000000000000000000000000007B
:10454000000000000000000000000000000000006B
:10455000000000000000000000000000000000005B
:10456000000000000000000000000000000000004B
:10457000000000000000000000000000000000003B
:10458000000000000000000000000000000000002B
:10459000000000000000000000000000000000001B
:1045A000000000000000000000000000000000000B
:1045B00000000000000000000000000000000000FB
:1045C00000000000000000000000000000000000EB
:1045D00000000000000000000000000000000000DB
:1045E00000000000000000000000000000000000CB
:1045F00000000000000000000000000000000000BB
:1046000000000000000000000000000000000000AA
:10461000000000000000000000000000000000009A
:10462000000000000000000000000000000000008A
:10463000000000000000000000000000000000007A
:10464000000000000000000000000000000000006A
:10465000000000000000000000000000000000005A
:10466000000000000000000000000000000000004A
:10467000000000000000000000000000000000003A
:10468000000000000000000000000000000000002A
:10469000000000000000000000000000000000001A
:1046A000000000000000000000000000000000000A
:1046B00000000000000000000000000000000000FA
:1046C00000000000000000000000000000000000EA
:1046D00000000000000000000000000000000000DA
:1046E00000000000000000000000000000000000CA
:1046F00000000000000000000000000000000000BA
:1047000000000000000000000000000000000000A9
:104710000000000000000000000000000000000099
:104720000000000000000000000000000000000089
:104730000000000000000000000000000000000079
:104740000000000000000000000000000000000069
:104750000000000000000000000000000000000059
:104760000000000000000000000000000000000049
:104770000000000000000000000000000000000039
:104780000000000000000000000000000000000029
:104790000000000000000000000000000000000019
:1047A0000000000000000000000000000000000009
:1047B00000000000000000000000000000000000F9
:1047C00000000000000000000000000000000000E9
:1047D00000000000000000000000000000000000D9
:1047E00000000000000000000000000000000000C9
:1047F00000000000000000000000000000000000B9
:1048000000000000000000000000000000000000A8
:104810000000000000000000000000000000000098
:104820000000000000000000000000000000000088
:104830000000000000000000000000000000000078
:104840000000000000000000000000000000000068
:104850000000000000000000000000000000000058
:104860000000000000000000000000000000000048
:104870000000000000000000000000000000000038
:104880000000000000000000000000000000000028
:104890000000000000000000000000000000000018
:1048A0000000000000000000000000000000000008
:1048B00000000000000000000000000000000000F8
:1048C00000000000000000000000000000000000E8
:1048D00000000000000000000000000000000000D8
:1048E00000000000000000000000000000000000C8
:1048F00000000000000000000000000000000000B8
:1049000000000000000000000000000000000000A7
:104910000000000000000000000000000000000097
:104920000000000000000000000000000000000087
:104930000000000000000000000000000000000077
:104940000000000000000000000000000000000067
:104950000000000000000000000000000000000057
:104960000000000000000000000000000000000047
:104970000000000000000000000000000000000037
:104980000000000000000000000000000000000027
:104990000000000000000000000000000000000017
:1049A0000000000000000000000000000000000007
:1049B00000000000000000000000000000000000F7
:1049C00000000000000000000000000000000000E7
:1049D00000000000000000000000000000000000D7
:1049E00000000000000000000000000000000000C7
:1049F00000000000000000000000000000000000B7
:104A000000000000000000000000000000000000A6
:104A10000000000000000000000000000000000096
:104A20000000000000000000000000000000000086
:104A30000000000000000000000000000000000076
:104A40000000000000000000000000000000000066
:104A50000000000000000000000000000000000056
:104A600000000000000000006C070021C9A7010140
:104A7000CFA70101D1A70101F7A70101D5A7010126
:104A800001A80101DBA701010BA80101E1A70101B8
:104A900017A80101EDA70101F1A70101E3A7010199
:104AA000E9A7010107A8010111A80101B40700212C
:104AB00001FF0000D7A80101E3A80101E7A8010157
:104AC000EFA80101F3A801014A3C02010000000027
:104AD0000DA901010000000045A90101000000002E
:104AE00000000000830B020101000000000007200D
:104AF000000001007435020101000000743502015C
:104B000000000000020000000000000000000000A3
:104B10000002000000000000C712020100000000B7
:104B20000000000000A000410000000000000000A4
:104B30000000000000000000000000000000000075
:104B40000000000000000000000000000000000065
:104B50000000000000000000000000000000000055
:104B60000000000000000000000000000000000045
:104B70000000000000000000000000000000000035
:104B80000000000000000000000000000000000025
:104B90000000000000000000000000000000000015
:104BA0000000000000000000000000000000000005
:104BB0000000000094350201FFFF0000FFFF00002D
:104BC0000090D003FF000000D3410201000000006C
:104BD0005DE5010100000000000000000000000091
:104BE00000000000000000000000000000000000C5
:104BF0000000000090020000F8080021F8080021E1
:104C000000000000000000000000000000000000A4
:104C100000000000D87D002100100000000000000E
:104C200000000000240900212409002100000000E8
:104C3000000000000E0000003809002138090021A2
:104C4000000000000100000048090021480900217F
:104C50000000000000000000580900215809002150
:104C60006009002160090021000000000000000030
:104C700070090021700900217809002178090021BC
:104C800000000000000000008809002188090021C0
:104C90009009002190090021070007000000000092
:104CA00000000000E03A0201B8900021000000007E
:104CB00000000000B4090021B4090021BC09002152
:104CC000BC0900210B000B000000000000000000E8
:104CD000F43A020158940021000000000000000096
:104CE000E0090021E0090021E8090021E80900218C
:104CF0000A000A000000000081C30101083B020114
:084D00002898002115E015E0E0
:00000001FF
